distance_km,road_condition,terrain_difficulty,rainfall_mm,flood_risk,landslide_risk,road_blockage,connectivity,elevation_change_m,bridge_condition,population_density,weather_severity,accessibility_score,risk_level
190.39735882944444,1,5,109.76574286706413,2,3,1,10,1269.386293057558,1,1231.062207296796,3,85.28424989618883,LOW
475.6035816729085,5,3,95.4148717652756,1,3,0,1,728.8285114955776,4,4277.98875723822,3,82.05082634549444,LOW
367.33700119664553,4,10,224.8278017942426,4,10,10,5,2183.1205905668076,4,2918.9352173289562,7,0.0,CRITICAL
301.3359496775331,9,6,129.3337215291015,3,4,1,7,1417.0932959817349,7,356.91248586344534,4,63.02445560981173,MEDIUM
82.22922701900607,8,7,26.264599208334182,2,4,0,6,1465.5606047582498,8,247.93888980631874,0,69.41783957524453,MEDIUM
82.21728756642031,4,1,84.84033920114992,1,1,1,0,427.68206728075023,3,315.0031478755767,3,93.57200459737929,LOW
33.751388023258734,1,6,125.57468565944674,2,4,2,4,1605.2348085347965,0,4709.956500234791,4,84.02506350656199,LOW
433.7571921585929,4,1,87.7549276428756,0,0,0,1,614.0297713664381,4,4250.858428519663,3,100.0,LOW
302.5519308128884,3,1,99.66167128419649,0,2,1,5,405.7818859505152,3,4226.250809673686,4,95.77218494635505,LOW
355.49592600904253,10,7,88.13277185231723,2,4,1,6,1659.4041560421767,8,4621.841643595294,4,75.69977930330498,LOW
15.189324676422212,6,1,12.449750154923834,0,2,0,6,216.82516606752833,4,2531.224397352042,1,96.21029767295104,LOW
485.1053768201872,5,10,191.12841024733277,3,10,10,2,2337.2162782342984,5,1244.2499090052866,7,0.0,CRITICAL
417.05910719620874,1,8,179.1877261060408,5,9,7,6,1802.3029414734315,0,2012.7265411502055,7,44.651399037515205,MEDIUM
110.1078597857467,10,0,196.0150495436042,1,2,0,4,222.73884154167288,9,3597.131723690216,5,69.36766062560241,MEDIUM
95.00335876751481,10,8,57.69296881008824,3,4,0,7,2036.8363635898822,10,4381.404028891113,1,68.14939898863798,MEDIUM
95.78523237744974,4,0,88.69636248374559,1,1,0,7,230.9172172803042,3,2181.1037242306265,3,100.0,LOW
155.5999102649712,6,9,185.88477808347668,5,10,8,6,1810.5961231139263,6,2681.550967356485,5,35.34481378794274,HIGH
264.75443365795775,10,9,179.8882705379764,6,10,7,5,1913.7454454345311,9,4659.597136448504,5,25.50549042331029,HIGH
218.81278422784732,6,1,151.89909280628035,1,3,0,1,437.8103071541295,5,546.4181991760512,5,84.36184594964809,LOW
149.15842439803075,4,5,105.12397500305923,3,6,5,5,1212.198146374268,2,4312.873092700878,3,63.36581901475322,MEDIUM
307.8671828875778,8,5,273.879301432407,5,7,1,10,1430.1850686402404,8,804.9443364371602,9,57.95432921100995,MEDIUM
74.04946102276071,3,0,101.93107268965313,4,2,1,8,271.0687546530833,1,2424.4681379501953,2,80.23809220448145,LOW
149.61160102493298,10,6,136.6857469311755,3,7,5,1,1544.8178709575604,8,1099.9314120286672,4,54.34685883195472,MEDIUM
186.3491124303774,2,7,203.43414928626262,4,5,0,0,1634.661648521735,2,3018.708677146115,6,71.86489882150026,LOW
230.75464218743278,3,1,162.90642926002923,3,2,2,10,419.8278670295824,2,2797.2813743242477,7,82.89624596038833,LOW
393.6621008895417,4,7,104.06579290931568,2,5,1,4,1623.1433342371756,4,1906.2367475613519,3,79.48460476765379,LOW
103.83852216838807,5,8,130.69343713695295,3,7,1,10,1805.4607848469195,5,4317.88453907717,3,64.32596491118419,MEDIUM
259.5460470147377,2,5,238.34424535605183,4,6,5,5,1269.2916929271016,2,3302.4684682374186,8,62.44142001080953,MEDIUM
298.24521158671104,1,4,83.43874664598373,3,2,2,2,925.2217008768018,0,3608.813573560099,0,94.75902916293806,LOW
27.992954296398874,3,8,42.67657193304463,1,5,1,7,2045.5275969209104,3,761.792093656266,1,77.17510435063656,LOW
305.73470169121197,4,10,93.94896054893313,3,8,2,6,2166.5427740469363,4,4416.996733098332,2,54.93776630125831,MEDIUM
89.4094412252093,3,8,254.86026464637038,6,9,9,1,1673.7619170886735,3,843.5304164638918,8,30.570370568687565,HIGH
37.20053852771336,10,0,26.696914456903997,1,0,0,6,48.27523929887256,9,1121.6969714077013,2,78.52106790753689,LOW
474.69834094039993,2,10,297.50882201173556,6,10,10,0,2006.7114575600638,1,648.9951410994333,10,0.0,CRITICAL
482.9878563719069,7,2,162.30086967829877,2,3,1,8,611.4280392834307,6,2207.3924477643895,5,83.05534445172268,LOW
405.1566873176483,9,8,295.4537231901282,6,10,8,6,1693.8054942727124,8,4439.669066444026,8,18.9721980940041,CRITICAL
155.78381574081848,3,10,281.69892662579326,5,10,9,5,2010.8239512936238,1,1269.7131228531991,8,32.12444858643238,HIGH
53.34769643316002,1,1,135.84411426327503,3,2,2,1,460.0097731447619,0,1875.0295679105366,4,89.97076171328924,LOW
343.69534812351765,1,3,59.54732238160473,1,1,0,2,939.9892743253807,1,4231.871436176356,2,95.33170879478845,LOW
222.87548440110265,0,3,49.46543296954153,2,3,1,0,642.8755254555522,0,3092.898245996857,1,94.50906583926506,LOW
65.40892624816553,3,1,71.99680916098725,0,1,2,9,430.4603864598298,2,3760.5658042949217,1,78.94024343417239,LOW
250.11257050507874,9,2,213.0397921693612,5,4,1,4,771.8143393003734,9,1077.860246686213,5,69.00949071352998,MEDIUM
22.022317952033106,8,2,81.88499841944635,2,2,1,8,892.9034105042126,8,3585.2844180295515,1,72.542412417645,LOW
455.1135990289971,10,0,102.42758088128949,1,2,1,5,333.5951723212804,9,1145.7767874224446,2,79.3524921321108,LOW
133.09609089200836,6,5,134.63364119838442,1,6,3,4,1122.4197754047602,5,4936.696771231199,6,74.73552751141833,LOW
332.9485307552211,9,7,273.9698041264369,5,6,1,2,1758.2768198894998,8,2803.831919072419,8,58.71433385681396,MEDIUM
159.29698266425842,6,2,56.81802536545383,3,1,2,4,698.964713409915,4,3481.2398976352533,1,85.65008330187064,LOW
262.43367048301633,6,4,1.5079657829409343,1,2,10,7,905.8996442907738,6,600.823904866099,1,0.0,CRITICAL
275.62158827492345,7,0,18.028923113451047,0,0,0,1,425.55541292377734,6,1260.773340407432,0,92.91101942921641,LOW
96.50295548513589,0,9,271.4299025040354,6,10,9,4,2013.7022136138005,0,707.3058912261281,7,26.554524395365505,HIGH
484.9443907434565,9,6,194.25493945300894,4,7,3,5,1680.9888273670629,9,1956.9518692058982,7,54.83479092061193,MEDIUM
388.6907475637517,9,9,81.91218579834202,1,5,1,9,2161.450503723889,7,1427.8379623849385,3,63.45857729688386,MEDIUM
470.0519760742736,7,0,53.15775030335733,1,0,0,7,322.2815773159111,7,3667.2820755565403,0,80.99489080132624,LOW
447.9395384616862,3,10,88.28002099113431,4,6,0,7,2364.176418738281,2,552.4578083444744,4,70.09865858899762,LOW
300.96048951148714,3,8,34.43907817538403,1,5,2,4,1839.0485094091107,2,3762.7762485673375,2,72.21480263721415,LOW
461.32774633644283,3,7,282.45987308533233,5,8,2,8,1652.613238900837,3,238.0670749465516,9,48.84076905382264,MEDIUM
48.80378851570015,5,6,235.26185230958006,4,4,2,3,1625.603692722372,5,1018.0690082387382,9,63.893841758087184,MEDIUM
102.01151689747687,6,9,138.7173530737622,4,6,2,8,2140.4642683217517,4,3961.9053099033686,5,71.26965611432837,LOW
27.387508010716342,5,6,259.4887815345606,4,6,2,10,1648.621662595821,4,3716.4554391283955,9,53.591131863298926,MEDIUM
166.03851372781585,0,4,74.83746128796969,2,2,2,6,1245.4133767871342,0,2386.8673084551283,3,92.14147009089395,LOW
197.3952583962936,7,4,215.13617054165806,4,2,1,5,1288.2450170221246,7,259.41374823698357,7,84.01946314155033,LOW
139.31777072807847,9,10,256.83974970412305,3,10,8,3,2350.107329422667,9,3053.3697709298035,6,18.565282228909965,CRITICAL
415.225067030205,10,4,107.03061348698178,3,2,1,1,1051.1508588308711,10,2039.5532788307512,1,74.16264424616723,LOW
181.5928967133267,6,0,227.2393336352153,4,2,1,7,83.15585010454119,5,1589.475469487869,8,75.50468178169854,LOW
144.06258229525346,5,7,88.5217047792928,1,4,10,5,1752.6902798237086,5,3205.649077764406,4,0.0,CRITICAL
273.634561163333,5,10,89.65714057770924,3,6,1,2,2145.7888583799654,3,2188.7066653866145,2,66.82032791005565,MEDIUM
74.75749136250751,4,0,32.117153566255816,2,1,0,6,141.4737840186656,2,471.1812912613614,0,92.28821841794422,LOW
402.0875054732496,5,3,132.01741395281962,2,4,10,9,719.1438882240341,5,4580.592847856598,4,0.0,CRITICAL
41.90256862148656,8,8,218.91357194922668,6,10,7,6,2037.561028675725,6,3894.680566272361,5,30.892349166397466,HIGH
493.5090336172561,9,8,282.0662416713855,5,10,9,5,2033.9822233410791,7,291.3271745398567,9,20.595730702283817,HIGH
387.26116080184545,8,4,181.13909757872884,3,3,0,1,1115.485222435029,6,2630.068712251571,5,82.15557727509308,LOW
103.36426235941533,9,3,258.9406613207217,4,4,0,7,836.490490685368,7,426.0540388641552,8,66.91692021863882,MEDIUM
7.733447976183188,7,2,246.74839478706812,4,2,0,0,736.0572300493995,5,4188.07639670184,10,85.94809893858849,LOW
408.65340708514293,9,2,52.002915892584255,1,1,2,0,703.6147251491954,8,3068.9396656493395,1,75.03544726130158,LOW
354.8943852045705,8,4,145.74522867378943,1,5,1,5,1007.8671241616937,8,870.5211765296116,4,73.57239633759838,LOW
365.8585481802887,9,9,35.077060657617444,2,7,1,4,1989.8154337428173,7,113.49930060294183,0,68.312559819115,MEDIUM
386.7788216095431,7,0,204.6459484684905,4,2,0,8,191.3971540726751,7,167.58925061063889,7,75.20012455324508,LOW
41.652102608374726,7,4,284.9699004738228,4,6,0,6,1094.566701578019,5,2541.7537056035003,9,66.90200033280217,MEDIUM
182.44053562941494,0,5,41.12683742362695,0,0,1,1,1323.834678060413,0,3674.5236585971015,2,94.63033133544546,LOW
62.35518446493921,9,6,220.16493924076238,4,6,1,6,1425.870876757721,8,612.9938521564562,4,58.14664682268753,MEDIUM
432.2361958084188,10,8,189.6714452603583,4,9,8,2,2084.3457251065215,8,1114.2074889156381,6,38.43121812412544,HIGH
313.53257277964116,4,2,175.08151110242991,3,5,1,0,441.9228590022405,2,1643.027126395966,5,68.4975375434909,MEDIUM
168.79452230206135,3,1,117.03607040650176,2,2,0,10,373.52351297688847,1,1098.2031424851534,4,77.16210184939223,LOW
36.4613833915817,1,2,106.53949432614377,2,3,0,7,609.5373415627205,0,1962.7694478089218,2,90.64774123458407,LOW
158.9362492492528,7,8,13.574756705666358,1,5,0,2,1608.4606717324716,6,2802.4788787677303,1,80.38411710954381,LOW
165.9657444032398,2,6,65.37261247560404,1,4,1,10,1382.4785938341126,2,3427.834373724133,1,84.72721905525542,LOW
366.1550582773417,3,8,4.553064686048069,1,6,2,7,1736.8549585864212,2,4819.23815921407,0,77.38062843388172,LOW
320.5909483208305,6,1,174.42513167460615,3,0,1,6,453.0181351137404,4,4654.909911719141,6,77.93612781496574,LOW
444.17030757528164,9,4,31.755970763372655,1,2,1,1,968.2052735916346,9,2854.9336043962835,0,85.01280383714541,LOW
238.7463879551649,8,3,261.9058182089148,3,6,3,0,963.0910674732306,7,3673.40878171721,9,70.10731183655815,LOW
64.19915173945935,1,1,156.94290620914956,3,0,1,6,454.96624770382425,0,4754.852301080885,5,89.36191363798943,LOW
358.05616967538253,2,8,209.90697271761252,4,10,9,0,1664.8811167481322,0,426.5250032616101,6,43.075400692919615,MEDIUM
381.58859906536424,3,8,123.25712755214894,5,5,2,5,1975.0306620721735,3,38.117451708531405,3,64.41350688879461,MEDIUM
282.83221279690065,9,5,168.1739427003146,4,5,2,10,1049.6144480413384,8,158.70082101062047,3,61.26872188957491,MEDIUM
386.62875407750766,0,10,282.79775308998916,7,10,10,9,2419.5245840396788,0,2821.1133182410895,9,0.0,CRITICAL
249.42882020037342,6,5,24.82021188710123,1,4,1,10,1465.7110970431097,4,3816.5387922596456,0,81.90607665237148,LOW
263.75275054408706,1,7,76.18133157710885,2,4,1,9,1561.222645092427,1,1841.7040042177227,3,79.67643400495535,LOW
216.63280408748207,4,5,233.9964980731633,6,6,2,7,1463.0713166314654,4,2730.743481890817,8,68.73817112413934,MEDIUM
17.582467738327118,0,0,29.621162064799755,1,0,0,6,396.5040795612692,0,2586.667929557199,2,100.0,LOW
58.406256361685706,2,3,22.698331171233256,1,1,2,3,1061.2178055018849,2,482.9067490441777,1,93.77146933675635,LOW
20.557446914933454,1,6,108.46241962621157,2,5,2,0,1533.1350684604238,0,1614.7254384780042,6,86.78734465993685,LOW
320.0231535755713,0,1,27.650387541729692,0,0,1,0,317.82201971071095,0,106.98142435968693,1,100.0,LOW
160.6062106327817,6,8,175.5235326618609,4,10,7,3,2047.2616184554863,5,562.4213871444894,4,44.77755560266429,MEDIUM
256.74249212652785,4,7,67.88257524497995,2,4,2,4,1492.1325380853718,4,4061.1725323197916,3,71.27771148936725,LOW
454.245404593416,0,7,268.7093889598117,6,8,4,6,1506.5302755087678,0,4148.773351269111,10,56.86947667914801,MEDIUM
128.3996534286931,5,6,235.050024253577,5,7,1,3,1335.5314950701818,5,4011.712137024898,8,66.23301937309435,MEDIUM
208.1395469026367,4,3,209.91156182984284,5,4,0,9,752.1231557432923,3,3636.8250183516607,4,70.12453075211336,LOW
378.9978135788091,2,1,185.08320821535057,3,2,1,0,457.2398210655153,1,3968.6311035355097,6,90.41998100574015,LOW
118.25509191835312,6,2,259.039719102439,3,3,2,10,756.728680217022,6,3358.2018829348967,8,79.45662532579892,LOW
43.10505536525253,10,5,66.91861846282706,0,4,1,9,1463.1040872003418,8,3352.46836069328,0,69.13000373497646,MEDIUM
148.42696919231517,9,4,261.9326528292683,4,5,0,6,844.2187936677512,8,3340.135369484122,8,65.56718008093907,MEDIUM
84.80453719073219,8,7,236.8476895272157,6,5,0,1,1877.184681114118,7,2575.073520494239,6,56.65528177218294,MEDIUM
465.20033790957365,8,5,224.44824791630566,6,4,4,10,1460.6614835484067,8,1823.1026949895738,8,59.72210627530323,MEDIUM
405.0195878843864,8,5,168.37670342247722,3,6,4,1,1026.9996460905195,6,3653.674378146159,6,63.00101253477008,MEDIUM
318.5348594726596,1,0,73.87324829118003,0,0,0,7,180.16056884578134,1,1500.2436077978405,2,92.84546954169616,LOW
436.3729921429203,2,3,127.0643747975689,2,4,0,9,1006.5716951496682,2,2719.08163607332,3,86.0353841328195,LOW
402.81767806506167,6,4,238.0711963616405,5,5,1,9,1105.7882727397005,4,2172.444544887228,7,70.36076056381614,LOW
97.35217914858774,4,10,9.533545307197333,1,7,4,9,2389.546971690885,2,1390.3451626975686,0,58.69982284190828,MEDIUM
446.816704252539,1,2,234.61523077912747,4,5,1,4,759.5166693949437,0,4873.702703057792,7,74.0401551563514,LOW
271.9744097482471,2,8,72.02122214626995,2,4,0,9,1848.3850565635819,1,1301.1707095570791,0,79.43554727980828,LOW
404.68287680621097,9,0,43.29276021648091,1,0,1,1,20.60902297584977,9,1553.3723879779197,1,83.41315022536659,LOW
448.5651934621292,5,5,34.710395454090644,3,1,1,4,1292.1341010322506,4,816.3216337727605,1,82.52447097778445,LOW
162.4117201110726,6,5,8.175003585244534,1,2,2,7,1024.283326529648,4,4116.673320318309,1,79.03526391159275,LOW
59.475702641199995,8,9,157.07594556643588,4,10,9,5,2101.8633587675654,7,2937.081108766902,5,33.16876474177323,HIGH
117.82790545826113,0,4,65.47796180811885,3,2,1,2,1200.205431246839,0,3069.0658897972044,3,90.1262313760322,LOW
216.41835536999687,10,4,296.82952973388944,6,6,5,7,1092.4958743509592,8,4104.601444877499,10,42.849193621519255,MEDIUM
409.9173091316341,6,9,172.33102676166172,3,10,9,8,2298.5109022808483,6,1721.169096563098,6,21.90604024617653,HIGH
431.06163871189,7,4,41.36558080680312,2,3,1,4,1027.9332500902165,7,976.2307926472668,4,84.16076243702939,LOW
8.441304612939398,2,5,206.6287622434096,4,5,2,1,1374.4137318019937,2,1000.0427663295808,7,73.30096000571235,LOW
257.81991477589503,3,7,269.3230699529176,5,8,2,1,1733.6066458709538,2,3665.772909096674,9,57.98990569661385,MEDIUM
211.6184465586456,9,1,223.5538486108843,3,3,0,6,695.715845779044,9,3074.434620767613,8,80.15253143090614,LOW
114.94336618301148,5,5,22.9319583118343,1,3,0,0,1356.6095025385525,3,1039.6310041246236,0,87.15195817155244,LOW
64.33335683017299,9,0,268.76525435779786,3,2,2,9,82.01536572969471,9,733.8763192557136,8,80.67992132517833,LOW
172.11950984479583,6,3,238.1788157579894,4,5,2,1,1077.7588532086204,5,612.2296527582442,8,70.98987124698067,LOW
471.740303436697,3,9,47.491170031684305,1,7,5,9,2133.888613222881,3,3142.7152520381583,1,69.18062038253296,MEDIUM
164.98545135027385,7,2,15.53576661984506,1,3,2,3,429.66911540319495,7,10.592038105141539,0,83.50171168645286,LOW
261.80135776296623,4,8,167.19317259429255,4,10,10,0,1928.7841528923063,4,101.41351959168321,6,0.0,CRITICAL
352.99438465311306,0,2,46.81074340199307,1,2,2,3,841.5597033373875,0,1953.8701467742155,0,94.89559043438486,LOW
184.99665317775052,3,5,250.3772857785816,5,6,3,10,1288.5209309950126,1,3459.8358227380504,10,55.777960257760554,MEDIUM
486.03213094687555,2,0,107.50039700150212,1,1,0,9,177.0098190160056,0,3478.2464887220453,4,91.51770025393982,LOW
481.41141099634507,8,5,273.8677334209726,7,7,5,4,1410.454817035308,6,2156.2901853023764,8,37.69217790509017,HIGH
129.63223643355525,7,3,169.70645164230172,3,5,2,8,991.2560041029147,7,3458.4572969568026,7,68.68632572542298,MEDIUM
251.1380104167308,0,7,54.80171527190044,3,4,0,0,1672.0910771156505,0,2610.269936104826,1,79.55119634361213,LOW
153.93476335930097,10,10,41.87966020794003,1,5,0,4,2077.1808849479503,9,4884.887769818603,1,71.17345429039102,LOW
145.99604471684646,5,8,172.94173126732616,5,9,7,1,1725.4932427615906,3,820.676467045797,5,46.67165727115113,MEDIUM
23.259038940493735,8,3,228.56508355873316,3,5,10,8,969.2419860930529,8,3007.329665850972,9,0.0,CRITICAL
306.73434532004893,6,9,234.45169432265465,5,10,9,5,2203.041082697464,6,2461.281491995508,7,19.72793070858104,CRITICAL
253.82611649828644,3,9,82.72722133238439,2,5,1,1,1939.632639020495,3,980.3870598418952,2,77.59916781226876,LOW
30.48198186874473,0,5,61.274027673650245,1,1,1,2,1183.9925385933934,0,3752.4522563871,3,99.57066259050474,LOW
142.92999979712266,1,0,5.026891347714724,0,0,1,7,38.81594262489757,0,1384.7850194606563,1,95.1438796261971,LOW
454.5916135534936,4,3,203.75974536035082,5,4,2,0,956.7309741832498,3,1914.7319972767727,8,74.66795830259665,LOW
123.58313588015135,10,6,22.970477530061693,1,2,2,2,1201.7887723000156,8,1880.4045422417748,1,80.82551152659906,LOW
76.72296168515543,4,0,126.22836052977775,2,0,2,9,23.270760609534037,2,1228.5803212078645,5,89.68269221708027,LOW
247.2791163373937,7,7,180.50464920548882,3,7,3,0,1402.172033892045,7,2159.219605175042,5,65.80928557413515,MEDIUM
492.89697478474733,5,9,281.1326834759031,7,10,8,10,2122.6597916688083,5,2371.9959458288154,10,20.02866707875627,HIGH
124.8173593981927,7,10,93.54064108673059,3,7,2,10,2208.693563850273,7,3723.6661473184445,3,59.17135367822682,MEDIUM
337.7070959659099,1,5,74.93164873395594,1,3,0,7,1148.773380671665,1,3827.6921861414153,3,85.84195919307021,LOW
382.0017095877152,2,4,196.24804628582953,2,4,10,0,1256.350505178555,2,801.1942817753937,4,0.0,CRITICAL
122.63058427623784,5,9,185.7717096160745,5,10,8,4,1896.4013973383032,3,2967.933773644385,5,26.722993450122615,HIGH
365.4670925628705,9,10,99.63293499243737,4,7,3,3,2194.6840051907,9,4482.027013414184,3,54.30820742091718,MEDIUM
187.05265069603035,2,8,278.43055065293595,5,10,7,6,2070.1559004638757,2,552.8451783339585,9,48.77582924065146,MEDIUM
317.99138614382184,5,1,253.4586982468898,4,5,0,4,413.55328141852124,4,2369.8410822253513,10,70.43713803119455,LOW
318.5972068266429,5,4,67.19476375952435,2,3,0,7,1077.346842823529,4,3754.2620808176302,3,84.20199128363126,LOW
270.20846861700545,1,5,71.74276363035695,0,3,2,10,1040.1684332847437,0,3061.341758567893,1,86.68675797967491,LOW
49.69343617693211,6,6,153.69010406612418,3,6,0,0,1595.0831934467312,4,511.9224264171532,4,65.09569275079798,MEDIUM
418.4747353166728,1,4,232.0716305192161,5,6,3,4,1011.3793885441191,0,1989.0645655013523,9,68.4270258182082,MEDIUM
163.78613216100925,5,8,13.212113816539317,2,4,10,3,2000.2575622992417,4,2541.1250961021515,0,0.0,CRITICAL
97.32666264792785,0,0,208.000546120412,5,2,0,2,126.89882127799606,0,4979.269552564202,7,84.9000171048173,LOW
25.183695069608138,2,6,194.4707692146291,6,7,5,4,1411.239375280705,2,901.2534675250274,6,60.667388668279685,MEDIUM
297.4920068781797,1,9,69.44402877389648,3,8,2,9,2193.274468182505,0,4912.294598128961,2,74.60464704784846,LOW
340.3943591119298,6,6,204.40590397240464,4,6,10,2,1686.93888352182,5,1886.987423304925,6,0.0,CRITICAL
13.210975319288796,3,3,282.0549573756248,6,4,10,7,629.8127621936344,1,1009.5992255083686,6,0.0,CRITICAL
258.4860638581441,7,8,14.035753491530556,1,4,0,2,2006.228088709452,7,2076.40431979874,1,69.8504371718984,MEDIUM
117.11540872297928,5,10,95.89561658761876,2,8,5,0,2150.3445338135552,3,3073.8356689337375,2,59.412091930314986,MEDIUM
324.3605312526777,9,4,131.45301499990657,2,3,0,8,1075.371640445536,7,1075.3519956158693,2,67.04359548943349,MEDIUM
91.31138235747076,3,3,269.77810767740687,4,5,0,8,745.046132475374,1,1464.2810256776174,9,77.64683508835938,LOW
347.0141803607207,4,6,288.678433982747,6,7,1,5,1506.7227362839951,4,4274.187043659096,10,62.28459102559313,MEDIUM
196.43399641876601,8,3,133.23457394889968,2,2,1,9,776.9014153219878,6,4995.05721372765,2,73.22114544800074,LOW
468.6813444246836,6,2,225.00852364265737,4,5,2,0,566.8074454888408,6,1597.6817305771478,8,74.734675801464,LOW
73.07286735226666,9,8,159.4983071293449,5,10,8,7,1618.9691564679679,8,752.795451710202,4,23.923012282342015,HIGH
173.82784376987797,8,10,161.33488042241297,4,10,9,1,2073.480202951906,6,3967.9223917702675,6,31.159568748069773,HIGH
61.16939301409159,6,7,83.42985451990693,4,6,2,8,1858.5390994327395,4,3006.2738795029745,3,70.31348238561135,LOW
462.7233410478886,0,0,65.08687375916385,2,0,0,7,499.13871443662316,0,511.00170544424964,1,92.03057906211683,LOW
439.28297992358563,7,6,86.40160377721234,3,5,0,2,1590.2602879348033,5,4734.389692365745,2,77.12919906409354,LOW
132.681105719002,3,8,166.89840217712378,4,10,7,4,1743.4063123867434,3,399.467146715461,5,44.52380917174752,MEDIUM
331.6921027869186,2,7,8.746555806626699,2,5,1,8,1601.2225692217962,0,3130.5284441518693,0,77.51409302758996,LOW
409.52498909960184,6,7,272.17468330692174,5,7,5,0,1769.7517274530414,5,2125.4469069089714,9,53.59522865795163,MEDIUM
279.8244017417339,2,5,46.885112864932864,1,2,10,8,1484.256778441599,1,2787.55335201728,0,0.0,CRITICAL
267.1770362862232,7,10,66.02660306141597,3,5,2,3,2227.7355853646836,6,1073.9388363441208,0,73.5123707236219,LOW
124.71688399572358,5,3,155.4828529342939,3,5,2,3,1014.7612076441874,3,3443.6708922607518,6,68.04390958616908,MEDIUM
51.08587006392011,4,7,213.03442990118378,4,7,1,3,1887.5344612993586,2,4799.001248775365,7,55.81429906012001,MEDIUM
449.12180018689673,3,2,28.71871642331919,0,0,2,9,836.7365855280021,2,2297.545111484129,1,90.37227086537385,LOW
450.7069382958486,7,8,95.30840926414865,4,6,1,8,1713.5748733856635,6,2619.561805065454,2,65.70690205726503,MEDIUM
318.3852213502676,7,1,290.60238167230716,5,4,0,5,204.01593193781147,7,1206.6602361387177,8,70.153391466156,LOW
172.81974656910683,0,1,78.70289003428371,0,0,1,10,446.04085269420756,0,4460.421238917895,1,90.59624483700489,LOW
177.85873943326715,8,6,93.91504351894406,2,4,2,7,1465.6804158476334,7,4856.160281648392,2,67.65261091579808,MEDIUM
364.34806104076847,4,9,250.94954718541004,6,10,7,3,1900.6251822755848,3,3933.621456579411,8,37.25524240441639,HIGH
449.0695786765257,3,3,15.064329507136575,1,3,1,2,742.3371959734088,1,2718.4397757774223,0,84.16149721351353,LOW
444.10778001123305,5,9,139.38395064269125,2,6,0,0,2182.5765804242733,4,4784.416154298067,6,66.33496512514517,MEDIUM
391.0383951995238,5,7,113.88502933550107,3,4,0,9,1635.1736293565668,5,777.7117762827113,3,69.0321933451426,MEDIUM
322.80566484637245,1,8,94.97602797259535,3,5,2,6,1758.6770418001283,1,2397.66939087714,3,83.52790228371703,LOW
46.64928267254917,7,6,85.70987821342936,2,3,1,3,1511.3130136809598,7,2692.652476564801,1,80.4405950907791,LOW
85.00621347683382,6,4,27.41223145812276,1,2,2,7,1126.3798779880626,6,2464.66293456436,0,85.23399378858899,LOW
449.7843233209042,0,7,94.44774880549464,2,4,1,2,1784.6978884204011,0,4014.067253021729,3,85.25658153204361,LOW
305.182384531497,4,3,12.91572081470057,1,2,1,0,678.3546478814595,4,3355.3104261716567,0,81.13127451910009,LOW
9.552540550231676,5,1,234.28915909333057,3,2,1,4,570.7586261634951,4,642.0257449321258,7,83.03367191915436,LOW
55.22841371868589,3,10,119.4683381874035,2,7,0,1,2299.7141960552094,3,1738.7920236418713,4,65.66277882845051,MEDIUM
333.43337570848763,1,5,133.17114969597347,3,6,0,2,1028.7859326513985,1,1701.9934734505628,5,76.35916919973246,LOW
7.50548400387825,3,8,268.07837593503945,4,10,10,5,1988.7228141267055,3,2832.504642036714,7,0.0,CRITICAL
84.59998545166184,0,0,197.41649515836622,1,3,2,2,191.54014066659252,0,1464.3775041129056,6,91.70144604967763,LOW
276.62322573646014,6,10,2.4177310026359367,3,7,5,2,2165.190467164819,5,595.1861300740139,0,49.39268302647982,MEDIUM
347.4881228578832,1,9,282.9524468883855,5,10,8,5,2024.0375757908173,0,3271.876501629106,7,35.18388035050202,HIGH
327.72082345378726,1,6,71.14333979331336,1,5,0,4,1373.0875386530645,0,4256.6743232897625,1,77.87664433110415,LOW
116.0133081829771,8,9,32.28425542795765,1,5,1,9,1969.1427961049544,6,4658.724396374961,1,69.72928834378303,MEDIUM
357.52871456703025,4,8,230.43845351426467,4,10,9,8,2004.0388338503128,2,4863.166304120785,6,32.864436989883686,HIGH
122.43829831091604,1,9,150.14319476001546,4,10,8,0,1862.252627182846,1,3907.77306258298,4,41.21683144832601,MEDIUM
166.07285058883753,10,8,130.13116980540528,2,6,1,2,2085.300033928729,8,707.1151171765918,2,61.84573497744046,MEDIUM
374.5132455334219,8,9,74.85092390482254,3,6,4,2,2077.4658221871714,6,4267.028002941255,2,64.02326735466752,MEDIUM
326.56828502837124,8,10,164.2414469586956,5,10,8,10,2091.4619992106564,7,2005.800766178545,3,31.168230458399947,HIGH
425.36558819461806,0,2,82.31538156077623,0,1,2,5,465.6077414658432,0,3652.2574558238944,2,91.27191070007397,LOW
330.51838168867,10,10,270.47490158612027,5,10,9,7,2295.7547660674913,9,2661.0273447545705,8,16.52464453063139,CRITICAL
286.31275865105846,2,4,64.56134391995784,1,3,2,2,1116.499721923464,2,4144.74460690743,2,90.9060034787248,LOW
51.36901007490577,3,7,265.3065451367261,5,7,2,2,1426.5128855149053,3,2133.273606870046,8,65.806847475603,MEDIUM
187.0193225144196,6,7,167.82162771820708,5,6,4,5,1521.5009570643929,6,318.35111559270365,4,58.301583589609955,MEDIUM
136.2751720024541,9,3,248.5464401685723,5,6,5,7,997.7309606107336,8,2788.5503173035295,7,64.10212620110173,MEDIUM
125.77487347264638,3,10,213.8537987582865,8,10,7,5,2024.8123138717629,1,864.7398677916891,5,32.55867807224358,HIGH
486.64022460246053,1,10,209.00853343102457,3,10,9,9,2427.544331953018,0,4827.932985441084,7,32.5521431076822,HIGH
199.5833737100464,6,0,97.30374230851672,0,0,1,2,329.08123826316677,6,2639.5456984692028,3,81.50300684407713,LOW
446.5630448126711,5,0,70.16907944166104,2,3,0,3,217.2116296816024,4,2772.2583812479297,3,86.8393192045366,LOW
317.4136198686451,2,3,63.26586830423644,0,2,1,0,773.216424485458,0,4537.25590694594,1,93.73274194777609,LOW
398.431595253116,5,5,257.1574971178766,7,5,3,7,1009.624481924447,5,3126.6803733043625,6,59.172071993918166,MEDIUM
253.80536108707008,10,7,246.12804607770602,5,10,10,3,1812.6074728759215,8,1520.6195921766387,7,0.0,CRITICAL
290.56742289004774,5,5,132.1720584036922,3,4,2,5,1071.360926984269,3,1487.5121383977219,4,77.08086318805135,LOW
248.79625844033762,4,8,39.72138404893638,0,5,2,10,1754.7709959310441,4,2512.8774630332164,0,75.31269966738478,LOW
101.64527896003203,3,8,114.67567559323751,3,6,1,2,1884.553490181402,1,4334.375062356503,2,68.76639453156103,MEDIUM
362.6137970544451,9,1,185.8030362410734,5,2,1,10,322.9963000356271,8,3975.69941027403,6,76.14178952103782,LOW
143.98231940822362,0,9,136.32094634398584,4,7,2,10,2048.5702318761005,0,4814.075524423655,4,65.69966785776435,MEDIUM
17.03640338356965,9,0,234.0567805448985,3,0,0,5,404.67141436935117,7,368.7117530324962,8,87.22476051978576,LOW
324.50878647404807,5,1,299.28684667541563,5,5,10,10,435.26896739513745,3,1348.94708413205,10,0.0,CRITICAL
92.66978630648923,1,4,57.33962653466905,1,2,1,8,1274.4886720597979,0,410.2364619904927,0,91.03218747798694,LOW
470.52699925469256,2,3,137.89524589787175,3,3,0,8,1023.7503101881708,0,3757.885177573157,4,74.27216604818562,LOW
477.19464561628075,7,3,129.29517057624662,1,4,10,9,766.5196176816971,5,712.7601088604143,4,0.0,CRITICAL
457.857873159122,9,8,91.34775982468526,3,5,1,2,1799.9810622919688,8,508.43272680805757,3,71.86041492366543,LOW
188.22855662644497,5,10,59.42865501608687,2,6,1,2,2211.6633635112635,5,2812.7443134267924,2,75.28584461754846,LOW
12.651025181789377,2,7,19.707634946897766,0,3,1,3,1713.0897264622574,2,2063.308713474601,1,83.21874024338379,LOW
464.51768848092405,6,5,266.1357951671095,5,8,4,6,1143.3978645942698,6,3578.3556804247105,10,43.469480803907516,MEDIUM
216.9511534170706,3,0,125.95460930589527,0,2,0,2,484.6245694112543,1,2440.206804584362,4,83.62595533891484,LOW
483.4941354266164,8,1,149.06865555001465,2,1,0,9,504.34211030175044,8,2132.4196337428593,4,87.6521490147474,LOW
481.9918886591802,4,5,275.0826144602747,6,6,0,7,1199.7008293705667,3,2133.2472392473846,10,61.68613015343804,MEDIUM
427.23968045634325,2,10,232.88714325478435,4,10,8,10,2322.504907745784,0,4360.663138190284,7,28.375718137860744,HIGH
150.7522015744449,1,1,39.15037923515526,1,2,1,7,397.7025052648538,0,1982.1759971051074,1,99.89981296118307,LOW
195.623375657953,10,9,169.6259902823227,4,10,7,5,2208.8978404897093,8,1673.651667570471,4,27.130410829030424,HIGH
426.3126524008442,1,4,132.67568295586773,2,3,0,3,1083.9204802758607,1,1699.2900343434194,4,89.88080206189139,LOW
161.87639255235743,2,4,239.16332177362884,6,6,3,10,820.9852517030336,2,991.0379761063025,8,65.3859338789532,MEDIUM
88.89890960961579,1,5,217.26976428358478,4,5,1,10,1088.3784337117304,1,4304.837364364207,6,71.794392783761,LOW
280.6166249168833,3,5,207.12171657332158,3,4,2,4,1432.4969865147673,1,741.687766987632,6,70.72666005507205,LOW
468.3966132095866,1,5,102.16345064396907,1,4,2,1,1281.449913178395,0,4543.967581620031,3,76.93169281646382,LOW
349.5347493541116,9,1,241.48911911977635,5,4,1,5,675.1717382569525,7,1424.503932335921,8,69.70968417253768,MEDIUM
287.18027919423565,8,9,15.717388678458367,1,6,0,2,1836.2111564303425,7,4498.139842647496,0,71.81660326025427,LOW
53.10236441653043,1,2,47.88747042965017,1,1,0,5,547.6303150429869,0,3956.19507750474,1,97.10842936075358,LOW
309.428577216089,8,5,100.68698189337351,2,4,1,4,1096.7716866197864,7,2914.11772954229,2,71.33027349895418,LOW
495.07665580161034,5,7,23.042232320784382,2,4,2,1,1676.920146114368,3,3350.6553195538095,0,74.1381316866877,LOW
74.3415875420794,0,10,70.49828326040748,2,8,3,4,2191.396415539955,0,1635.9620132163893,1,61.703224441603496,MEDIUM
261.57317792004966,3,0,249.04529489937545,3,3,10,4,78.63676703819661,2,2875.400785495035,7,0.0,CRITICAL
439.29967060433796,0,0,284.4754613370238,4,4,1,8,321.37595697977343,0,1469.0904746262183,7,76.64174486458816,LOW
371.6804657883312,5,10,91.38070673225714,3,7,5,10,2268.149182898593,4,2017.3413413134037,4,57.786130220861075,MEDIUM
350.02279179265764,3,1,79.35474119665147,1,2,0,7,337.36812564815045,2,3825.6661505939314,3,90.92732091108732,LOW
352.7296215736191,2,10,83.96779567392807,6,6,3,6,2239.885678891189,1,1227.223493412979,2,59.26323762001315,MEDIUM
182.94811985377882,2,5,83.31572620525314,4,4,0,2,1372.8691575205949,1,4195.841619029313,4,80.06215861662295,LOW
150.3279629109242,8,8,10.779054655791898,2,4,0,9,1702.6358372753293,7,1885.6554397883326,1,75.53836748507189,LOW
405.6337719618642,5,3,278.0749038993324,5,7,2,3,746.4528733508646,4,2665.528104672343,8,56.727737483635224,MEDIUM
406.0061303661945,8,2,64.10944247109852,1,1,1,5,573.0554935470576,6,4710.382832938738,3,88.2344909865474,LOW
434.2007976971513,4,7,126.00122222442148,2,4,1,2,1773.3632186005157,3,3409.4655946325056,5,77.16264806021171,LOW
457.0540735154533,1,10,2.906064822290322,1,6,0,10,2423.4612997754534,0,3231.5645230946907,0,81.01185086035554,LOW
258.1144874361642,7,9,257.38652727451716,6,10,10,8,1988.1942482208055,5,3560.9225607490953,9,0.0,CRITICAL
253.2505658701638,4,8,219.34720333647516,6,10,8,7,1748.3104309169591,2,4591.3755804152015,6,32.05026861327643,HIGH
400.1561135885537,1,10,284.026810552111,7,10,9,5,2444.7233791758385,1,1250.0834090153392,10,28.16825604335007,HIGH
326.73214573499376,3,4,234.48464375891973,3,5,0,3,1299.6824660963393,3,3070.0736169386987,7,76.10234004137935,LOW
352.47360424256317,8,8,94.11195361561957,2,6,0,6,1935.1768198308996,7,2007.9653333744247,2,60.53831671350694,MEDIUM
398.91737137087,3,1,74.36200761852709,0,2,1,10,694.9903074945904,2,69.15791311911718,2,90.5044313389256,LOW
445.5526441996953,3,2,209.31489226598788,5,4,0,2,729.983138900955,3,635.2514730664849,6,72.84017638867047,LOW
172.30760264151021,1,6,109.23383250314983,2,5,10,9,1566.7301360039125,1,1631.7095573653062,2,0.0,CRITICAL
190.9135615567723,5,6,169.86450472578497,3,6,0,7,1394.3280007717567,4,2829.3498561977594,3,66.27457541509429,MEDIUM
51.52106022123016,10,5,1.8772413079410688,1,3,10,0,1216.4837734995267,10,4408.559135714396,0,0.0,CRITICAL
291.2486697931061,1,5,18.565710504142572,4,2,2,2,1072.0678319946976,0,3957.659449825183,3,88.28123574186546,LOW
22.791425529387332,6,1,160.61038235449536,3,1,10,10,611.3750073825615,4,2771.1350253896244,5,0.0,CRITICAL
235.47101897556777,2,9,169.82149393444953,4,10,7,4,2265.5295154436,0,378.61338535826343,7,42.829605974841144,MEDIUM
273.60909418025045,2,5,225.4358833378031,3,6,10,4,1311.719066847056,2,1436.6723890709434,7,0.0,CRITICAL
146.83791980350077,4,3,39.58959588718852,2,2,2,9,771.8236542226992,2,1839.876152982297,0,82.77372817204353,LOW
297.46246398166033,2,2,153.95492512703365,2,3,0,1,477.00816268718313,0,3112.3687541671743,6,88.548220906874,LOW
20.097623719829468,1,10,58.33429332950658,4,6,5,9,2132.5781148526576,0,333.96887866940716,2,57.35534297336871,MEDIUM
23.487353430861138,9,1,27.958835868808407,1,1,2,7,327.7052104259217,7,2655.665836957362,0,82.03983986430012,LOW
412.18727752653086,8,0,123.14873821816637,1,0,2,4,306.7639420817865,7,4508.308234962089,4,86.11583825330159,LOW
183.29436749857513,1,10,49.00099442671717,1,7,4,6,2472.5187326818022,0,3530.1091515300404,2,67.05846608888731,MEDIUM
67.89495376268297,10,10,66.53459345769558,3,7,10,6,2024.1359434789908,10,3987.4132647481542,0,0.0,CRITICAL
263.51041372712814,1,4,95.26637396085053,1,3,2,4,800.511149797224,0,3411.561485311777,3,86.20838525164889,LOW
386.1468087838124,7,1,77.81652022295887,1,0,1,7,500.0909721571628,5,1040.8796697412354,1,87.87253487478564,LOW
111.83140861093737,8,1,26.27738922178392,1,1,0,8,342.03023103985765,6,561.314262129433,2,84.56420066449779,LOW
313.33078553040514,6,6,26.974873457910686,0,3,10,3,1640.2741711694784,6,4149.158458294496,1,0.0,CRITICAL
47.24699517191516,2,7,57.97482457025045,2,4,1,3,1563.6251539529085,1,3480.5671357174865,2,79.84914064304114,LOW
30.58245197846081,8,9,15.167756387861687,2,5,0,7,1944.8688002644446,6,2879.5571784936774,0,67.95342651906776,MEDIUM
268.02054262623324,2,7,187.93710590307813,5,9,8,0,1534.7553106091486,1,954.5214961915474,4,44.34204039078751,MEDIUM
272.6143851970027,4,3,86.19801495267059,0,3,2,3,672.426413634122,4,3020.6913769056496,2,90.38545701577063,LOW
320.5278012416122,8,0,83.9237903307213,1,0,2,5,290.7652371385553,7,166.29570825857732,3,91.51452518683172,LOW
364.41521019271744,2,10,99.59948827132955,4,6,3,3,2084.106801167105,0,603.0072806258576,5,70.75934273064162,LOW
488.04677933395465,6,6,198.83888226291648,4,6,5,5,1412.3155798951454,5,1566.3318475240785,6,61.53910356208323,MEDIUM
260.5686724090917,0,0,261.1901644450472,4,2,0,4,230.48602612782443,0,2224.25400428171,8,76.22018857586565,LOW
164.86345410591676,3,10,227.72607976669153,6,10,7,8,2010.2460234389873,3,611.6168341517817,8,27.760526280869726,HIGH
398.61716641050833,3,3,218.2587690675285,3,4,0,9,608.4036399105712,3,608.5015174491036,8,80.37688177181472,LOW
139.06196437472673,6,7,145.3173556802548,2,7,3,8,1660.1063443784146,6,3632.209366312341,4,60.90916909642258,MEDIUM
222.29085324928988,7,1,208.14166709022354,3,2,0,3,548.0173661145661,7,2852.8998386020935,7,80.16583226590643,LOW
43.835908764421646,0,5,165.82871041007493,4,4,1,3,1471.0712411402023,0,2673.3724840805485,5,78.77920410926414,LOW
17.54861799065147,4,5,64.87515845595867,3,4,2,7,1089.5596420784775,3,2267.6481306365745,2,81.53174904385587,LOW
481.5109652655729,6,8,62.576510322315215,3,5,1,9,1651.6294047180413,6,4882.950100659374,2,59.48583453598816,MEDIUM
418.81015965354186,3,4,88.91760206258503,3,3,2,3,826.0439534635755,3,258.5034116429401,4,74.12326068446848,LOW
349.5072320163805,3,9,273.240801290944,7,10,9,1,2018.020791456475,1,911.3296090462713,7,26.788687023489558,HIGH
207.43170748506358,3,3,164.22445211391775,2,4,1,1,911.5736836679785,1,3241.063709432174,5,85.28132797458774,LOW
90.78068843506865,5,4,220.17161310056082,4,3,10,0,1220.2766783756322,5,690.4646127176942,6,0.0,CRITICAL
82.4363361221876,6,9,103.96762794496428,4,7,0,4,2141.322441146566,5,2951.010880665777,4,68.75697960409684,MEDIUM
128.87023459147468,1,10,122.31473119956758,2,8,4,5,2104.1803945374286,1,2843.128515150589,3,57.55783176980182,MEDIUM
276.8671990295296,4,4,37.66967359117541,1,4,0,8,1030.8851831981394,3,4855.315866361813,1,82.8296747412522,LOW
358.7249817365309,3,7,51.38848734650111,1,3,1,4,1855.1731731543277,2,4418.098570374622,3,91.04323606724279,LOW
331.797701475277,2,9,248.20696644784366,7,10,7,5,1963.3705312386855,0,4728.311185399589,7,35.23646862281038,HIGH
143.5672789882417,6,7,175.45158950666462,4,6,0,5,1649.3651825459658,6,576.8758236751582,5,68.74399538551418,MEDIUM
477.6583139282811,10,1,101.25973976514567,1,0,0,2,679.2826673218483,10,4342.060701898402,4,82.96183525896052,LOW
370.2589737644054,5,6,240.85536269866378,6,7,5,3,1567.354002786849,4,654.1624020242467,6,53.112738782707844,MEDIUM
279.4052559931433,6,7,73.9559716913949,1,4,0,0,1773.8701928208461,6,3168.331570934505,1,85.40976677017105,LOW
307.80176938600437,4,10,292.80980958006114,7,10,7,3,2126.1670022066137,2,3603.1900217832313,8,31.39838085925011,HIGH
212.70203090175602,5,5,103.44528232385093,2,3,1,0,1207.349059152564,3,812.6589557649364,4,79.4059876927347,LOW
127.62683980307294,4,4,101.19328624536827,3,2,1,4,841.1710815483608,4,3166.970285888403,2,80.4725532611479,LOW
181.20647593237447,6,10,93.57357166101157,5,7,1,10,2303.262933525267,6,271.77785963085034,3,60.15343744976792,MEDIUM
380.1338246798627,1,8,36.63345477728638,1,5,2,10,1651.865082271247,0,1473.3977678567226,1,76.00192892837418,LOW
12.124776871729155,10,2,33.341144199603725,0,1,1,7,817.9547911029774,10,4606.580884731242,0,81.8502562467654,LOW
62.45595705092354,4,9,194.431510360237,4,7,3,7,2207.2768935099984,3,866.9385028803272,4,59.41088181699492,MEDIUM
27.77130780076761,5,3,262.5354133674141,4,5,2,4,866.8025505611547,5,335.6972623271342,8,67.44961004177188,MEDIUM
25.160757147890216,5,8,237.15615308150205,5,10,8,9,1670.5830165985149,4,2223.9542162807425,7,36.16358465143665,HIGH
428.45298908544856,4,5,42.33227820640533,1,4,1,1,1012.7894915975841,4,4254.584860551085,1,83.8192958363164,LOW
353.3106403931117,9,7,163.67463653761993,5,6,5,5,1798.3543337712863,9,392.5951860217669,5,61.82229387828242,MEDIUM
239.71604539822596,6,6,31.677463792992,3,3,2,0,1500.0702416067134,4,1784.1214724997385,0,80.23996230569485,LOW
53.427909522245734,9,10,13.588393083923233,3,7,3,6,2355.464818373942,8,4499.876424451038,0,51.288336187243644,MEDIUM
248.349858182832,7,1,196.91575781543017,5,1,0,10,351.9035628681838,5,599.5961942228271,6,78.40093752404132,LOW
239.36852653638002,6,2,160.5457001041051,3,3,1,3,654.7413689219572,6,1560.2358445006137,4,73.39885167290514,LOW
90.73492560545752,4,0,24.607105563441255,1,0,2,4,373.5870852698252,2,3894.3188515631623,0,94.47374998730719,LOW
219.75656637279664,0,8,10.481773921796533,2,5,1,5,1831.2816541568998,0,2720.622825822634,0,86.18229968154907,LOW
202.25984352669985,4,6,296.9269240228004,6,7,0,10,1500.6921113843655,4,4163.34237176158,10,53.76172306428904,MEDIUM
309.84579853584717,9,0,9.006399644721563,0,0,2,0,394.86413090398116,9,566.861011313504,1,85.87498457034908,LOW
319.37135717948365,1,2,133.3584759150479,2,4,1,8,507.6103226331894,0,4603.565315184816,5,72.9174993084526,LOW
27.425484837162035,4,3,151.38570738230868,1,3,1,9,632.9644446787412,3,4675.209854630892,6,87.49181146961027,LOW
190.43324424010325,4,3,35.18404434013351,1,0,1,3,865.9117554054026,3,785.0119705320647,0,89.81293809237079,LOW
314.800658278547,1,4,50.71853353191488,2,3,0,7,831.0628853600479,0,179.03856738968273,1,85.87580789521273,LOW
254.05244799714342,4,2,105.54150192310576,2,3,2,4,783.2786471833766,4,4949.308495958288,2,79.24615476614751,LOW
428.9624713882195,3,2,228.5027628640988,3,6,1,10,759.6057238168944,1,2416.435445589098,7,69.64387300665221,MEDIUM
331.0533476513778,0,0,152.12472721808,2,2,1,7,440.85633573264846,0,2864.6562661368025,4,91.53683474945166,LOW
85.6525414053077,2,6,191.37056236588847,4,4,2,0,1519.7810490169802,2,3083.3646209962158,5,81.57225690731597,LOW
39.931529963212775,0,10,295.5523665272024,6,10,7,7,2033.598785376187,0,3950.4456292747086,9,32.838280085924794,HIGH
322.99754271212623,10,9,230.4016305939629,6,10,7,10,1926.5760627448087,10,4061.81996553913,5,23.606928401323017,HIGH
18.123098718102796,4,0,130.30844944236532,2,0,0,10,403.9659222813596,4,977.6868693556717,3,85.28941219272149,LOW
294.9589127303643,3,1,133.9325765389646,1,0,0,3,283.5662086567939,3,1190.8173357612977,4,93.1485561404047,LOW
470.41396950535403,6,3,185.6316231123015,4,5,0,1,949.2402339074437,6,4385.396814442396,6,71.67278867546044,LOW
289.85971804856007,4,3,199.6095625256713,5,3,1,10,990.129665460239,2,4099.392847705427,7,83.21540662805339,LOW
197.14411347222836,9,4,150.21327775100139,3,5,1,5,965.0558989276205,7,3091.9207139542373,4,74.52050271913728,LOW
323.4276681289648,3,10,193.45836684449398,5,10,8,1,2161.1487367014543,1,4973.548804033,6,30.329471956707977,HIGH
231.83518079330074,1,1,7.059748324229631,1,2,2,4,478.9013406045734,0,3678.567878321105,1,93.02664732255182,LOW
275.08031071138777,3,3,128.88685916905322,1,4,0,1,1030.643166377382,1,1087.0254729699418,4,82.28691213030976,LOW
471.02508034437994,1,0,83.68142282204303,2,0,2,2,111.95310095674027,0,4234.753881020065,2,97.17984570296238,LOW
196.12080571138324,7,1,38.75233357293312,0,0,0,10,670.6290980212013,6,2079.5158554869986,0,91.8757681194817,LOW
480.78932909283753,2,0,29.86395384263254,0,2,0,5,299.5593424100541,2,190.40177610103302,1,96.33416317685993,LOW
453.14856776825155,8,9,180.95764968440025,5,10,9,0,2296.063235676138,8,1613.8921762802365,4,25.097506254372476,HIGH
101.91661172070174,3,9,157.08016414578353,2,9,8,5,1844.8068619976614,3,3820.1206579563327,4,40.88881670036706,MEDIUM
39.3338439332069,5,3,76.07523509891075,2,4,2,2,663.2810682533795,4,4801.428973860501,2,82.94640752593509,LOW
54.88511068182619,9,3,141.28501763175436,3,4,10,6,1013.3209018567413,7,1387.9207173529373,2,0.0,CRITICAL
14.019803697517116,4,6,147.6696945547225,2,6,4,1,1632.3779478019246,2,1240.116458804478,4,67.66692518438177,MEDIUM
51.749265574184555,9,9,58.50269413158474,3,6,1,5,2022.729344185467,7,2822.4467621355175,2,62.45334144541291,MEDIUM
343.08835284109665,0,10,195.6279185644952,4,10,7,7,2357.0355880711677,0,4060.3026593156096,6,39.285372702698915,HIGH
40.23838098781335,8,10,234.27580691582713,6,10,7,0,2433.778643722769,7,3735.1631539831237,6,25.134909069027685,HIGH
162.89293699541184,0,8,237.4390622668557,5,10,8,10,1621.5638941094144,0,2804.1949237884546,7,32.64334332819507,HIGH
423.21327892988,7,8,180.7409492110365,5,10,7,10,1886.9752114966293,7,3160.6345112562476,6,27.702310196330544,HIGH
16.519608189233804,8,4,153.49157475570422,4,5,1,8,1226.7403332632448,7,1218.0737970584566,6,68.33779213779016,MEDIUM
408.1618988815232,8,9,18.302142901618467,2,6,10,4,1999.0774722923875,7,2168.5455823667194,0,0.0,CRITICAL
144.51811351283297,0,0,86.34938965548176,1,1,0,4,151.19180305621344,0,1284.2744763362966,0,90.3409364808322,LOW
63.49158967271985,1,0,27.98143403345097,0,0,2,4,397.8533425474188,1,4423.245694474742,1,92.10267275430148,LOW
349.88489685525457,0,5,289.1469482635421,5,8,0,5,1167.893291751418,0,571.6469917539237,9,63.60317766949143,MEDIUM
316.32670915604257,9,1,40.52404386772821,1,1,2,1,201.5871490922516,9,3401.90538370329,0,79.90191888376111,LOW
439.3486466958912,1,7,45.532622955330616,2,3,2,5,1879.7862938145329,0,1308.8131538534672,0,83.79822814535893,LOW
368.8601666829235,9,8,266.87298549914766,6,10,7,10,1896.0616181755092,8,2383.1312744951474,8,20.42956774804405,HIGH
402.72306054050006,7,3,283.1784850429374,4,5,2,3,1009.7589593550356,6,1504.0697734306975,8,57.97839390185111,MEDIUM
144.60711342279671,4,4,229.74871177047297,4,4,2,7,1212.6507811713573,2,1622.9941321267636,7,59.71754060652737,MEDIUM
92.8325741709628,10,10,1.621477101800961,1,7,3,10,2033.2052101863665,8,1309.3611379189997,1,58.00085871744684,MEDIUM
376.55430206222485,6,7,0.40388128696910996,2,4,2,8,1485.4300996932325,6,3766.4366767652386,0,69.41516835999948,MEDIUM
404.3831959372957,1,2,113.43023093623523,1,3,0,8,555.5603403798236,0,1834.922127323445,5,84.20832517142419,LOW
495.3000452903333,7,4,43.01861100326776,1,3,2,7,960.3496425206614,5,3634.5215183932723,1,76.10779388011629,LOW
209.2457500711561,10,2,5.515842645479186,0,1,1,2,729.3930588404564,9,2285.7889512190236,0,82.9425366983803,LOW
189.14895246742768,5,9,139.2200068213514,2,5,1,9,2111.5664603763425,4,2740.7577500804337,4,64.8000058629482,MEDIUM
389.32441556728844,7,2,282.9185692220915,6,5,2,10,647.2948890049068,7,2721.0045038103017,8,69.19182027304966,MEDIUM
173.69775242524383,0,2,97.14587247072942,1,1,1,10,505.63186615438394,0,4879.501875924508,3,92.33048998439081,LOW
465.7248761737645,0,6,198.34220352860896,5,6,4,3,1390.9917348451518,0,1841.6416539976465,7,70.45685951396153,LOW
429.91431216229086,6,6,195.6706059397322,2,5,2,0,1471.7969842325847,6,1046.343636034012,4,75.16104210189421,LOW
217.35204355063408,7,6,75.32403109955033,2,4,0,8,1433.992683051971,7,4559.841782429345,5,82.67735005040664,LOW
376.6811785567912,2,9,195.1275746471593,4,10,8,4,1863.6462665475392,1,882.4480536847104,4,40.830502259909466,MEDIUM
378.4987226719178,4,7,63.70019228606738,2,4,1,5,1724.7552467509618,3,4173.77000076328,1,79.90693877149891,LOW
56.046315073786644,0,4,36.602224073066715,0,3,1,2,836.5258884053303,0,759.5723283799597,0,90.50098463827088,LOW
451.7636888063855,6,4,210.41498566790702,4,4,1,10,989.0973415405401,6,3297.0344277947574,6,71.16630954157118,LOW
255.0999243616893,4,3,34.03224513117502,3,3,0,9,955.0146738376145,3,761.198658190035,0,78.99928577657299,LOW
414.0964457233321,7,6,299.0727655768066,6,6,10,7,1210.0117672598533,5,4616.198238004753,9,0.0,CRITICAL
163.4245525101528,7,9,55.035720345068796,2,5,0,6,2084.991409522658,7,2829.391330437628,2,80.25782990091315,LOW
448.2839981056192,8,3,178.24255882693726,2,3,2,0,767.2604870716486,7,1653.0764573090369,5,74.3933469238954,LOW
197.65483097341075,6,1,123.41237142377682,1,1,1,9,204.41592171136722,4,710.2106470683386,4,86.04214882456219,LOW
10.364637482747689,10,3,37.91592672170013,1,2,1,4,695.1916355304859,8,1862.2492583685098,0,81.39627256956926,LOW
453.1640783275355,0,7,8.353172273224018,1,3,1,9,1870.4730966353272,0,3528.0499739953702,0,90.0465120330876,LOW
50.18690500913611,2,8,186.81968468784999,5,10,8,8,1860.5744527525453,0,1930.9049108034503,5,32.56751322797322,HIGH
163.06025060725537,7,2,242.02726913673783,4,5,0,10,898.6136023145659,7,1238.0097391162658,7,70.374602300217,LOW
475.28067369014843,2,6,252.6046984520232,8,7,2,5,1462.4083751823705,2,2891.273146986148,8,61.68591633066351,MEDIUM
475.55053773409026,7,8,144.81404192308034,3,6,2,7,1871.968206145134,5,2094.9310456572266,4,55.5000235839927,MEDIUM
288.8517546210266,0,10,233.23664015471567,5,10,10,9,2195.9215064664263,0,837.3731177911586,7,0.0,CRITICAL
317.75942002405066,4,3,201.85414004656343,2,4,1,0,755.0202093657072,3,778.4000714845095,5,80.26276605966021,LOW
226.98053337926828,3,9,217.27635824973996,3,10,7,9,1925.7727765664724,1,3540.235331207055,8,52.47681929561239,MEDIUM
150.13933199054193,4,2,147.77970156654422,3,3,1,10,571.7103080653369,4,4873.61275862612,5,82.375825329559,LOW
167.6889499581084,7,4,190.02352207263812,4,4,2,6,1029.925540450216,6,1173.1394136016613,6,70.86355627992242,LOW
337.89663575813404,9,0,241.6577740728171,3,2,2,2,95.99597511539504,8,3868.0115181491346,7,68.26092412190485,MEDIUM
377.42539207165163,3,2,119.36525266710692,2,3,0,8,512.4375459028479,3,447.15744522782137,3,94.02227438458385,LOW
396.831626644295,10,7,241.79367026027512,4,9,9,5,1535.7723843342196,8,1914.0638360703865,9,19.78856137177982,CRITICAL
395.86098068330415,3,10,177.60505283671887,4,10,7,4,2224.6299459654197,2,2538.3738825132023,6,38.04385619218118,HIGH
50.147021009101735,2,7,49.770307311235875,1,5,1,7,1726.4066834071216,1,1351.0472569959438,2,85.72860515845208,LOW
249.73805082777784,6,3,7.405247167375384,0,2,1,7,1028.0730751431436,5,2652.59629840611,0,82.42535831609166,LOW
33.49158620823892,2,1,108.82608011974561,1,2,0,2,343.5659185935716,1,4414.245994042633,4,92.92603249094908,LOW
277.0167967502491,2,7,164.00889848890196,3,6,5,1,1491.8641701707186,0,4722.745432151417,6,75.05164924671324,LOW
223.5575981798216,10,7,251.94610566104652,6,7,10,1,1589.4237324252774,10,511.7792023215168,7,0.0,CRITICAL
444.41357046535836,9,9,38.24570404207386,0,5,1,4,2247.191538185928,9,1366.5112105811695,0,68.63170549115426,MEDIUM
178.70293121327896,4,3,240.06190430507374,4,4,1,9,604.9303641685698,4,4895.878248413447,8,73.44887251929408,LOW
62.9481731316649,4,2,258.90271382016806,3,5,2,6,738.9343080288727,3,1359.3878679071959,7,69.70827495759107,MEDIUM
75.78088261615375,5,1,45.206246100250134,0,1,2,7,438.5800232057908,3,3466.6096822057707,0,84.19242563444573,LOW
381.94776270014876,7,8,255.4782957912657,5,10,7,9,1680.52310748034,7,1274.7339324131196,9,37.54484896396723,HIGH
311.0179413415492,9,0,297.4360703528376,4,3,1,7,160.51076313723334,7,1788.2643106719809,10,69.83649853501137,MEDIUM
55.05572468078117,5,6,218.05164931447126,4,7,1,7,1312.4750219385169,5,964.4821496055183,6,65.76962109010174,MEDIUM
46.63286902692373,0,4,235.4309045474964,3,6,1,9,1238.916083945061,0,4282.937966548754,6,79.55609801207419,LOW
351.9797200722644,7,7,298.32458026766204,7,6,4,10,1640.936691972495,7,4414.4173314593245,9,49.19146799183276,MEDIUM
41.017688150275795,7,3,181.6443751577836,2,3,0,2,881.5471389362464,6,1491.5934144980035,7,76.65004713846801,LOW
411.82072934872633,8,6,92.36591460487482,2,6,0,10,1496.8438096685104,7,4119.713222611444,2,65.55525990188974,MEDIUM
354.58990244246564,8,4,251.2592502228167,5,5,1,1,1119.808562301178,8,1797.6258336845503,8,67.13075203306391,MEDIUM
45.26764641774038,1,4,184.34573325348939,4,5,0,3,1047.7778451879649,0,504.10692024683993,6,82.46049170314156,LOW
46.99466847217,1,8,174.35862711628698,3,10,9,0,1608.9367654181578,0,3792.8012224874465,5,42.51454013133541,MEDIUM
493.38659135808183,2,8,76.09066665421147,0,6,2,2,1767.361343457326,0,2986.2667820052347,4,85.4583602716422,LOW
190.26404389927956,0,8,226.90028087486598,4,10,7,10,1691.9366203604957,0,1379.1683939170443,6,48.291628332946416,MEDIUM
188.467862798111,3,5,24.500182758028878,1,4,10,8,1340.0714214558384,2,1272.4687051541166,0,0.0,CRITICAL
407.33578579246375,3,5,277.2861212383984,6,5,2,6,1028.3523256850233,1,4878.3606187067835,9,61.484824984163964,MEDIUM
473.88804580501005,8,4,97.74703823114542,2,2,1,6,1081.9016955558222,7,4313.880194056525,3,75.56763700261513,LOW
493.0705265923211,8,8,38.33239583699714,1,6,1,0,1705.3158611371505,8,4050.893663575086,0,59.742649430662254,MEDIUM
377.9222017031761,8,9,132.70995993072563,6,9,7,6,2274.4229192335306,7,648.8083661219114,2,35.06358864661091,HIGH
191.2484948378033,9,7,12.740972776959946,1,4,2,9,1567.7704710932678,9,3778.38449849882,0,75.27085021073496,LOW
46.33285476584104,6,6,205.38785827948988,5,8,0,6,1362.610595687317,4,1080.5557038043999,7,57.59227490184789,MEDIUM
389.6877233840812,1,6,270.81165313360685,4,6,3,3,1661.6923339953619,0,4887.170826609122,8,68.00269678690373,MEDIUM
281.4101036192235,9,5,251.17890214155264,4,5,0,6,1208.6739601520708,7,269.9250479316659,8,66.47616404684749,MEDIUM
214.98989457725327,4,4,38.210842034364326,2,4,2,7,1281.431167092871,4,1767.1710329656155,1,80.1522994706479,LOW
453.6454206218943,3,3,37.881341132319555,2,3,2,2,612.0851760667517,3,2148.952725485789,0,86.33656859524882,LOW
60.042753741544914,10,2,244.03034469727922,4,6,5,9,553.1722876010731,8,4122.772528695649,7,55.63397563695343,MEDIUM
248.8494266239753,7,2,277.2762823809348,3,5,1,1,733.0964801332156,5,3833.4518618401903,9,71.88432431677772,LOW
10.620054159872439,1,5,138.20094895004675,3,3,2,6,1445.4284822638192,1,1881.2108032834822,4,79.0068511113429,LOW
236.9870177870925,5,3,149.6913350741298,3,4,2,4,728.2027965041419,3,2832.145864355624,5,80.42477669041475,LOW
32.87012146250949,4,5,95.47861241571776,2,5,1,4,1465.238795981834,4,4179.619866402574,2,80.20019970408481,LOW
63.8148685526956,1,2,268.2795354769242,4,4,0,4,697.060733249594,0,100.81596483375304,8,75.98140338586991,LOW
63.17549215466692,10,3,193.4708715877068,3,4,0,6,1000.5041215989579,10,4012.868716627116,6,64.7722527871371,MEDIUM
326.3590995474515,9,8,86.47547315021055,2,6,3,8,1798.6036521534486,9,4735.01116645679,4,58.0383526530528,MEDIUM
374.29221523638455,0,4,89.63486131627548,1,3,1,10,906.0901912834366,0,170.0019622060141,1,88.68630066478985,LOW
293.767538723094,7,6,267.36002191908074,6,7,2,7,1655.6177077238467,7,237.4491255201311,8,60.43440533317609,MEDIUM
481.27541149489826,1,9,4.0902071717464406,1,5,0,5,2266.5679342031094,1,1729.1248877744401,0,81.48879204080004,LOW
190.5609368642335,6,1,96.81797181799152,1,1,1,6,448.78757207706775,5,447.9701232006959,3,87.04413415364535,LOW
146.42748270952106,8,4,166.3070043649107,3,5,1,8,803.2475079996283,7,2401.5876406665025,6,75.03891535040022,LOW
434.95656845378284,8,8,44.46523862979739,2,6,4,10,1654.8914768352022,6,3646.2663185979955,1,64.49038665381167,MEDIUM
115.67994006712905,7,10,27.62962625987694,2,6,4,5,2286.5139801158607,5,2838.8271828087704,0,57.42558064259958,MEDIUM
481.7951570231026,10,2,244.58289932716798,6,4,1,0,411.8883511509431,10,990.1952262729742,9,64.54869103560527,MEDIUM
11.01646497145909,9,8,268.3213165945522,6,10,9,3,1798.4559619933477,7,3277.508387151485,10,23.107839354542605,HIGH
485.0900192202813,8,10,247.08192623945683,5,10,7,7,2151.6849727860063,6,3427.42385110279,8,28.807959214524885,HIGH
26.364156415535177,1,5,269.6363669212043,4,4,1,6,1357.1741377011024,1,4662.905318868223,8,74.25824440130927,LOW
446.11584128054517,5,3,165.93359131751146,2,3,2,2,627.7893364739676,4,742.5165179114747,5,82.8189933318877,LOW
266.21204899771845,3,6,243.67743629710256,5,6,2,9,1444.3656344886438,2,3464.75746289952,8,60.35538157171616,MEDIUM
496.51757407905365,3,7,115.21279151733013,2,5,1,2,1689.5571349378026,3,4558.021822077206,3,86.131071991284,LOW
41.529299544022436,4,5,199.88035844371154,4,6,0,10,1308.6455380263087,4,2512.8051250699646,6,65.7568702332877,MEDIUM
279.1578707786538,2,4,296.65065941674936,3,5,2,2,1002.5788360084705,2,1815.3804025166514,10,75.81321034943923,LOW
484.804755131454,0,5,67.71831715173823,2,4,0,0,1152.1838917147754,0,862.0399761635797,3,81.49951162411388,LOW
263.9334328642237,7,4,116.96992388732419,3,3,1,9,1141.2465168685744,7,4335.26656358389,2,83.15639854750995,LOW
316.55232587695497,4,7,144.01421319302568,5,5,0,0,1823.7845240512474,4,1977.2894104545662,4,66.69914074778588,MEDIUM
349.3956010473855,2,0,41.40464610601552,1,0,2,5,346.8088188914394,0,4625.163391905785,0,98.50303364308853,LOW
229.99782706004774,9,10,24.311583139517033,1,7,5,0,2466.051182728611,7,4240.313907672573,1,56.157022985762225,MEDIUM
315.6412496416114,6,6,248.91685989648732,6,7,2,4,1558.6317626789637,4,1889.4328604680068,8,59.22136611779922,MEDIUM
294.2355844019346,6,9,293.03831184827584,6,10,10,3,2182.309367006809,5,2873.83240164185,10,0.0,CRITICAL
451.0732151930396,0,9,121.4175191488976,1,6,5,4,1883.9515983010444,0,145.59844110666805,4,69.77295881133074,MEDIUM
27.495958269021646,8,10,26.294950858395982,2,6,5,6,2209.7698222633558,8,1323.4748003070022,0,63.19923879480086,MEDIUM
144.07677884815402,1,1,19.743528207172943,0,2,0,5,442.5276654779826,0,3554.261514360556,2,87.93900090209004,LOW
475.45368461789656,4,8,267.3954619080896,6,10,10,8,1728.1465811473038,3,3392.7756197728713,9,0.0,CRITICAL
445.6805730260036,4,0,139.14427491830398,3,2,0,5,264.2699301781439,2,1773.3136031133376,3,83.45798568906469,LOW
230.5500926289279,7,10,96.00819496871758,3,7,10,8,2145.3959721109236,7,4044.954079228188,3,0.0,CRITICAL
311.96563591176067,7,9,142.93838137181984,3,7,2,3,2143.751046402208,7,1186.8218989803568,5,65.17842112369641,MEDIUM
142.30368557566067,6,5,95.4912284077042,3,5,0,0,1235.144238351588,4,2311.7399604298353,3,73.62034452901635,LOW
98.11997406326185,6,8,146.710732592286,4,6,1,0,1829.4034771345177,4,2367.927870201395,5,63.467576867560076,MEDIUM
234.53071044529116,10,0,257.8669190753811,3,4,0,9,491.82126551640584,10,1710.6756766613853,8,76.5741301644899,LOW
179.90935287289614,5,3,177.69041131862872,1,6,3,6,796.2224242712853,3,4773.783844614584,6,70.33154286681224,LOW
293.9097753661817,5,3,208.39613184305261,3,5,10,2,781.1477162947841,5,3486.4533272403555,5,0.0,CRITICAL
43.4786452976675,10,8,109.40120287030098,4,7,0,1,1759.3021856413272,8,2700.604683283235,5,50.91836670036497,MEDIUM
487.32542979475244,8,10,221.5517635531556,5,10,9,5,2447.374610487899,7,2557.4703160093563,7,17.938891657202632,CRITICAL
493.17431851740344,5,4,199.9851254638117,4,4,1,5,1048.361913049089,5,804.8875014307717,5,71.83871222373452,LOW
350.59004843977385,1,4,35.868599325616934,0,3,1,6,1100.0072387403177,0,1867.2126163698103,3,99.86931404091295,LOW
270.3677013403396,1,5,171.79285593467537,4,4,0,4,1090.4092395011976,0,3367.138840498246,7,76.76653882470211,LOW
158.21617006173224,4,0,77.0230488929274,0,0,1,7,270.4711800024634,3,4623.605396236801,2,95.85911982237839,LOW
407.8285347549396,3,0,241.22870089007785,3,3,2,6,137.32409643424415,1,4084.1556563652744,6,76.20341361242568,LOW
343.94193041417026,10,8,127.78131254008184,4,6,0,1,1965.3184606314387,9,1508.9451217602561,3,62.14292830469097,MEDIUM
85.4953849757212,1,2,298.40524955894614,4,4,2,0,816.264174396191,0,2175.4435621927673,10,79.80103531875093,LOW
455.90895632445205,2,3,27.750131381689137,1,4,2,8,957.4053460656388,1,423.7584283568449,1,88.10287670325857,LOW
412.1559352469686,6,0,234.10435882204757,3,3,1,4,365.12208313512866,6,519.839891947548,6,80.25976507731984,LOW
475.1509570795024,7,8,202.11052006264694,3,10,8,10,1856.2373520597585,6,2356.4496311235885,7,39.717294540715976,HIGH
364.2311566522382,5,7,230.24964917721164,6,7,0,4,1756.0590281670677,3,2655.7948400173295,7,64.81050291264435,MEDIUM
308.640521988216,10,1,92.2589386471369,1,3,10,9,411.34346775408017,8,1327.4952075276008,2,0.0,CRITICAL
212.03030296385634,4,7,147.61634681472017,4,8,1,3,1725.7445767648064,4,3217.485619037847,4,55.37073384131247,MEDIUM
466.7005992602366,0,6,238.9525559171125,6,7,4,1,1329.5196050602574,0,3519.8696210448875,9,57.951055026186665,MEDIUM
433.70162530270215,7,10,69.7623994862565,0,7,3,4,2034.8785061560052,5,1502.589496743669,2,58.870443244404704,MEDIUM
27.38324170256376,2,5,67.80995903659563,2,5,0,1,1206.7366320609842,1,3794.5393812806337,0,76.31013155891132,LOW
18.051652376139742,5,0,165.3152859884797,1,2,1,6,230.88907789024498,3,1035.9685460052754,5,84.16702333107554,LOW
191.34936660463455,2,6,157.06907385895673,3,6,0,10,1328.203579094345,2,2725.8143726051135,5,74.48534799708466,LOW
406.2238987370073,6,9,84.67874112387986,3,7,1,8,2163.854759203619,6,4023.3626568752447,2,65.50936753192201,MEDIUM
493.7016840108975,6,6,89.42269515744682,2,4,0,8,1236.7752394881395,4,2689.675337555951,2,80.53748222358439,LOW
79.45636109624645,8,8,83.35354896196965,3,3,1,10,1711.3741621895942,7,4540.733965420042,1,67.64351992052427,MEDIUM
299.0947040993069,4,0,231.4536185995463,3,2,0,5,374.2823592268134,3,301.92115204443274,7,87.51309207589684,LOW
193.54097403235565,7,1,195.5702596687382,3,3,2,0,418.56213687000616,7,2945.6860890024445,6,67.7662070738409,MEDIUM
485.10762691822856,9,10,249.7251550230758,5,10,7,5,2352.6418120196563,7,2813.1597081965065,8,32.47333463782462,HIGH
421.8488669521758,9,8,292.6419084942066,5,10,10,4,1883.742938891798,7,3305.1631094279965,10,0.0,CRITICAL
419.9727088320132,7,8,142.24928888159593,3,6,5,3,2075.356374998681,7,4168.700125014735,3,53.496307184658825,MEDIUM
237.00311409851028,0,5,20.008164421634657,1,4,1,5,1298.8979163614165,0,3632.006890848591,1,84.25571117323304,LOW
210.33565365714426,4,5,14.42769312361063,3,3,1,5,1007.4344871727599,4,3953.5108495104805,1,75.37836837188368,LOW
140.3365006056996,2,3,88.69951178148574,3,3,2,5,776.4386752521671,1,1451.1954613309313,2,85.98403382447525,LOW
32.90587084220893,0,3,279.7633768057353,4,6,1,1,671.5303411023539,0,1943.6119190591335,9,72.57719824008375,LOW
433.0375762462513,3,4,156.96391649126247,3,3,1,6,1262.3168387988517,1,3137.6171004906896,5,80.12765698440765,LOW
407.3859995193884,7,2,81.53595482403875,1,1,2,3,452.0062271425402,6,2771.772744905427,2,82.85169700732833,LOW
499.86024827663465,2,0,119.75003835330587,2,0,1,8,193.85333156554373,1,4805.908336102977,4,100.0,LOW
498.33523435158315,9,0,179.57853222140125,3,3,10,9,113.04959681334608,9,942.3041546727526,3,0.0,CRITICAL
279.9386942733006,1,6,195.88489744135268,4,5,2,1,1623.3609951983667,1,1762.879078531197,3,70.07662235913514,LOW
385.6487705143527,10,0,46.17585293487151,0,2,0,4,154.28324879445847,8,2868.0486140914254,1,85.5845881293067,LOW
472.6590362918019,8,0,293.1095029635528,5,3,1,3,495.9467415713225,8,4341.139211981398,10,60.90414450769953,MEDIUM
425.57545838531865,9,2,163.43166809483665,2,1,0,8,419.3083028061254,7,4647.449138208049,5,78.56920288762524,LOW
127.43731036288284,4,9,40.70649533768379,1,5,2,3,1864.138386231283,2,1686.8212908297166,2,72.87631194544602,LOW
228.0193469784963,6,3,268.0905760038401,5,5,1,7,712.3193882145546,6,344.8712230164947,7,58.90254810143972,MEDIUM
68.93391049999002,10,3,22.391529323828642,2,2,1,7,1005.5530201000797,9,2113.882292631704,1,79.09874058673122,LOW
477.2552584930676,10,1,272.3206299532538,5,3,2,5,639.2586045320079,9,1977.7772747352003,10,59.20662051308073,MEDIUM
305.0564440531856,1,0,298.96969688669475,4,4,1,5,35.72569030471118,0,4932.570468969151,9,75.01110143505977,LOW
118.17818872421405,8,2,210.12953974695117,2,4,0,10,416.2300708811382,7,2160.995609011039,7,70.20237335155726,LOW
337.49183878089906,8,10,231.13416632219693,2,10,7,7,2372.27842855229,6,1535.5577665231149,7,38.230887959290634,HIGH
310.9734790266584,3,3,101.19085094024591,2,5,2,9,666.6760033768068,2,1833.2330989293207,3,73.61536590151277,LOW
182.29054542625605,3,2,282.47305582018015,5,4,1,8,466.4992935373196,1,1990.662140312831,10,75.87685470253936,LOW
61.21100813881637,5,7,158.9141898325103,3,5,1,4,1411.1832672472146,5,4109.486507161114,5,72.35678077111938,LOW
337.4287318184358,9,9,219.71653397926647,6,9,9,10,1824.903938791711,9,414.26431522800823,8,16.401098873009033,CRITICAL
262.5523119473777,9,0,277.23231477338385,3,4,0,0,131.83772929774457,7,1589.370173886383,7,73.66008640260215,LOW
387.29760390914146,9,1,292.5539927926525,4,4,0,0,232.50274470540316,8,4831.929274616427,10,67.56843118066254,MEDIUM
262.4809330504367,5,6,249.9613069790023,5,6,3,1,1384.4395458296378,3,773.9814989460117,9,62.60559697946532,MEDIUM
426.8298426576774,0,3,90.905252094609,2,1,2,9,1016.3875156136746,0,3715.5805944476238,2,90.1670252966602,LOW
278.19388519337036,8,7,289.9642549656247,7,7,1,9,1563.1601286607963,7,1788.4035709794691,9,49.78401321487185,MEDIUM
282.6642959100162,1,10,188.43585937307154,5,10,7,4,2363.917081289686,0,2913.109775710682,6,45.50038694714122,MEDIUM
438.9435333158808,4,2,279.192742905588,4,2,1,3,446.954982415515,2,506.74471215932147,9,75.8979554800529,LOW
204.72401877513653,8,5,202.83150774430555,3,5,0,0,1329.6875937097464,7,1538.9942200961932,5,66.26613946791747,MEDIUM
71.33753808306716,3,8,92.17168855431615,4,7,1,3,1758.3735916287176,1,2509.3160588878322,3,70.9338357329609,LOW
19.247424775102793,10,0,111.00735724284479,0,2,0,3,374.87643934851906,9,1166.1862842975333,3,84.28249508337969,LOW
378.7929415584414,2,0,165.14153313088215,2,1,1,9,68.12600702819094,0,2713.931015835229,4,84.22297469771894,LOW
312.053227919965,6,7,237.0044524679646,7,7,0,3,1848.941688882241,6,1106.5989771729544,9,56.826375509228,MEDIUM
353.51948520911566,5,2,95.39476540210048,2,2,2,0,521.2886014489683,4,3254.001757726264,3,85.97491238459403,LOW
110.41725994691082,7,4,173.9193498402576,3,4,0,8,976.5688966405883,7,4522.728157849068,6,77.65954625864552,LOW
72.50388041545104,2,0,103.68749807292046,1,3,0,2,475.09035540902084,0,436.5883003843414,2,90.88890016470587,LOW
12.199609505601554,4,4,244.73082139053216,3,6,4,3,1089.2411798654293,4,1090.9140185226709,8,71.03909694059652,LOW
178.5408416092655,9,10,140.01842813038513,4,9,8,4,2182.885759481511,7,4223.670906029046,5,36.44803585880669,HIGH
297.0092549930434,3,5,23.01684805586557,1,3,0,6,1474.801073516816,2,3161.4518923553683,0,90.41834857158192,LOW
199.1608023243675,3,7,49.81575644446091,2,2,2,5,1564.538708445016,1,402.7574965414005,1,79.45824885365616,LOW
221.5500864017459,3,2,18.331400285889686,0,0,1,4,447.4353563375899,1,2436.8870743963816,0,100.0,LOW
452.5585537744055,9,2,149.79088380429758,3,2,1,7,898.4244439297099,8,1056.6949899065617,4,75.74223052508613,LOW
177.38645617653367,7,10,31.90118920446815,3,6,0,0,2133.922460279457,5,1003.491006409648,0,68.6049103503226,MEDIUM
259.42479713410637,5,10,34.24199079288963,2,8,3,6,2425.6289243498036,4,4703.820263369013,0,54.413051432205755,MEDIUM
392.9082413068658,2,9,282.31447801151313,7,10,8,5,1882.7703974115436,0,3810.0923248997838,8,25.48307455784402,HIGH
201.28867724902872,9,8,261.79652165281664,6,10,7,10,1965.6769858886892,8,3484.190661685477,8,33.202341749489904,HIGH
312.9329166127974,4,3,135.62597904340979,2,4,2,4,862.2246972361261,4,1202.2547972185146,4,83.36556591893782,LOW
431.8700358296389,5,3,295.7415962550617,4,4,1,6,1090.4532791450647,3,601.6814308743428,10,71.25153794259224,LOW
475.0127087105328,4,6,0.05595845119893417,0,3,1,2,1476.4151780461998,2,4355.454780213897,0,88.83904856763436,LOW
77.80137305987378,5,1,184.19383688201813,3,2,2,0,212.50757594542705,3,39.33905101883014,6,78.49817350688598,LOW
463.66087445493974,7,7,184.92845321156102,4,7,3,8,1701.938994812044,6,1946.6011542680878,5,56.99213797042149,MEDIUM
248.5975650743714,6,5,137.23291676096648,4,5,2,1,1072.658228168313,4,1395.2863897770544,4,72.66781844823848,LOW
132.8309722079844,4,2,119.08439188028785,3,3,0,9,799.2704576410435,3,2856.17723974063,3,77.74535222103027,LOW
232.27219933793936,9,8,136.61494064418227,4,7,1,2,2028.2840982449495,7,1260.0370950703152,4,64.95275967419758,MEDIUM
490.11612476631115,5,4,124.48813082390414,3,3,2,7,1041.0467593973572,5,1562.9147430482567,4,80.23009496274967,LOW
248.84595652647045,3,7,219.14774324468982,4,7,5,9,1791.6107285261494,1,4251.698876416036,6,56.08608380914742,MEDIUM
167.73204709231658,8,6,40.60663049198522,2,3,10,8,1272.5553677408025,8,3019.9122287885484,2,0.0,CRITICAL
318.53342288677925,3,7,59.29176617733904,2,5,1,2,1646.039093267823,2,736.9558113735482,0,94.19590762039505,LOW
123.87208129520558,0,6,54.15546851772708,0,3,2,5,1396.9721323452923,0,3635.0930020441992,2,85.6003689039826,LOW
42.55234741378864,6,2,78.74117553637936,2,1,1,6,705.6586935265407,4,1045.2214153845932,2,83.77226850545016,LOW
68.79546234577137,6,1,157.577525634475,3,2,0,0,222.23859440158,4,2170.6946012612757,5,88.7517859026631,LOW
68.38269028409735,3,6,33.36262420146562,0,2,1,6,1576.0614191243137,2,3236.5701118280735,1,98.22077108919706,LOW
80.1918332885857,2,2,260.45078859795126,4,6,0,3,439.56464473734184,0,1366.9283919128616,9,76.20143230832952,LOW
73.71945046145802,7,2,89.2084593925417,1,3,0,4,728.2357587650824,5,1926.6930052322032,2,84.15298127470663,LOW
322.23299867759124,4,1,48.761396240612356,1,1,0,7,209.2286127699721,3,3673.4064905477126,0,91.88072949290886,LOW
95.03064177757669,9,3,202.68639287947298,4,2,1,3,1015.9440318783647,8,4690.175657587473,7,83.7971548278167,LOW
176.10530524531228,6,7,11.425890179795783,1,3,1,3,1487.3498151118906,6,2650.9328342277704,0,80.38687496080405,LOW
448.9102629034759,3,0,185.99056946224925,3,2,0,7,257.74873798849524,2,59.75514806754749,6,79.98765969710706,LOW
239.6110119301218,3,0,209.45952920294994,2,2,2,4,130.74645186380968,1,1698.934118696734,6,80.46249730789431,LOW
335.44108056790844,7,4,64.47495941601575,2,1,1,5,1161.3236010305343,6,1999.185330879217,1,77.68546911537105,LOW
90.29833624480676,7,10,12.589222033090286,2,4,1,10,2160.6755500948607,5,1702.4763638111979,0,77.50822441169589,LOW
100.18306431029204,1,4,109.09360767583487,1,3,1,4,1162.3045967941587,1,2186.981616966658,4,83.15235661565053,LOW
25.229965051907037,1,10,29.578269072580945,0,5,1,0,2142.435603417738,0,3167.0046065538145,1,84.39340286013139,LOW
88.62285622072145,2,0,34.943354902001126,0,1,0,6,376.23654546788,0,614.4288547187882,0,91.28395994820929,LOW
142.90221782081952,2,5,76.27836943345937,2,4,2,5,1015.3027481684521,1,1370.4262392488524,2,86.12846843278017,LOW
92.62018971698967,0,0,88.64037738802779,0,0,2,1,141.65566768692423,0,2543.1639492279464,1,94.73206069805629,LOW
48.90775420974253,2,4,158.99110230642617,3,5,2,10,1049.3167532201394,1,1584.7108078180756,4,68.26280239190297,MEDIUM
64.7147561947974,5,8,203.51756565090392,5,10,9,6,1622.5297909598628,4,4955.515837295443,6,24.538294945343495,HIGH
233.08549017619924,7,4,177.83128226105543,3,5,0,5,893.0170306856394,7,2162.843020517066,5,76.06521172986177,LOW
107.1351906108673,9,5,44.50810118685504,2,3,1,4,1467.2684908206015,7,4350.297776425159,1,83.28489336496436,LOW
185.31358121879737,5,7,51.62580973578793,2,4,1,7,1888.4171325900948,4,4483.584079713183,0,73.74665291402988,LOW
254.19154907315416,4,10,263.6307749378743,6,10,10,4,2369.8749736952427,2,4181.674928614526,9,0.0,CRITICAL
346.74544017153585,3,0,167.50569451923408,3,0,0,10,126.10002530845644,3,244.0222223163874,3,85.01940507743527,LOW
24.459509221343975,2,1,260.9813498693067,5,5,1,1,330.2587227179845,0,4739.256190750623,9,77.41006604335763,LOW
400.7081474599761,3,8,111.4639533959623,4,5,0,5,1922.8951788975364,1,652.4253850445529,3,72.55422394763548,LOW
315.81069279799937,6,2,184.32000222939715,3,3,2,0,458.7998082993509,6,181.67410229432957,7,77.03927683202508,LOW
45.470720814691596,0,5,157.09902481638323,3,4,0,4,1474.1546902151833,0,2077.7043434537222,4,82.1297648820971,LOW
437.42141893285475,6,4,95.73704694613878,1,3,1,5,912.4064497550922,4,981.2238234617017,3,86.53458303796921,LOW
460.8318382632475,0,10,140.9746116100786,3,10,8,6,2499.817812712722,0,929.1406830195485,3,36.11105049157745,HIGH
35.23359012815756,1,1,150.74726304807962,2,1,1,1,447.8668976512302,0,1446.2198707469913,5,82.39912782510444,LOW
142.05443583286583,3,6,60.23129242700358,3,5,2,0,1585.714994496468,2,1249.5439701818057,0,71.21461384197994,LOW
404.06963349756535,0,3,94.50311171301948,1,3,0,5,601.0920472527786,0,3427.129056729264,4,100.0,LOW
375.3885467399109,10,0,237.4229251520927,4,3,0,2,444.37320237582094,10,942.0187601139896,9,66.30812598061999,MEDIUM
96.33790458140678,10,3,274.73647183623814,4,6,1,4,735.0010223902902,9,2720.1603429343204,8,57.67674948929426,MEDIUM
108.6279150516716,10,5,107.93822806358983,2,4,10,10,1333.9683722740326,9,4932.268465256214,3,0.0,CRITICAL
188.38369088173408,8,6,92.09168466270545,3,4,1,1,1603.1776403967947,8,2167.5882805718816,3,83.76166249402209,LOW
244.83887766955556,5,6,58.55914937156476,2,4,0,0,1282.073870279501,3,3212.946812889228,0,81.19607233982993,LOW
311.0361119074965,0,6,203.54735059517438,3,6,2,0,1421.2547406646145,0,4847.164671872069,6,72.03699691642575,LOW
187.61225158703735,0,2,96.92991049990118,2,4,0,10,646.9179703259617,0,696.8186002264076,2,91.7168877762236,LOW
233.95468448590822,5,5,296.32486172975655,6,5,5,3,1156.0597326696022,3,2098.8489763723164,10,51.837963591882264,MEDIUM
374.99811437620946,3,7,97.70544061918596,3,3,0,9,1640.8779148644908,1,4252.460076974318,4,73.33257041520876,LOW
23.15818543084596,3,3,118.24081403478844,3,1,0,1,758.7728288276691,3,4662.20535689695,3,85.87419448828595,LOW
129.9562874502903,10,7,181.00025886361044,3,5,1,0,1580.3738725276046,8,3010.1679292149365,6,71.7214334077482,LOW
358.10804501285344,5,1,240.5052879573915,4,4,1,5,534.6655893513695,3,725.6688066757147,8,76.44492855542691,LOW
448.12738465516367,10,9,140.8555996036901,5,8,3,3,2116.2966341524984,9,4508.3432038987985,5,45.58419153960195,MEDIUM
258.2803338472547,6,8,126.7968101366875,4,5,0,9,1716.1328628987626,5,880.4883652928035,3,64.27037038788359,MEDIUM
268.39617520633124,8,8,298.6913500784425,7,10,8,6,2048.7414423977125,8,1770.8604631772716,10,25.756603778231295,HIGH
58.050145613189144,9,7,3.148092341983333,0,3,2,10,1831.3942728356953,9,1883.784809033686,0,78.18193198523497,LOW
226.46912157761005,4,9,268.51958665537376,5,10,7,5,2054.5416533449757,3,2241.984783964414,8,38.7974436978153,HIGH
268.64554689523646,8,9,44.74224778192123,2,6,2,4,2016.6253713478752,7,3952.9274214954385,2,67.67503933346401,MEDIUM
125.02289929919118,3,0,235.77758286267402,4,4,0,9,188.42799149205442,3,4012.700446731398,8,79.89806355601907,LOW
138.27539931994357,9,1,185.3794679538894,3,2,2,1,553.6339593332195,7,3601.0788156577896,6,80.7014104180569,LOW
191.7556607367882,1,5,102.55418564942762,1,6,0,4,1335.8330286047353,1,120.42208536369228,4,80.41686665231558,LOW
14.935242899974552,2,9,262.16248665630553,6,10,10,8,1898.0903034689893,0,2828.5770600635865,7,0.0,CRITICAL
164.42918696367326,10,4,3.8721683942975926,0,4,0,8,1135.7290156501806,9,3739.9898498481857,1,71.22189227223348,LOW
109.6667634632896,0,8,68.0071956224771,3,5,0,1,1726.21559705102,0,2228.6799479070987,1,88.27683368329886,LOW
167.11118932806775,5,4,170.0678388748608,4,6,4,6,809.2791682617628,4,4725.230866373328,5,59.818182186861776,MEDIUM
64.28225525052935,5,1,105.4626780149094,1,4,2,9,549.6043387686885,3,4120.814504182951,5,85.30563609890777,LOW
445.811003966248,0,9,183.11324859549828,4,10,8,3,2122.396801230375,0,3194.3937767792854,5,31.322980066469782,HIGH
298.8282645092541,10,3,7.233058022600048,1,1,0,2,805.4046311871707,8,321.50166657574175,1,80.54561200570005,LOW
341.15564797652235,2,8,34.93767914451376,1,4,0,10,1862.843027959753,2,3265.2077754398597,0,78.04834483192695,LOW
395.63976311063243,4,0,38.12887206553177,0,0,10,0,473.58459585287983,4,4558.7822102485725,0,0.0,CRITICAL
251.72888846988334,2,10,56.78509377480283,4,5,0,2,2297.600090452719,2,1903.4324805359477,1,63.38947108278582,MEDIUM
48.02554260327473,9,0,137.79943224016284,1,1,2,10,328.9419676682657,8,4192.281302770752,5,80.88133740480885,LOW
270.8677382001811,2,6,225.63860986307137,4,6,1,8,1231.9556604745705,2,1572.6741028822732,8,61.05229849030084,MEDIUM
295.48635342033515,9,10,271.66165137867034,6,10,8,8,2082.9972303375625,8,2854.815424821041,9,23.64700772756069,HIGH
373.99253972124336,2,2,250.61175908527383,2,4,1,6,550.4761382057941,2,3245.637847670204,6,76.3139938945268,LOW
218.6714753836913,4,9,59.066361532705066,2,6,3,2,2069.6896590140714,4,3393.1952374188854,2,60.837094133579164,MEDIUM
68.15224988380406,4,1,132.34516566918973,1,1,1,2,588.2954479916606,3,4413.921079177097,4,94.05681612219489,LOW
145.46907337036862,3,8,59.823479327560506,2,5,2,3,1760.6204388942936,2,1180.7651123613475,0,73.97662399114898,LOW
184.72573671732437,0,2,79.34154500015723,2,1,2,6,578.191215239387,0,1319.2242305919838,2,95.58182883617461,LOW
324.7290344591426,4,1,151.06409445356584,0,2,0,6,328.07544258687443,4,3523.1645566205766,6,85.39824275090953,LOW
287.53526081111136,9,7,20.43270741705676,1,3,2,1,1527.304664647653,8,894.1971242953501,0,67.3846487465171,MEDIUM
181.2678793194339,4,9,65.45229887798196,3,6,3,4,2274.431922947398,2,2326.709320770162,3,73.10363734290678,LOW
493.32504815252497,3,5,280.6134483921352,3,6,1,6,1317.728589809445,1,109.97157654530355,9,67.71401917882373,MEDIUM
304.8585355816591,5,5,139.83488779754668,4,3,1,6,1077.9506217699734,4,713.4868915806694,5,81.12615875818102,LOW
122.42726190931727,9,9,133.61595779336167,4,7,1,5,2161.12428904213,9,3397.4434612940186,4,57.79389188661021,MEDIUM
55.38232394709985,3,10,4.37014642538367,3,6,0,9,2361.0105716800144,1,3739.8334013739523,0,67.71785425926281,MEDIUM
80.66527389624436,6,6,74.21992411750374,1,5,0,9,1533.2350980268525,6,585.4419758570054,3,76.6037082516701,LOW
126.74907555033153,6,6,259.8877307946544,5,6,3,7,1267.360222545332,6,1146.2706565518731,9,51.284934535547684,MEDIUM
84.53727976348006,1,10,49.38852847760062,2,6,4,2,2203.9957417347932,0,503.533188219885,1,68.36141619871731,MEDIUM
97.35067690539636,2,5,124.53748186041632,5,4,2,0,1053.3781652472067,1,2172.730091186333,5,84.5888825672086,LOW
146.1221085034543,0,3,4.2992717601003765,1,1,1,2,1008.3102520460682,0,639.31919301572,0,94.18979780400704,LOW
90.81992967090363,7,10,143.50064450116676,4,8,3,10,2327.5860715889594,6,2192.107125662781,3,44.55498508538265,MEDIUM
448.8988851900805,8,8,6.306332017865146,1,5,2,1,1853.6019683839093,6,3663.1702964476467,0,70.06646712116928,LOW
44.715704102512895,3,5,245.88286591973997,5,6,2,1,1171.5077382502982,3,3420.1092793856533,7,65.9654044528134,MEDIUM
264.6331378372761,5,3,247.45613024613107,7,6,5,1,692.1247372472167,4,1409.4978293907077,6,59.22185046934714,MEDIUM
208.14642935988246,8,2,236.32265649071095,4,4,0,4,453.223794416554,7,3372.075120742193,8,71.55517978681911,LOW
491.27741536976015,5,3,85.00922066733546,2,3,1,0,1084.6203037684497,5,4639.283533188889,5,84.78856149013606,LOW
60.45925657318591,8,2,251.17116546654543,4,4,2,9,499.82432097801154,7,1744.1466915537285,9,80.46256137984963,LOW
201.9385215276421,3,1,162.89943978158078,3,2,2,3,229.93731336069283,2,1652.3045769510568,5,83.10620697477133,LOW
484.8878644713076,7,4,112.14243266010074,2,2,0,9,1280.8333860912483,5,2861.478870895267,3,75.21544120789062,LOW
433.4260273175202,8,1,187.5989879112699,3,1,2,4,474.47587067891357,6,1235.0540370270844,5,83.0529064663589,LOW
409.45067511989356,3,5,3.7023138181122017,0,3,2,1,1398.3283674955715,2,3261.3788506214573,0,86.59136751223632,LOW
132.66189938724523,4,2,42.888263280225644,0,2,1,4,421.88292359915926,3,4162.9862356556805,2,88.59552890379948,LOW
89.58935575808258,7,5,222.68806145107882,5,5,10,9,1283.4729287398272,7,2301.999340442174,6,0.0,CRITICAL
335.97839386259335,9,10,73.2484826148459,3,8,1,3,2199.1049820589974,7,3400.741551392628,5,56.47196469038888,MEDIUM
465.04111461815495,5,9,179.4027351986249,4,10,10,7,2185.982217174942,5,3262.9082651761464,4,0.0,CRITICAL
280.5976320418952,6,8,115.5307808469089,3,4,1,0,1619.2128228195293,5,202.94115361947166,4,79.61153386648341,LOW
287.9482812876004,2,0,256.4417336397784,5,4,1,4,200.84528428080716,2,925.2473129271242,8,82.26579965607066,LOW
143.58965136184065,6,5,285.72459179899306,4,6,2,10,1399.536709743098,5,4468.714709072468,9,59.24430726180516,MEDIUM
385.89900193000875,7,8,265.0694185110571,4,10,9,9,1861.348632319185,5,4695.071815351446,8,26.32561955883861,HIGH
97.58665553597407,9,10,81.185998408079,2,5,0,0,2275.019370499302,7,3904.393803156775,2,75.14754578726959,LOW
165.2212220201006,5,3,58.248860713824676,1,2,2,9,648.5823409829827,4,4607.028260155196,1,83.56630651186612,LOW
215.5910371151263,9,10,142.3304680862205,3,7,4,9,2066.1652780600457,7,1537.6817680836882,6,58.53262366019865,MEDIUM
256.2671374488052,8,1,2.2002452508540826,1,0,1,3,538.499802682893,7,1246.0777491774445,1,75.18582827182524,LOW
124.99281754546472,5,3,7.7428178589545205,0,2,1,7,937.52331114496,5,1927.6579359269947,0,99.1947617305278,LOW
61.844228245905754,8,0,165.9871918869,2,2,2,0,489.5516971261367,7,286.1565727667597,3,81.13523976989666,LOW
307.2569210086081,3,2,156.1348212495858,2,3,2,10,755.9764940327752,3,4051.2593790162255,5,88.11287946792442,LOW
147.8721238539266,7,9,298.374596710578,6,10,10,1,2046.6217479667237,6,4921.035670724235,10,0.0,CRITICAL
292.7129196041931,10,8,60.55255060912743,1,6,4,0,2028.6639117667764,8,4121.906169258683,2,65.15767090193101,MEDIUM
81.40954406073014,3,9,77.43117874814052,4,7,3,10,1852.236492907968,2,2779.326920914215,3,58.33614484389623,MEDIUM
243.16435041813466,1,4,34.062192697886005,0,1,2,6,1024.6479104481273,0,1483.4570327099195,2,88.30748480079407,LOW
268.631769113035,9,10,275.2629028961234,5,10,9,1,2143.5545554637847,8,996.5124638324672,10,25.22269589347124,HIGH
30.65265072710132,10,5,233.3433733375352,7,7,5,0,1052.3189034638128,8,1826.6737302653332,8,50.41289520795797,MEDIUM
171.61911770599067,8,2,246.70173343705423,5,4,10,5,781.7510423601832,7,3338.1779524455496,8,0.0,CRITICAL
71.53526508479224,4,4,270.82913638935264,6,5,5,5,1055.396015249442,2,2240.83716214871,9,61.075251422492094,MEDIUM
36.37061038402003,3,10,157.46999601775147,5,10,10,9,2278.3843599487454,2,4670.958502221585,4,0.0,CRITICAL
495.0303150330229,1,7,135.3579574352171,3,5,1,1,1605.6275939551645,1,4272.559511399005,5,73.83189715272816,LOW
164.56515326248788,0,5,99.11744209968495,1,4,1,0,1230.1686158013677,0,520.9790736548657,3,85.29454628728675,LOW
405.88785069804425,10,3,176.76438430435664,3,3,2,9,658.0086935615016,10,666.3108671896928,4,73.83784824690073,LOW
131.0471241080631,6,1,136.28351903694676,1,2,2,2,536.4589121434882,4,3384.433534647553,3,89.57262736128345,LOW
342.343847500845,5,8,135.46967598167254,2,7,2,9,1816.223679802607,3,1161.534266001968,3,68.65753333064231,MEDIUM
381.31279064539484,1,0,281.07835911934166,3,1,0,4,408.38378656479165,0,3957.2390862886386,8,84.2319412721209,LOW
299.84117660088293,7,0,295.20945428373903,5,4,1,5,98.14360007153805,5,2960.877130208502,10,70.30971916725318,LOW
238.4302133323284,10,3,238.94531679887422,6,5,2,2,702.5275467094178,9,1156.8543333894165,7,50.53057455616473,MEDIUM
208.8612525028979,3,6,227.0274270740785,5,6,2,8,1522.879785765344,1,2398.64711942815,8,65.08566117644963,MEDIUM
177.68979193878266,7,0,204.16744853373044,3,3,2,10,423.00171169869844,7,2036.3206989114965,7,74.93537066738787,LOW
465.1169264026738,6,8,49.822455700054114,2,4,1,4,1836.0989193090877,4,4367.065202355129,2,84.94981017731071,LOW
416.15660685492594,4,3,17.73174626269636,0,1,1,1,963.47693436655,4,170.49075013548085,1,98.95322910972469,LOW
482.68832077992374,9,2,207.21789453397892,3,3,1,9,899.6649607465429,8,4480.261013429282,7,78.37031625832975,LOW
66.52712562534464,9,0,218.6358666769728,2,3,2,5,495.13281986446407,8,3263.892587569919,7,77.72466814571467,LOW
366.7794002258039,7,9,14.091897329441938,2,3,1,7,2172.16842141085,6,3690.31555586641,0,83.02037315280546,LOW
469.4785261264137,8,3,278.41552506865446,4,7,2,10,969.7932448391243,8,23.01124232924234,9,63.83959535283123,MEDIUM
94.71036775200177,4,8,27.342191833403263,1,4,0,5,1723.8094435994528,3,3144.9147758457893,0,76.64542422417057,LOW
37.91565234655486,9,9,85.77016013136071,3,7,3,3,2216.769815771887,8,2946.54595691802,2,62.857589818841525,MEDIUM
371.8547213985792,4,5,201.71694383961133,4,6,1,5,1202.5510635235603,4,2690.6557263676364,5,69.27147362397642,MEDIUM
289.36419102405637,1,5,50.9617783213429,3,3,10,7,1480.9969549334114,0,3931.475614962366,2,0.0,CRITICAL
421.7052444953447,4,0,16.62476653267333,0,0,2,7,40.713844353467756,3,2783.7967710185612,1,88.1490819162871,LOW
74.1873264300133,2,9,99.34394674924494,3,7,1,9,2017.9201844363631,0,4286.914975903689,5,66.08324831783696,MEDIUM
398.65731937064567,6,1,229.79147245655372,3,3,1,1,477.9202438417493,4,1170.8311171840955,6,77.05737804539524,LOW
104.80552342363355,9,10,124.1036036955781,2,6,10,7,2202.5781035430823,8,4031.8531189687824,3,0.0,CRITICAL
86.00969171852373,4,5,195.8918765723818,4,6,2,5,1105.2895952524716,3,904.7707363957807,6,66.44027536412074,MEDIUM
86.31156997584151,7,1,173.885729168441,2,3,2,1,496.49424439125494,7,4067.45778192521,5,74.75052238565982,LOW
408.21448651453414,0,2,6.665544607674123,0,2,2,0,777.9589573125688,0,4702.912958954553,0,100.0,LOW
334.27262424461907,2,3,296.561996113712,6,5,4,5,922.4192980100981,1,1685.1137701288167,9,65.69197477882034,MEDIUM
263.91738526071407,2,10,12.428426645816327,0,5,2,6,2117.22442440402,0,2654.1327067611423,0,76.55812469355061,LOW
182.62108964113372,8,4,290.3408212945455,7,6,1,9,1165.803972184262,8,3295.061824386507,10,55.82180775601159,MEDIUM
439.2142677024886,4,8,164.95925350931944,5,9,7,4,1728.4489030222817,4,406.5636126139281,3,43.335376343169095,MEDIUM
199.26032817420452,8,3,288.94770811952,3,5,2,9,687.60118146202,7,2475.46278383856,10,66.97718987720108,MEDIUM
409.21672253843064,8,10,34.426079824150634,4,7,0,7,2345.334007719361,7,1809.3190331753513,0,55.99596205165394,MEDIUM
222.37177974225813,0,8,147.12255575565396,4,8,0,10,2021.3936230569645,0,4363.553599944027,5,67.13046709288565,MEDIUM
191.58749256532926,1,10,50.85122755981759,2,6,1,8,2240.7697238482874,0,4384.630798354548,2,74.11388368427008,LOW
234.0264939064552,4,9,15.292463106732724,2,4,0,3,2065.695896569219,4,3506.8899023407116,0,71.34773455281349,LOW
154.18204771125033,3,2,185.25873451869347,2,3,2,6,551.3737852356162,3,3282.0651282165663,5,76.02065588829431,LOW
375.0666431872443,9,7,62.335026288507436,2,5,0,7,1647.309007555016,9,3671.1054117865256,2,68.98622139703976,MEDIUM
253.8465930957772,8,0,176.30910548626377,2,2,0,5,65.9914990062036,6,1836.2746360040073,3,83.97238359853438,LOW
119.94528409767456,6,10,33.709344584695685,4,7,5,1,2477.915414841495,6,2028.551041285621,1,66.00103693847,MEDIUM
450.2894137709114,5,8,99.59594142981084,3,6,1,6,2000.1803268282981,5,2772.9865672146393,2,69.61919593005857,MEDIUM
195.02615457973965,6,8,234.48976741597414,6,9,9,8,1933.9865304110924,5,4690.760355548692,6,25.480500312826294,HIGH
274.05866625142437,0,9,131.1154565526563,3,6,1,4,2069.0971858422017,0,3622.7593718566172,3,76.07341250296132,LOW
453.7036949274507,0,1,188.32362446920092,4,1,2,1,596.0845681139822,0,2759.4363300361542,5,87.83768042518172,LOW
313.9978079774261,7,3,194.2373822236638,3,5,10,3,847.3786197929021,7,3854.3609443346054,5,0.0,CRITICAL
62.86453015064021,1,7,253.12651319618809,4,5,1,2,1549.9869540772663,0,1860.742658069741,8,80.2417661597761,LOW
470.2169011886702,9,6,97.47683832199239,2,3,0,3,1280.187117583336,9,3655.028838710409,4,74.88260274884954,LOW
315.71548627035185,10,0,206.18866877475526,5,2,1,9,323.79279440090363,10,2059.274478930675,6,69.20519087277366,MEDIUM
170.77827925525764,8,4,288.4847421138497,6,6,4,6,1264.712872513257,6,1405.5104210047807,10,53.40049688020719,MEDIUM
73.93967596837669,6,6,219.07300030736042,4,5,0,9,1276.8092767521755,4,3052.5229971362396,6,58.674687628206435,MEDIUM
398.04246868879653,5,3,146.96114301532336,1,3,2,7,690.0090225254033,3,3437.5190226544205,5,82.86411837994267,LOW
311.9360141846142,0,0,189.21523334757876,2,2,2,0,216.80301670476754,0,2301.8748702860253,8,91.83888137357208,LOW
269.06324052827915,0,8,221.90486932893245,3,10,8,7,2003.4496739598444,0,2831.8486494639524,5,30.070969789580346,HIGH
447.47682861022406,1,4,183.68272970816173,2,3,0,4,946.9613644857523,0,3473.3897135312245,4,90.6229294749074,LOW
395.3556195561427,5,10,5.0027440469517455,2,5,1,6,2126.9564623350143,5,3840.8731572719726,1,75.89435936434027,LOW
80.07906546771183,5,1,58.432049306167755,1,3,2,10,509.9831457314169,3,4478.90168062455,2,83.04640634526896,LOW
159.30242355879636,1,7,243.1404651646398,7,7,3,10,1667.807390937166,0,1779.1755892589974,7,51.37104641528406,MEDIUM
128.00212420816052,0,10,81.7951941937454,2,7,0,0,2030.110182222618,0,4757.871491734441,1,67.60245583502291,MEDIUM
373.2534148234751,9,1,219.4686358683402,3,3,1,1,240.74498865463826,7,3190.026252514207,7,80.29590161992836,LOW
21.598555194210793,4,2,111.63606457250961,0,2,1,0,721.506490092383,3,3940.6323946677494,3,81.22688673184352,LOW
287.09539401130166,4,9,156.56529844738296,3,10,9,4,2032.5617995738899,3,3501.847526972377,5,32.049637956356506,HIGH
382.41704944164184,1,0,20.39198994582111,0,0,2,5,485.4885957945735,0,1035.802909488549,0,100.0,LOW
438.998990197066,5,10,54.36766831491286,2,7,2,9,2339.2657053650323,4,366.47753121405333,1,68.17898523642842,MEDIUM
174.3304656143742,8,1,287.1590890557704,5,4,2,8,205.03683099661572,7,3634.16945545042,9,65.89508706735413,MEDIUM
411.52236581264634,1,6,267.0414160340742,6,8,5,7,1440.5093899002309,0,2560.1528122949367,9,42.00886675836282,MEDIUM
59.76270979282758,9,9,195.68253326971507,5,8,5,6,2007.2239675177398,9,3514.0447083575395,5,42.86133314837195,MEDIUM
423.9938844085865,1,1,137.8933792157212,1,3,1,4,253.35692999688433,0,2389.445591538144,4,78.47257896032434,LOW
68.10688785433129,2,5,202.72838786856713,4,5,0,2,1461.6044179360952,0,1568.050256878355,9,70.6082101505897,LOW
201.6572088273818,6,2,185.5830867281817,4,4,1,8,802.5056495408619,5,1432.2393672052456,5,80.6365843783646,LOW
399.66120606087907,5,3,170.56567668138362,4,3,0,4,715.042954210001,4,3655.3553330412715,4,71.63550598025536,LOW
79.20912653764302,7,10,17.753121559062546,1,4,2,2,2127.990379421499,7,1391.1326065142157,0,78.2536910315417,LOW
118.47944064015753,7,7,189.84078319845207,5,7,4,2,1416.0090266597256,7,3576.23758591785,3,58.874500763901196,MEDIUM
362.5150213545678,5,2,230.6760133713505,4,2,0,2,548.3587257895205,4,1925.961030323719,6,78.33274776364341,LOW
361.4180855903068,10,9,298.22449639367267,5,10,9,5,2092.311004456677,10,3856.7830375508247,10,17.993350852722855,CRITICAL
322.3680782782222,9,5,3.323565778292903,1,2,2,0,1210.4216941933341,9,722.6215296555213,0,77.04657347031058,LOW
348.5044800112145,2,0,219.052035993203,3,2,2,10,484.6277318598404,1,1032.8499165896842,8,80.76117976074134,LOW
273.64859945706013,2,6,171.53679478079414,2,6,4,3,1228.0400846318355,1,3432.698912543616,5,71.2123585556588,LOW
129.64053415894162,0,7,130.21565282428702,3,5,1,7,1695.7150794495053,0,2805.5532897893304,4,68.38450974298911,MEDIUM
176.11951678444012,6,10,38.271052371411265,2,6,3,2,2429.154720253524,5,1027.35292968178,0,69.4398352385255,MEDIUM
94.8908698167057,4,7,122.72554459046286,2,6,5,4,1640.3704562048613,2,4515.10678851684,3,71.28747117719101,LOW
454.683027860146,3,2,106.31315489584058,3,2,1,1,401.48136028019843,1,1386.961295589105,2,85.49669866845376,LOW
293.7789384092296,9,9,90.84896669362266,4,6,2,1,1921.4007499131376,8,2111.146276986233,2,61.76329479726231,MEDIUM
203.42145129800176,3,0,219.2638869966623,3,4,2,10,161.88448783398306,3,1019.4168299439644,6,76.99610718873531,LOW
233.6928728038457,3,8,210.21765638527913,4,10,8,6,2082.9972472787313,2,1946.257815524156,5,33.616437408032155,HIGH
473.9052531078486,5,5,176.70602729427347,3,5,2,9,1455.8866409193497,3,2463.317283056256,5,71.96480720600515,LOW
80.9089445424597,7,10,281.59944398801167,6,10,10,2,2474.5852525538153,7,1483.2828020194663,9,0.0,CRITICAL
295.18376684831463,7,8,104.95631525425634,2,5,0,4,2012.8792288084842,5,3847.777429250452,3,69.50037909549138,MEDIUM
255.41489604781066,4,6,73.14058131305387,0,3,0,2,1375.8238670569522,3,1975.7255634447731,3,86.76514247968035,LOW
307.6698465401507,5,0,196.77099392951988,5,2,2,5,452.9382110481003,3,3650.2548997942476,5,75.84479079428729,LOW
13.964540991316051,3,0,59.64421828122089,0,0,1,9,490.8422529685244,1,1043.2901551973143,1,93.6474540450285,LOW
436.701334927355,10,5,94.50315215502738,2,4,1,2,1175.0356561374765,8,1891.4071289979618,4,72.52300619090644,LOW
466.3985498293881,8,4,67.38073202246545,2,2,0,7,930.2779829932244,8,50.210861588720505,3,86.22634809093202,LOW
284.7409258766584,7,8,20.74607031555037,1,6,2,1,1873.4581463911106,5,3795.6015437294213,0,76.13271768288381,LOW
349.84215781906164,9,1,248.24962249070202,3,4,1,2,293.576096299465,9,3133.1743552091157,7,66.33904481490724,MEDIUM
461.6371936827614,9,7,76.36216287649835,1,6,5,7,1416.31211070319,8,4090.9383913530764,4,67.43893614717099,MEDIUM
355.0831239851323,0,10,141.9082510029062,2,7,3,7,2472.9155855579347,0,2283.497832632539,5,66.91965975281472,MEDIUM
80.50682624255937,1,4,12.994581976293585,0,2,2,0,1262.8703162207096,0,4000.7058121270675,0,91.1323935262444,LOW
290.2627382825725,8,1,209.80183987579292,2,3,2,7,281.32692688106056,8,3241.436895912182,6,68.70046646691492,MEDIUM
305.32394795951365,7,9,99.16830069188724,4,6,1,9,2003.8701234648597,6,28.028533345850946,3,65.32441078491162,MEDIUM
214.9446822946811,2,10,223.421018348763,6,10,9,1,2415.5181566363426,2,1275.9345324916746,7,25.12735087449917,HIGH
369.5398966342378,7,10,123.72091814035984,3,8,3,6,2330.5001494104263,7,2474.5178475091775,3,55.554455891808985,MEDIUM
467.51167231066233,0,5,58.72668192168739,0,2,1,5,1197.3937545853569,0,3097.2498750627365,1,100.0,LOW
463.1564138888543,9,9,153.95252468461078,4,10,7,1,2172.0854985914093,7,337.2984146765394,4,35.07325013461495,HIGH
228.1654888450454,3,7,39.151367891231935,1,4,2,4,1848.5236941050955,3,3528.3488416371206,1,81.63194192677537,LOW
61.05283269117385,2,3,132.1617479618984,2,3,1,6,1063.079165262934,2,2722.245127259827,3,83.21423120042124,LOW
492.4963934863556,5,1,95.19164322614596,2,2,0,7,389.42480596109453,3,2633.6387410232455,1,89.63822723989279,LOW
420.25455279073736,6,10,273.58787525989,6,10,10,2,2086.7803400364096,6,1467.3073349085964,10,0.0,CRITICAL
66.70802719561709,3,4,18.278616516215983,0,1,1,0,1256.4194290969876,1,2978.1672664579787,0,86.71279275459509,LOW
460.8167318955993,6,1,208.2052242317226,2,5,1,6,246.27772293051413,6,147.1895192625555,8,76.6570008751912,LOW
435.5986992207535,8,1,54.82534979623077,0,1,1,4,560.8441956140819,6,332.85464921490257,0,96.52728505142959,LOW
261.8248382774057,10,5,95.71352229967195,1,5,0,4,1070.2486574304007,10,3672.0117351920794,1,68.85107377410024,MEDIUM
297.68134069373997,1,10,124.65421891861979,4,7,1,6,2194.693427333846,0,1616.23779924448,4,61.458524769153854,MEDIUM
202.50633841571448,10,9,272.4045268124923,7,10,7,0,2005.7778732725137,10,1741.3657073661743,9,20.24114500252287,HIGH
32.107011216905505,2,8,72.77347982214755,1,7,4,7,1679.3789575560418,1,1049.8421642496946,1,71.50660844736531,LOW
170.92263461472095,4,3,27.392640763401065,1,2,1,9,1061.340717003306,3,2233.6472535786615,2,88.10524935385311,LOW
402.4124570560157,2,5,95.60688119715708,3,3,0,4,1001.3340840046432,2,269.44722274238853,2,81.4079202494526,LOW
7.292851387278415,10,6,31.402791160660005,1,3,1,7,1646.9042716083154,9,1508.8124856198572,2,70.73659523737543,LOW
170.08208998711638,7,10,38.578945788165754,3,5,2,9,2441.914661737743,7,2640.348369670711,1,64.18822060974449,MEDIUM
202.09350332751694,9,5,172.15517939250802,3,6,0,9,1158.4818268490008,9,2333.503288580094,4,60.26787959880644,MEDIUM
271.0108234542718,7,7,18.270579929847997,1,5,2,4,1752.1421349396378,6,4998.351519183939,0,78.01183267810796,LOW
460.32853012431644,7,3,9.279264418069811,1,0,0,6,726.4044556491577,7,1949.935614063381,1,99.27563129357893,LOW
176.44126721115083,8,0,214.32423044114933,3,2,1,9,379.3867811269692,6,1941.1253056790013,6,71.69776249538107,LOW
176.7418349386327,3,6,108.49412845231335,4,4,0,2,1480.5598708938717,3,2522.873069298157,4,83.14059885821906,LOW
370.06311781432544,4,2,37.61260477016199,1,2,2,1,550.1127271238291,4,959.6125202534367,2,90.84901437845203,LOW
228.84788074045454,4,5,76.08383125791246,3,3,0,5,1200.1173768188273,3,4382.759070566198,2,78.08661783162955,LOW
116.17938735529107,7,1,192.6259522057197,4,4,2,4,544.9443661192017,5,2865.616266433598,6,73.6107975263529,LOW
228.95756048568325,6,8,82.66097014225535,3,5,10,8,2053.0487248218915,6,968.6171196051179,2,0.0,CRITICAL
74.72422508800094,8,0,148.35633753612237,3,2,1,9,65.36325828363732,8,3969.27354094694,5,66.99568642735927,MEDIUM
92.31155832058053,7,5,36.508592018001686,1,2,0,3,1285.6819848345785,7,181.31753400283773,2,81.05334437798061,LOW
251.69204750604248,1,5,176.4280912816341,3,4,2,10,1126.8645997285587,1,4912.995360921282,4,81.35802252259916,LOW
212.3680975047512,9,4,94.82330515297922,2,6,5,2,1200.6861249377296,9,4327.095180509143,3,71.58536481670286,LOW
457.8487210287095,3,4,188.09053035861496,2,6,3,8,835.1186529347406,3,2902.400883114759,6,68.2105184212726,MEDIUM
184.38498006273338,5,0,242.51846469120687,1,3,1,7,344.4778950855849,3,565.3653571577618,6,80.34643951503679,LOW
292.39123338763153,1,9,183.49392581699772,4,10,8,5,1887.4730068455149,0,1084.2111387154605,5,46.2366633983029,MEDIUM
317.97082252016753,6,4,88.7242687785062,2,4,2,0,1098.1927092016147,6,1404.38149986468,2,73.6889320598981,LOW
11.48175601122515,2,1,76.72311046449012,2,0,10,9,617.846293596346,2,1212.7483721390188,3,0.0,CRITICAL
333.45099914827176,2,6,98.2262876200344,1,4,10,10,1577.54033106084,1,2492.6248521626944,4,0.0,CRITICAL
93.12780360052696,10,2,49.386153970951455,2,2,1,0,776.4714438418187,8,4723.356247633067,0,70.77888113936203,LOW
480.7298071473803,1,3,54.351555255006026,0,2,2,5,858.9226560934526,0,2226.4211979913744,2,86.31600593709379,LOW
78.58805023779091,10,2,237.20733057005037,3,3,10,2,845.3727959248606,10,3311.207195185293,8,0.0,CRITICAL
210.23894124487674,7,2,115.41977295223349,3,3,1,2,694.0525991209989,5,3446.0301978343277,4,74.57758105459467,LOW
47.24808569892871,5,3,130.79855417117574,2,2,0,5,1058.7589842747852,3,4359.187819019869,4,82.91566836423097,LOW
498.4527546637439,0,4,178.21483967004335,3,4,1,2,1073.261228916209,0,178.76822498188108,6,72.77979702609994,LOW
253.58653011396507,0,0,176.89604854546428,3,1,1,10,252.98278151000147,0,2027.6069961442354,7,83.96083774843208,LOW
299.71558357342167,6,3,20.21306145657772,0,0,2,9,711.1765096051572,4,3925.8282192896354,0,85.23253430982906,LOW
38.2028563072716,7,10,249.46223590129966,5,10,10,5,2272.3933270151024,5,4076.186404677577,8,0.0,CRITICAL
376.230432847593,4,7,53.19796596718183,2,5,10,4,1470.2924156244485,2,4637.389749718316,1,0.0,CRITICAL
108.90326858231495,10,9,216.92149081490066,6,10,9,3,2234.845100629773,10,3516.9438554918315,6,22.17892481826999,HIGH
449.53687327315333,4,6,231.80129643844998,3,5,1,7,1537.9459443541468,3,1233.3181910626702,7,69.43065715497954,MEDIUM
106.54412203859354,3,8,214.4698602273941,6,10,8,1,2096.817724246471,3,2533.272057991047,7,41.8800271169134,MEDIUM
99.39042172851495,5,4,173.69329396624354,3,6,4,10,846.0487138952616,4,171.40298671529888,4,63.861639346723734,MEDIUM
23.092085584806966,5,9,4.3826991326648574,0,6,10,6,1920.3363749226435,4,3238.1724220802516,0,0.0,CRITICAL
238.67313782944962,2,3,108.1126477089512,1,5,0,3,1038.5793021330696,1,2775.933105428696,3,85.46391950301994,LOW
284.59636096499514,8,7,181.45182880877434,4,8,5,1,1597.6270498844588,6,3337.5130409988524,6,47.62474335843998,MEDIUM
37.52577651703442,10,8,116.23538877676161,2,5,1,6,1833.1514949909488,9,4651.401361404101,3,68.27962854169803,MEDIUM
388.8861702640302,6,6,259.0439684738439,4,7,5,0,1630.3259436938083,6,3439.5102924849534,7,53.25410452474146,MEDIUM
229.37797320027366,0,6,92.6406826048846,2,4,0,3,1460.9116124749762,0,1609.0451525700585,2,83.40026654377829,LOW
264.57318331715214,6,4,88.06043773759814,3,4,2,8,896.7379247071841,6,1001.6959527120822,2,81.66189851077228,LOW
223.17755973442294,4,3,79.79930792779739,2,2,0,3,1046.0150577048905,3,4274.634672025088,1,83.12306894372826,LOW
203.37771513328636,4,9,99.83426068823866,2,5,1,2,1815.5308282115168,3,979.7173949360653,3,69.1710398309339,MEDIUM
282.02196399756787,1,0,167.22148929425614,2,3,2,9,447.6981338217216,0,816.4318071708659,6,80.80937988821404,LOW
81.8439217357027,3,9,212.10458828177724,3,10,8,9,1825.2601133361673,3,1040.9942825980693,7,27.108239812850314,HIGH
95.0544245951592,5,9,198.77037532163553,3,10,7,1,2132.924682300064,4,2549.1158321712287,6,42.61397563023722,MEDIUM
431.5838824016911,9,6,242.31534599444387,4,6,0,2,1235.8396898376673,8,629.6953413656896,8,70.62994482333909,LOW
473.3271537561482,10,0,265.77419864922746,5,2,2,0,353.10649298253276,10,4691.210469677544,8,73.99563144800415,LOW
189.7881115584777,6,0,244.82371270300538,4,2,0,9,16.985660666475443,5,4831.605999128047,8,72.5788056750844,LOW
139.01861320605911,10,4,5.683621012306372,1,1,1,7,1221.2288638553937,8,4869.271247882164,0,81.86063428737441,LOW
323.7797739033128,4,8,220.77538606559662,3,10,9,0,1832.9719754649923,4,205.23277605040184,8,41.40473451529402,MEDIUM
207.3234146935577,8,5,62.519872085499486,1,3,1,2,1046.726956334439,6,4731.525657135358,0,88.35503873487656,LOW
17.566246051870706,2,2,39.87841281239479,0,1,2,2,753.409722505072,2,4987.100513760952,0,86.75144710950642,LOW
82.29553569626422,0,2,191.54663543974064,3,5,2,1,644.6450787518812,0,4712.72125563398,7,77.63305023611744,LOW
359.4062532794618,3,6,95.92295862230847,2,2,1,4,1295.4744294377215,3,3357.985139755903,3,87.09293038472651,LOW
331.1673512455249,8,5,17.135149011132977,0,3,0,9,1007.8361869443629,7,3509.1384605184194,1,70.66945951238294,LOW
18.412516289224328,3,8,41.28892031950841,2,5,1,2,1808.9991298627685,3,620.0421699685038,0,64.70599856075717,MEDIUM
114.87622015680998,1,5,0.27882506098831916,1,2,0,2,1042.8146153642679,1,4372.742414604063,1,86.77182943301459,LOW
119.38202431109534,9,4,270.9670882034122,4,6,0,7,847.0848491236186,9,307.6015272975698,8,56.89933917991613,MEDIUM
337.58690808137055,4,9,7.385395152371577,2,5,10,3,1933.6647741813385,2,1595.4754276220224,0,0.0,CRITICAL
14.756716188410257,2,6,62.836730852853314,3,5,2,3,1515.229148621212,2,4955.846709289453,1,74.33078278624836,LOW
56.533748082364056,8,0,124.8788342063722,3,2,10,2,264.9553042804746,7,2117.4161167239467,3,0.0,CRITICAL
400.9584622597287,3,6,106.97139778524573,3,6,3,10,1234.4936541293403,3,664.469557586641,1,75.32336910086111,LOW
93.37960771689514,5,2,273.5177630738327,5,4,2,0,884.2156379462349,5,4846.78036362491,9,73.74190799791872,LOW
328.109323386678,1,8,12.086683720362634,1,6,0,7,2043.5843441472955,0,4920.856838738263,0,78.19795329965643,LOW
122.90047661812963,5,5,153.66441230311548,4,3,2,0,1129.6127435725791,4,943.3429993411847,5,74.38112431311366,LOW
54.223489415875854,2,8,204.14383875731218,3,10,8,6,1661.1692879810707,1,4325.371005613452,5,32.22025019395086,HIGH
125.37023454472977,8,4,279.50939210435064,6,5,0,4,1271.2014323784952,7,1958.2123977075198,10,59.73005258534386,MEDIUM
362.5221312685513,10,6,186.1113756371163,4,6,10,3,1430.57088894035,10,1913.0286377887053,6,0.0,CRITICAL
428.56975171261143,1,3,241.1265708035288,6,5,2,3,755.5834823857178,1,1320.8611831655392,8,68.53154375514644,MEDIUM
415.95883296066086,8,6,25.11748135360452,2,3,0,7,1445.1790175825936,7,233.1042700289336,0,77.75493044354506,LOW
201.60584716113513,4,0,115.78185328107821,1,2,0,10,386.3720722732061,3,1347.3648285892655,2,89.77024118045789,LOW
335.70214260246985,7,6,112.18414034372024,2,4,2,10,1284.1926491515273,5,278.34675761192955,4,72.47412726269505,LOW
106.46722623083139,1,7,265.8864649367153,6,6,0,5,1783.7479167546535,0,4622.616511336218,9,67.83181052509654,MEDIUM
150.10812647920156,5,4,45.41135137898248,2,2,2,0,1174.7233939669327,5,3311.986155239715,1,89.23469074115465,LOW
448.6862301679543,2,1,45.56585170098908,0,0,2,9,469.67410242043985,2,4434.247023581794,1,91.59095730779316,LOW
11.435952137814336,9,4,98.56744496573954,2,4,0,7,1232.9211443747909,9,3589.2805005381474,4,76.81060590306271,LOW
47.3267227729617,4,5,16.339814210051273,2,3,2,1,1066.0716890849303,2,665.1214867023699,1,75.66406997704601,LOW
107.90369629728352,7,1,54.73741219574701,0,1,0,5,497.73950333283653,6,4703.501868309137,0,87.59821093081219,LOW
18.13344091754076,9,5,289.56289156372054,6,6,0,8,1224.6715262509108,9,4500.4663376275075,8,48.47695892145866,MEDIUM
94.81054036944967,0,5,128.45518196015186,3,6,4,0,1211.1460564179158,0,1746.899628726168,5,80.70856274503025,LOW
293.60557267999764,4,0,189.60576252673093,4,4,1,5,126.28053563476271,2,566.5513683548658,5,84.79046345149739,LOW
213.6051525432865,2,0,217.83337780339107,2,4,10,7,186.13982840495402,2,3523.7322064364803,6,0.0,CRITICAL
446.87249698310256,3,10,110.08842210216014,3,7,5,9,2054.075378011833,1,3644.5229006562454,4,54.03291510979323,MEDIUM
409.63456306052825,1,9,44.16812232315509,2,4,1,1,1925.7994848824126,0,4485.176933755129,0,83.83464943286653,LOW
174.1995890904486,8,2,61.97430486653425,2,2,2,4,535.9825538890414,8,272.7522396608888,1,82.92680837441502,LOW
133.41459954848978,2,9,93.9799429741831,3,6,2,5,2160.3339337300695,0,717.1021517565855,3,65.87971401114032,MEDIUM
192.94774204279713,1,9,190.8205261056677,3,10,10,4,1824.2752136044317,1,2995.26147646712,4,0.0,CRITICAL
297.1959965448298,9,2,119.48416472671633,2,3,10,2,725.5961540754304,9,3099.466438841712,2,0.0,CRITICAL
137.69150220732374,10,3,2.044409370038436,2,0,2,3,710.7049548965949,8,177.71221495188135,0,79.01876631393672,LOW
313.95370938532136,8,1,157.02215552024157,3,2,0,6,240.93075295814697,8,1990.6909347976755,4,86.00563130780354,LOW
207.65876783466402,6,8,276.4540175722254,7,10,7,3,1750.4030805427171,6,2924.967039067485,9,32.25331647897882,HIGH
278.2633545217302,5,9,243.6232833026037,6,10,9,8,1912.2364347143014,4,3692.177552427152,7,23.62001809476402,HIGH
220.88263192198175,0,10,247.5634113778893,7,10,7,10,2276.016187919925,0,1587.5919519738595,9,31.039455734090964,HIGH
150.76055097324925,4,6,238.51740528183936,5,7,3,9,1378.6882017239811,3,2424.678430178989,8,54.93615650914804,MEDIUM
474.48438694626753,10,6,97.1192476831271,3,5,2,1,1682.9968712041632,9,4072.133812836926,3,62.879212983360055,MEDIUM
382.9848681090816,10,5,229.5581501263176,5,4,1,4,1481.7747996954254,9,4769.936368849725,8,65.25680817474777,MEDIUM
74.356022004394,2,2,42.9484073433579,1,0,10,7,621.8576345601198,1,1159.270230195329,0,0.0,CRITICAL
434.89164806946684,0,5,197.31484418278606,5,5,1,4,1397.5437303301298,0,1272.6806070412822,7,72.03371625140524,LOW
246.27844313350926,3,7,192.47057000549833,4,6,0,9,1406.6342704304375,1,4699.692755295038,6,63.941958080990574,MEDIUM
447.80335231257527,1,7,7.6709397269204,3,5,0,7,1673.9057923624014,1,1985.596642305791,0,82.97102309275931,LOW
400.92835169392106,1,10,236.39104007727948,5,10,7,7,2371.6495861534895,1,3594.558139358506,8,34.502309984474806,HIGH
215.48068471227054,2,8,270.9744315285392,6,10,10,8,1708.471612703668,2,3065.2034913620823,8,0.0,CRITICAL
16.122307618458112,7,0,80.2245835416323,2,1,2,9,30.585877582971875,5,1435.082522172341,2,84.39966296730971,LOW
137.99529289554832,7,0,243.71721725584527,3,3,1,5,77.95946795322794,6,3271.2754875705446,8,75.6441376621112,LOW
273.10893625712913,6,2,24.72179155858446,0,1,1,3,620.9240435869285,4,3281.2738457752966,1,79.37707606936334,LOW
318.5717188139429,5,2,179.9903574783198,4,1,0,10,653.185710378131,3,2966.2914951912903,5,85.46236012415821,LOW
132.65440428943515,8,9,145.69405960028314,4,7,3,2,1990.4425610543842,8,507.3075159990693,5,50.93302443774201,MEDIUM
73.98125666604794,3,7,163.7770599927,4,6,0,4,1619.98688352119,3,4975.907393646448,3,62.665620030444884,MEDIUM
418.29046721565305,0,9,277.86156056530353,6,10,10,5,2035.1174798046407,0,2008.0781412424287,9,0.0,CRITICAL
492.2790794482583,7,0,261.39457417405606,6,4,10,2,384.71833080054813,6,3194.8724171309746,6,0.0,CRITICAL
265.2166402398295,6,1,235.52509717192711,2,4,2,1,252.62094903882618,5,4429.95085362197,7,68.43176015497826,MEDIUM
89.98124649491024,6,1,82.10953730351129,1,1,0,6,584.4752335796979,4,2122.2095572149833,3,89.77207171044061,LOW
139.79212662708764,2,2,273.5455886058275,6,4,4,10,744.3136511474991,1,3871.8860334596875,7,64.74064084732518,MEDIUM
14.103384890996033,3,5,29.252307739162575,1,4,0,4,1370.830404738159,3,4859.403879150236,1,84.21604884422894,LOW
457.577909247447,9,0,255.99876496763633,4,3,2,8,367.2341929376614,8,1801.0844536627108,7,72.13735060421318,LOW
63.286786030619865,8,1,98.44802170608233,1,1,2,2,435.29590790089185,7,2032.295155461356,2,82.1838791716725,LOW
290.3756553795555,5,0,16.131693498595013,0,0,2,7,105.70009228045002,4,4528.8245343928775,0,82.2605669793688,LOW
140.65733424016696,4,4,200.8070952722245,2,5,2,5,1068.314452150902,3,806.6179103977631,5,73.39987613189774,LOW
279.31811124531777,2,6,69.38397849478663,1,2,1,3,1678.9910268045498,2,152.6882434136172,0,77.79012746641988,LOW
327.4530922341728,8,7,73.07133775938958,1,4,1,8,1694.262840696682,8,4545.356134197068,4,74.63076158253976,LOW
415.7221928350648,4,9,91.81414986863145,3,7,0,4,1805.5235726063888,2,4109.741954846726,2,66.64290540182107,MEDIUM
107.17852952149859,4,0,19.105430250755017,0,1,0,9,29.855452438195318,2,4863.189332431147,0,98.70253795866938,LOW
10.442935185947835,3,6,53.13814325947621,1,5,0,5,1696.4317168017762,1,300.6065357262845,1,83.21114978095588,LOW
72.7583868840596,3,4,1.5418882756680907,0,3,1,8,835.9731796197202,2,789.3248789005264,0,88.89838319784016,LOW
450.509227714812,0,9,133.62285633173605,3,7,3,6,1823.0225800224493,0,535.5096698581461,4,68.5758102502173,MEDIUM
437.57558839344506,6,0,25.276613225391387,0,0,2,4,176.5121346793277,6,3420.246500145609,0,95.72825411362415,LOW
300.7194855743026,8,2,204.7957815132597,4,3,0,1,884.6586016346683,6,3033.9902679982447,5,78.92433705480421,LOW
302.25584591465844,2,6,70.68685535749452,3,2,1,3,1359.3375768664328,2,1803.0826449424258,3,86.9454405774984,LOW
334.19315390039645,1,9,283.07224321055315,7,10,7,1,2004.9420654376354,0,296.5431622172026,8,29.234841414537,HIGH
91.80878291860755,2,0,261.37548821959575,4,2,1,2,317.03853060428276,0,3201.9133003922393,6,90.55309313100449,LOW
457.6339132328551,0,6,86.83226849046247,2,4,10,9,1212.055919663199,0,2854.9012207241326,2,0.0,CRITICAL
212.2914098215762,5,4,234.96463639700363,4,6,1,2,1248.881788759594,4,573.3870231924725,5,77.22841467993531,LOW
194.65357148350125,10,0,240.97347139944188,3,1,2,3,259.72150877721606,8,4545.459425323834,7,79.54651591529787,LOW
261.8642641150046,10,0,295.9689342343231,4,2,0,5,233.40545300202896,8,1002.7590512632329,8,67.7358717468455,MEDIUM
28.248153553652248,6,0,179.35199605370548,3,2,2,2,430.3633311033152,5,3720.1106691978434,4,83.70446028990311,LOW
87.31026753425931,10,10,24.58972039309866,1,6,3,9,2476.5382946790105,8,4426.528554089312,0,62.86808156366467,MEDIUM
370.32664013105335,10,8,194.0511686779143,6,10,10,0,1811.7126158234173,9,2901.5802035616052,6,0.0,CRITICAL
45.9853406229376,1,10,187.49392451281057,5,10,8,0,2086.220539646615,0,1241.776037438274,5,46.94712848941087,MEDIUM
303.5602941858622,7,2,191.50517322612953,5,5,0,8,807.8546350010365,7,1553.1501029494555,6,64.693674531346,MEDIUM
126.44780929225388,5,4,92.14369443126346,2,4,0,8,1001.6302106112436,4,4429.880193256973,2,73.19735911221343,LOW
197.7013289507784,3,10,257.9038755240999,5,10,8,4,2467.772769755883,2,1498.3032103186583,8,33.57026014539642,HIGH
147.90339970149643,4,9,287.8416548866236,6,10,10,8,2274.9494919154913,3,3733.4905117533485,8,0.0,CRITICAL
181.05799465014982,7,8,65.31375389344547,1,5,2,10,1657.4145158606848,5,4950.924409154472,2,69.80956740541421,MEDIUM
360.9277230662015,2,5,26.445647440993337,1,5,10,6,1478.2769836664256,2,4999.085429619762,1,0.0,CRITICAL
152.07524923347162,2,8,58.36050995054522,1,3,2,8,1784.1351627225604,0,2672.0639438639637,4,83.99846414739417,LOW
285.3702969469641,10,7,246.16564177671563,4,8,2,6,1723.1262588285954,9,4134.513425962628,6,41.14041509867599,MEDIUM
240.64494908855434,3,7,202.99339044595425,6,7,0,8,1417.375040867023,2,4951.346840926785,9,61.1308058659511,MEDIUM
333.51722685451085,0,0,190.814202701738,4,2,2,1,444.44213704191634,0,1879.6177203114912,7,85.77641821734618,LOW
468.7307209657552,8,8,120.53794053282735,4,6,3,10,1920.7986646724326,8,1269.5238295008262,5,63.31089699413539,MEDIUM
367.6231881190739,7,5,173.3483914534307,4,5,0,10,1321.7772334782096,6,580.0244456524941,6,70.02749755739072,LOW
111.39548740242459,7,8,92.36223758231023,1,7,5,7,2051.088079988742,6,713.0891939848993,2,56.20446387490542,MEDIUM
20.435651855335912,9,2,143.16002382538838,2,3,1,6,654.1735874536716,7,4269.24625446711,5,81.14822989647084,LOW
134.82070192841343,5,2,237.91890851119678,4,3,0,5,605.2583201812753,4,2947.7282206322993,7,68.7782851915033,MEDIUM
299.5635756966261,6,5,294.37247923663864,4,7,0,4,1433.064376146158,4,4369.808785208505,9,68.77587070986408,MEDIUM
30.455777674703924,5,8,279.74667707694056,5,10,9,3,1971.210255935699,5,3949.3808942705205,8,30.310975446411703,HIGH
250.701292364612,8,6,280.1597828538746,5,5,0,6,1674.4878324824506,6,3371.985703939609,8,68.30946970842976,MEDIUM
300.43721021386017,2,2,120.66712045413371,2,5,1,2,870.0609466552663,1,3050.467837615235,4,76.4153025945192,LOW
170.4507259543956,2,2,140.63696415203728,5,2,0,7,591.1630822801201,0,251.2111318486838,5,83.67053622724757,LOW
386.60154085418185,2,1,211.69061891069447,3,2,0,1,423.4931450707089,0,4362.6532280559295,8,87.76273547609777,LOW
57.76613530121704,9,8,276.6575784153853,6,10,10,0,1727.9924768953892,9,2095.031887781774,7,0.0,CRITICAL
42.193201959225334,2,2,42.59827780562539,0,1,0,10,730.3239445692839,0,2803.336416786246,0,85.7712026800667,LOW
365.4534343207837,8,10,91.27255914815873,4,5,2,1,2182.2709850444435,7,119.54797436633339,4,63.36479570693438,MEDIUM
250.26820152206824,3,4,41.77405337823286,0,1,0,8,1193.0503233038355,1,4681.006774295307,2,84.65572782055075,LOW
345.75918623172936,6,8,183.6025589878366,6,9,9,4,1660.7753803654552,4,4514.674900849087,6,32.33508421295157,HIGH
220.23953260885438,8,7,91.89029906626126,2,5,2,10,1458.2014255828728,6,2720.957369291347,3,73.33594864246884,LOW
126.96900645335788,10,1,97.83235575377203,1,2,0,7,302.22769070969844,9,2890.7850495101034,4,79.28981283528383,LOW
410.45564724872884,6,2,21.27478784639377,1,2,2,2,442.14609421870676,4,3528.0358898934087,0,91.09964565941583,LOW
400.7108600896447,8,1,104.93881854227757,1,3,0,6,510.0158038391174,7,1330.827533216389,4,78.07321760665161,LOW
348.87475307294125,2,7,258.7489522204756,6,8,1,1,1473.6763830083694,0,1117.3589573393797,9,60.60437446028155,MEDIUM
139.71184292883154,3,5,69.92184356725049,3,3,1,7,1079.9814587338271,3,3373.3745035421475,2,83.14030460930576,LOW
297.1641801001981,7,5,208.5562398630197,4,3,2,6,1007.114111864583,7,531.0680063329518,6,82.3976579168875,LOW
183.68207898531327,5,8,188.8885034815778,6,8,1,4,1991.045007311805,5,2275.76940356967,6,56.24845783175128,MEDIUM
50.33312629668391,4,7,259.0453825107346,6,8,0,10,1806.1480277117405,3,2468.8745157554595,10,55.455223966120826,MEDIUM
459.07021985381016,3,3,39.68638429531147,1,3,2,3,681.0112081822199,2,1912.8715148066883,0,82.11718903077593,LOW
72.72522230488589,7,3,293.27698810351296,6,5,0,0,969.7622171336122,6,934.4881967316961,9,60.26223916488976,MEDIUM
475.3674901412972,0,8,174.78859381210967,6,8,3,4,1816.7725615786799,0,1783.02815898352,4,59.22241580901482,MEDIUM
225.7728576141881,8,0,298.6422457040443,5,2,2,8,119.79744148269566,7,1694.4106952666452,10,78.41308831306876,LOW
96.64079977511673,0,1,273.45441775975524,5,4,2,9,510.69230403691444,0,2501.3357164972645,8,77.96462339934553,LOW
273.2409689522873,7,1,66.45518163393174,2,1,10,3,289.24203717354237,6,3376.657399476812,0,0.0,CRITICAL
437.1081887588221,3,5,16.84860297099393,0,4,2,8,1378.4418038265176,2,4841.4932663955915,0,84.57492184401711,LOW
367.4513187727328,8,3,76.69172813860847,0,2,1,1,623.8076137852759,8,729.3746682698979,4,89.427662170855,LOW
404.2477681914176,10,10,158.26909469982596,4,10,8,3,2479.5654664639574,8,4366.355378605998,4,22.346587482028113,HIGH
331.0977665218051,4,9,51.478910119557,0,7,1,8,1835.9376268543122,4,1428.0482219474095,1,77.68588828474617,LOW
347.67689943633695,2,2,50.23792335539655,0,0,2,3,689.7242096243449,0,2960.950122307014,3,94.65204555905443,LOW
425.35184752483303,8,2,138.77806413154593,3,3,1,4,851.0971450611893,6,2738.217370439502,4,75.0135684684171,LOW
128.58566438529704,10,2,9.980391350807526,0,0,2,10,405.9522344239252,10,2789.172608955032,0,82.31904881889461,LOW
247.26535700335452,8,5,36.56642475968114,1,4,1,7,1249.2572304945286,7,3619.559472476876,1,83.43665144630026,LOW
114.49867370070311,3,7,124.75840182238427,2,6,2,0,1575.00348215534,3,1914.6246456874896,5,78.39346576152751,LOW
493.89566395834026,10,10,18.938972762389938,3,5,1,0,2290.1660951289546,8,1602.3088165519096,0,69.50457334997279,MEDIUM
472.3093731448736,3,6,119.0265169366588,2,4,1,8,1312.7286933688292,1,4265.644520195532,4,75.00218875988108,LOW
24.51627162741042,7,3,142.20187978453353,0,1,1,8,632.4496086158624,6,1108.2742509686088,3,82.15999883458562,LOW
354.2597103952658,1,10,135.37998422193434,4,8,5,3,2312.9665184243536,1,909.4277261826039,3,58.89256678579062,MEDIUM
462.9979171207546,8,3,260.7524572209262,5,5,2,1,808.4246197467012,6,87.88110890975177,8,62.95366589705408,MEDIUM
94.3847958380301,5,10,159.01873651551972,4,10,7,8,2311.242769353115,5,1060.7831323256419,5,41.19356311528822,MEDIUM
286.1328891235516,8,9,140.394138743413,2,6,1,3,1905.2695734189215,7,2597.471852250375,4,60.684717294530536,MEDIUM
458.1667073060807,7,10,123.21277361749986,4,8,5,5,2169.370631476741,6,2697.1592763404265,3,47.47983937768057,MEDIUM
21.803259399970425,6,10,245.28701349134585,6,10,7,0,2280.840694682305,4,1279.5582510657164,8,32.8309940220405,HIGH
350.2230322871858,0,10,268.51698119994995,6,9,9,8,2296.5563891623638,0,370.64810850558723,7,31.55425826119034,HIGH
152.18775864941264,2,1,255.97274075913526,4,3,2,4,386.1574038871326,0,3725.757573762579,8,81.40395998605865,LOW
462.57611671138255,10,0,202.06397343941725,3,2,2,2,140.02660280827823,8,3792.296989325876,7,70.6055255491612,LOW
485.673831356857,1,8,41.20852379060227,0,4,1,3,1736.850314744298,0,4989.203617494892,0,82.56555705088385,LOW
472.4119121111498,4,1,83.06099084760368,0,2,1,0,287.3496757104492,3,4501.147556968241,1,92.07200912954468,LOW
239.73603724544458,4,7,13.818919104593231,0,5,1,8,1562.7024811647937,4,4631.049701943036,2,83.40333257896775,LOW
431.71111223971013,4,8,279.2472224970342,7,10,10,7,1699.72016850661,4,3993.03709046227,9,0.0,CRITICAL
423.05195227485984,3,3,198.2395589072731,4,4,1,3,916.9077031149724,1,3081.3592383786704,5,75.2614566351526,LOW
162.95473425541155,4,7,223.90886529397244,5,7,5,1,1684.5334991210448,4,651.4443284465074,8,59.02315871207008,MEDIUM
415.3131597045853,2,8,93.47152187466868,1,5,2,8,1791.29441183546,0,3115.34335430483,3,78.30112178087245,LOW
23.318779184168847,0,9,253.6960566832027,6,10,7,3,1962.9150099686972,0,289.2197434689869,7,39.059849215625555,HIGH
300.15358984861626,4,9,77.88098511254356,4,4,2,8,1918.8071000973214,3,4427.64256524325,2,77.77761989606549,LOW
118.85437445741302,8,4,0.49312713373490524,1,1,2,9,1067.7291544796706,8,2414.2884637168454,0,82.73113341775303,LOW
64.68060845975302,8,6,112.92448875620819,3,4,1,2,1659.4513821728442,6,3490.3894315592433,4,81.2743929178904,LOW
43.09183480645853,3,9,171.22844428772203,5,10,10,6,2142.8515256944684,1,270.6958818428604,6,0.0,CRITICAL
349.6629440596792,2,3,143.61145738965675,3,3,0,6,972.2073570177837,2,2675.8996303848985,2,86.55992246220373,LOW
173.23810706519274,0,0,258.6228427729791,5,4,0,9,417.18893182820386,0,1513.304355288279,10,80.9890144117711,LOW
363.75955190673693,1,2,31.621585786850083,1,2,2,3,575.8174866689244,0,1431.9916460288557,0,90.63783144096425,LOW
37.35138869547647,7,4,166.14703219011767,3,3,0,1,831.4378910572439,6,1954.3830143688806,7,76.02026198491313,LOW
161.0687172261521,0,2,153.89380494627224,2,3,2,10,711.2794016608221,0,13.190909694069159,5,78.57337442742525,LOW
272.04818972579193,7,10,84.41789465164891,3,6,2,8,2094.3361456140165,5,2338.6377997836657,3,62.52248158813676,MEDIUM
396.40796659528695,6,6,246.66843377310317,5,7,3,3,1484.5218249978332,4,2437.9677512036124,8,56.71999322331173,MEDIUM
162.7824889513746,7,8,225.8545967646619,5,10,9,7,1969.7551165785324,7,4317.02327003693,10,31.341032799318,HIGH
314.8162313363195,5,5,219.8577561995493,3,7,5,1,1391.8191510739184,5,2248.1427833335874,7,66.41201687996958,MEDIUM
443.55898537691263,8,9,262.8577434808668,6,10,10,7,1950.9195601237577,8,1824.1459063996876,8,0.0,CRITICAL
309.85227815024075,2,0,216.83538018645635,4,4,0,10,256.21661628465756,0,4973.787786298692,6,78.59144149176878,LOW
120.31494000304872,9,6,69.55238751441793,2,4,1,9,1510.482548138596,7,2860.3544897664565,2,70.94019796675042,LOW
17.07838687048632,3,2,211.66881349490734,3,4,1,4,809.7403608503109,3,2368.339911084356,7,73.1850169045969,LOW
435.6989425809603,5,4,92.31084401695315,2,3,1,6,1180.6943325524737,5,2484.7198143964133,4,87.7200356077063,LOW
15.528358370941634,7,9,72.65239510424117,3,5,2,6,2293.987660488685,5,4047.8146745689373,3,59.37115660558423,MEDIUM
437.9773279786787,4,3,21.901077869888198,0,2,2,8,604.0423382650055,2,1709.9750811611027,1,95.6851792293711,LOW
266.8238813434699,2,9,223.208574104303,6,10,8,2,2018.7447204315665,1,1951.9107088028686,7,32.42763837931557,HIGH
469.8385107638836,5,4,213.30028858494336,4,5,1,9,928.022243188064,5,3781.808063093952,7,76.34788248399741,LOW
400.39770170796436,3,4,70.34984330222812,1,3,0,3,859.9466935724367,1,374.18886067270967,3,83.52381032687143,LOW
498.977384714002,8,5,224.8137050172468,5,6,1,9,1455.7576640835923,8,4327.194099134861,7,67.80022743615763,MEDIUM
178.60234864859652,2,9,275.3522649280659,7,10,9,3,2298.981033047843,2,2156.71145537517,9,39.49707090975705,HIGH
384.7582030209078,3,9,32.40868724747378,3,5,1,9,1890.2981039523618,3,2910.6519477731854,1,73.21009233798853,LOW
203.95580223657487,6,10,69.79099151603249,2,7,0,4,2019.2166964006817,5,3789.8060347065775,2,65.69362431479871,MEDIUM
242.5384320504349,6,5,225.07823822619466,3,5,0,5,1137.5272238402501,4,1337.5990929723307,7,64.53047913079271,MEDIUM
315.6152042930932,3,7,82.35200205212348,3,2,1,2,1817.4309590331977,1,4452.667899520049,4,82.7787983107563,LOW
437.4701715222377,5,7,187.39919228511502,2,6,0,3,1546.9450415996585,5,4896.332611560488,6,73.19373754965903,LOW
492.1213172536511,2,10,24.349267339114355,2,5,0,2,2028.4507402488107,0,2476.429063416562,0,79.86804105978212,LOW
385.2953398629365,5,8,135.66074373106161,4,6,2,1,1626.246091976515,4,4685.3174515130395,3,50.81044627175348,MEDIUM
211.79455717283022,1,7,221.72742659788594,3,7,4,9,1613.7114011847182,1,15.631826409643967,7,67.40272478016064,MEDIUM
213.57171612714973,7,10,205.95418291297577,5,10,7,8,2465.91286153081,6,4472.246769881286,6,28.94633361065803,HIGH
370.10323928650126,1,1,244.52163020274205,5,3,1,0,342.96022081981596,0,1562.1161455590147,8,79.26201015923867,LOW
123.19468715530965,10,9,263.2356379809506,4,10,9,1,2013.578840350522,8,1564.3621693907337,10,19.07867149687965,CRITICAL
59.68468600004036,6,10,231.95505037762746,7,10,7,7,2050.9669026913043,4,1148.1634352019976,6,26.148544070485116,HIGH
180.53796803218438,8,0,201.4763228816778,2,1,1,6,246.78639663449053,7,1591.8993667430004,5,82.12473362165522,LOW
147.18330086877046,0,9,9.516747544809345,2,3,1,0,2148.2735321428518,0,1075.2880726561891,0,94.16409789715433,LOW
151.6725196257151,7,1,160.4900020228332,2,2,1,4,335.5751805886098,6,4530.286840486759,4,81.41480448938992,LOW
120.63583676970542,6,1,11.309317474455838,0,1,1,9,348.3556542643424,5,4496.128398794698,0,89.52003295085215,LOW
25.836128869999133,5,2,242.42034513480678,3,5,1,5,820.9875127031356,5,520.0344614539064,7,72.7016706879312,LOW
13.847597693039836,5,9,96.21735733798728,4,6,5,4,1805.1818611735885,4,722.8635600437974,2,57.971461825820384,MEDIUM
493.92258291933564,5,6,168.72881223537627,4,7,4,3,1518.2353542750484,4,4311.473008663226,6,63.73878610930843,MEDIUM
216.74770119925185,8,1,83.83359219567078,3,2,2,0,396.94231747080846,6,2000.6994766550024,2,85.44618023634877,LOW
195.24169034404244,1,0,234.7500433140881,2,2,2,6,149.1902567807345,1,854.6656699229986,9,81.3999546387139,LOW
341.42540493306956,0,5,265.95075799257074,5,6,3,8,1328.7969161219385,0,2558.2403181584705,9,67.96169929991765,MEDIUM
113.03567449320676,5,8,119.59274826391919,3,6,1,5,2017.3342608948526,5,2089.173569101274,5,71.05325441621807,LOW
475.23078605536153,9,2,258.8767180532967,4,4,1,2,679.1960581643368,7,1103.6161531524463,7,71.98327181269428,LOW
394.2407821356983,10,5,80.12250223689972,3,5,2,9,1015.547310971528,9,3606.5535692053954,1,64.38310993264658,MEDIUM
49.25844614456846,7,2,160.39827692265715,2,3,10,3,630.7005954127881,7,3160.133668540327,7,0.0,CRITICAL
211.70248401353953,2,0,257.62842895161117,6,2,1,9,231.37997044698656,2,507.31145164164843,7,66.97052833265856,MEDIUM
440.16356224327154,9,4,97.76440278473711,2,1,2,4,1071.899247402304,9,4627.679704483459,2,79.23832668098328,LOW
472.64235103424807,0,9,286.2126795234257,3,10,9,0,2135.479450521776,0,2796.765128993045,8,40.73697982996629,MEDIUM
236.3637480686855,8,10,36.56385053441509,2,5,1,4,2009.6592017671703,6,1258.5203904470736,3,70.80163495018073,LOW
308.6386376593003,0,3,5.48252091705187,1,1,2,0,851.0063121998752,0,1039.3961572110939,0,92.23803249408888,LOW
87.68180331557724,2,6,271.2406057734572,4,5,0,8,1494.1538846902954,2,688.3804270472857,9,72.84887323598498,LOW
495.6284699378034,7,5,20.59459984436167,0,3,2,6,1171.6766932080259,7,2128.94065788785,0,81.20555676575576,LOW
119.67749218480448,2,9,297.5667587842475,5,10,8,2,2134.1826132952165,2,686.3496553232754,9,28.39437076091285,HIGH
471.6522281968872,3,6,285.41905859373185,4,7,3,8,1314.0888585645855,1,2084.9238988501784,9,54.685404049003374,MEDIUM
326.5750912512224,7,4,41.1062730108962,1,1,1,1,958.6861665337258,7,752.3644368882473,2,88.99941948565167,LOW
305.82971346503524,0,3,161.27538770776974,4,4,2,6,1081.377673712163,0,3287.4695324042077,4,81.87280467012492,LOW
258.7808129531718,5,6,55.4760892401433,3,6,1,8,1374.03518543057,5,3928.3576882149277,2,71.63526602342552,LOW
119.18155680029055,0,6,128.44655190903595,0,6,4,5,1373.2504436828726,0,2752.118510138566,5,68.04044519343113,MEDIUM
92.38137584272658,0,5,18.427538777949803,0,1,2,9,1297.8403179115576,0,3403.4838055259374,0,96.97676737112081,LOW
114.1406734897368,7,7,67.17737633897686,2,3,0,4,1885.4876649300302,6,4692.509898049464,3,75.93275874950187,LOW
97.28693976140599,10,3,108.98183891966985,2,1,10,6,1091.5402229765002,8,3195.4739325573332,2,0.0,CRITICAL
390.8943144155429,3,9,131.59425007381645,5,6,5,5,2089.828981838158,2,1827.1494089375742,2,64.69627868909308,MEDIUM
178.3120032875314,0,4,293.24887746266796,3,6,5,4,800.5435099024662,0,2252.9059917878285,10,60.11912612173417,MEDIUM
33.6321248988812,9,3,242.35969370519436,2,4,1,1,1050.3282753842,9,4304.020878099464,7,66.75980232093752,MEDIUM
484.7058019197016,6,0,221.22298329358387,5,2,0,7,285.1189822885241,4,662.294391560981,8,69.4442842360338,MEDIUM
442.4740130568957,4,7,161.11239442259227,4,7,3,6,1582.998204144968,2,1635.4277420276592,5,57.12438735936689,MEDIUM
464.23738018163044,4,0,251.999328181303,3,3,1,5,414.5975705079691,3,2890.627544162716,8,79.9615615741756,LOW
497.47937220998546,0,4,101.79685069671332,2,2,1,4,999.9162296751025,0,3385.1839513480877,3,86.31714450942336,LOW
91.0781483636462,9,5,212.66973383199482,4,6,0,4,1017.0222531001324,9,3819.8603864042093,7,60.89986106263887,MEDIUM
201.13979935681607,10,5,298.13519261345164,5,7,3,8,1410.5361115285093,8,1597.8519120204749,9,54.630170880811946,MEDIUM
380.3280454735252,5,4,94.38867268055964,2,4,0,0,1072.929700509881,4,737.8370787056599,1,88.2358126976895,LOW
349.53020593662717,8,2,202.2052604651902,4,3,0,8,569.0717691120981,7,4774.647656286033,6,71.5842823678259,LOW
81.17847363822825,8,4,253.29445924571473,7,5,4,5,925.4461881769256,8,391.197163488877,9,56.039538838452025,MEDIUM
408.8373968703558,7,7,274.7422750052017,6,5,10,3,1696.8987297077128,7,488.0687253765583,8,0.0,CRITICAL
116.09808305914703,4,1,215.37980728203055,5,4,1,9,304.02477411255006,4,2479.7632840908245,6,75.1185945393471,LOW
115.78971933719842,0,5,85.08237702514087,1,3,2,6,1161.9254432785017,0,4098.162430436556,2,77.89582049683936,LOW
270.80233933223974,8,8,97.88464547068394,2,5,0,8,1918.2651547069918,7,3874.77549071308,2,79.55878647944328,LOW
298.5052677466431,0,7,6.227409637189263,1,3,0,4,1840.772225202966,0,4689.119338308518,1,84.84653172940975,LOW
292.14267287971654,7,10,228.2657933014529,3,10,10,4,2266.4451641957994,5,716.5968523088121,6,0.0,CRITICAL
50.285984511888664,4,7,12.821881818585412,2,3,0,7,1779.5531991495463,4,1884.879012741556,0,77.3658384360245,LOW
439.3431270020383,2,7,259.3957063808237,6,8,4,6,1781.530301881521,2,1417.8892223213334,10,60.343967483096776,MEDIUM
136.4720210814095,10,6,35.59818434236164,1,4,0,7,1532.1769763296934,9,4305.741916537813,0,75.03452605510682,LOW
69.10988603498807,6,7,51.56295364077727,2,4,1,10,1522.9191688402589,6,2446.88955520319,3,77.29764988846715,LOW
444.9302995351437,6,5,142.9579412496712,4,3,2,9,1433.394299075121,4,143.9711927341751,4,72.57969585366436,LOW
478.0474916237279,8,1,221.3641245506227,3,2,2,1,418.13782781978324,8,3542.742390123599,7,83.12020473547295,LOW
431.75317054639805,6,1,41.70066155972331,2,1,1,8,222.1053719678503,4,1949.6035081547468,0,85.66425477596181,LOW
405.71045698881466,10,7,132.02132251994954,3,6,1,2,1522.3063350347625,10,2660.4223492213514,5,67.75394859619666,MEDIUM
329.34478041631576,2,10,144.85538232303142,5,7,1,5,2382.7741770496577,2,4469.99926077989,4,64.24315126478112,MEDIUM
277.674398451524,10,0,63.685692500577396,1,0,2,5,34.566667908744684,8,1291.12149541773,0,76.89544259643598,LOW
48.058446156148015,0,5,34.66751300418952,3,2,2,1,1073.6822010774556,0,1208.9207313047639,2,84.88004226053924,LOW
207.18434046999585,7,5,250.92627689569187,4,5,0,6,1347.1134080208521,6,1323.3305958586457,7,65.479324531834,MEDIUM
189.48081592109543,2,10,150.73969492882966,3,9,9,8,2446.30039486377,2,1697.1588763859165,3,45.00945740866635,MEDIUM
133.57812296136146,7,3,4.3143707952458925,0,2,2,9,916.8660025288184,7,545.6963334840372,0,82.82678705156108,LOW
363.09295627584953,7,10,240.89439039273114,4,10,8,10,2111.1455269147773,5,3489.1261074348613,8,25.594938183854055,HIGH
250.45848886399156,4,10,294.23814162437543,7,10,9,0,2026.7068816247743,2,1044.9196019673914,10,32.80194004482867,HIGH
45.11787687428573,0,9,181.7778586242742,6,10,7,7,2107.5632912751557,0,4631.467278880223,5,38.30980647763495,HIGH
113.99068496515662,9,2,151.11251612522122,3,2,2,1,423.699288965582,7,1086.2747064102548,4,83.17365677360074,LOW
343.21308801149996,6,10,263.5247589134885,6,10,8,0,2306.3610259708785,5,1285.6537262507877,7,34.61332852354589,HIGH
42.68477544769859,9,2,285.7550369053796,4,4,1,7,512.7899720805475,8,1492.1309417659736,9,72.40264454902922,LOW
426.3474224541405,4,0,226.36107477073816,4,3,0,1,452.32803120441486,2,3845.0051040869657,7,91.61264460031117,LOW
250.0975308719173,7,2,133.63587892028636,1,4,0,5,637.5463342436809,5,2143.7563723357284,5,81.37514047356656,LOW
242.89035577669077,8,3,177.66641979943213,2,3,2,5,711.9692166548479,6,4098.479773912787,5,80.82674762495343,LOW
298.2418534064612,10,10,210.28060950539978,5,10,7,4,2426.572658279296,9,3926.4200246553846,6,22.520812016914704,HIGH
413.2170781329488,6,10,58.28207130054043,0,7,4,7,2127.0176992237543,6,4648.157209609658,1,63.80063120469029,MEDIUM
177.16555791158555,6,4,134.16030966493142,1,5,1,2,953.2995382624377,4,3785.454733969233,4,80.5033653610796,LOW
340.61799551673647,0,2,248.9463794151855,6,3,5,9,817.1389495277278,0,269.03673664862356,8,78.92173063940965,LOW
285.03732217791656,3,5,196.4176045495329,2,3,2,3,1154.396014900298,1,4188.033555758301,7,82.18431475089663,LOW
137.17899373386356,1,10,123.36122016355623,2,7,2,6,2205.081884615319,1,4690.982257560002,4,60.91161033730374,MEDIUM
439.9218432458032,1,4,199.0087602044044,4,4,2,6,973.8328353794333,0,4968.509070822848,6,69.81191653235442,MEDIUM
399.7258806954294,1,2,35.46672362173796,1,2,10,7,458.2001589151879,0,635.085294721001,1,0.0,CRITICAL
330.9336581559206,3,5,120.4492831694629,2,5,1,1,1019.4479061234131,2,3070.2336139394074,3,79.68201009276947,LOW
426.03795590164975,0,5,237.93856138891692,2,6,4,10,1362.2703370304907,0,1005.2987427619554,7,65.80579573996037,MEDIUM
434.3106294751022,3,7,66.1526361409944,3,6,4,1,1722.5685619678602,2,1319.923108153869,1,76.16637493391367,LOW
355.6396734739422,1,1,55.78845226722531,0,0,10,3,341.1830337760286,1,3730.4658477320613,2,0.0,CRITICAL
419.32159754001765,4,0,285.2455979749294,5,4,2,9,147.79956249243926,2,4888.561911318311,9,59.965750462177375,MEDIUM
350.2483735262954,2,3,62.96928887586921,1,1,0,8,1072.5028915043406,0,2978.328952300484,3,87.51665013099107,LOW
341.6696820213487,7,6,78.27557389505043,3,4,2,9,1693.8355636167462,6,4254.416504413014,1,69.2734583446008,MEDIUM
311.2126322165162,3,10,290.88478167130137,8,10,7,8,2236.7174516168466,3,54.33018110585132,6,20.89974482497216,HIGH
377.5947365810324,0,9,220.4125710795077,5,10,9,3,2201.225872740747,0,192.79188284960009,7,28.83995937086752,HIGH
83.50952712007148,0,2,209.87895990705846,4,5,1,8,768.3429379346827,0,2987.654443256058,6,78.84522322739942,LOW
441.03102580346956,9,2,255.8779151563744,3,2,1,2,548.6588547560234,9,1951.0256769861912,8,80.45988831253834,LOW
436.56254623388986,2,4,34.74692467103828,1,2,0,4,829.2813552602391,2,4449.891496716038,0,91.42826193248565,LOW
19.47740510210678,8,4,211.78687097400214,5,6,0,9,871.27812856747,8,1516.8897462978114,8,66.99284019500502,MEDIUM
413.7792915295575,6,9,151.10658279847166,4,10,8,8,2219.1470585003817,6,2165.9346272451967,4,35.32091103609005,HIGH
68.79058439935537,1,2,248.74519208524197,6,4,0,5,765.6069099981405,1,2644.266897179525,7,79.78904185717434,LOW
170.88383285827524,8,8,152.4425155995583,4,10,10,2,1932.167422231139,8,1372.4637761023753,6,0.0,CRITICAL
373.03658686434585,9,3,186.07240628067365,3,4,1,9,665.3244158483242,9,4543.389388591939,7,77.93567238585729,LOW
84.57614854391257,1,2,143.3226379198608,5,4,0,8,719.9653437252623,1,2328.0225874439047,6,83.65943246321254,LOW
409.8936769389358,2,10,143.44767706675324,6,8,1,5,2386.0761657465578,0,2126.5364895038947,4,55.857378777406986,MEDIUM
416.90641808908225,10,1,230.39099341854947,2,3,1,3,630.3008749301453,9,4250.26771418232,7,70.66852847734755,LOW
256.1965282116139,9,9,188.56992019418496,4,10,7,3,1806.6156395968092,9,1566.7722242230134,5,31.3948799214332,HIGH
8.161006499832622,1,10,189.9789604828231,4,10,7,7,2342.2375509392386,0,4089.1520691096953,5,42.998844114097146,MEDIUM
147.08387592158184,2,8,135.08474514945775,4,5,1,6,1609.548827801602,2,620.1415350795338,4,71.96463099442737,LOW
310.3788245959924,5,3,159.33284890125827,3,2,2,0,953.4364227717192,5,922.1147814908492,4,72.56782658616835,LOW
490.6871581235746,8,2,223.7152998614362,4,3,1,5,717.8106823660024,6,4754.699914196956,9,76.76484313217605,LOW
317.74769587325085,8,6,247.7822757335755,3,7,2,7,1274.1739314594863,7,4213.812979130463,9,50.281314514990264,MEDIUM
133.6027726267591,6,7,208.96842064321385,4,7,3,2,1783.060875672565,5,1945.6155182674672,8,67.06105463123325,MEDIUM
318.83282303430764,2,10,277.22189665370496,6,10,9,8,2034.1738090948456,0,3195.897679097977,7,33.68246323084645,HIGH
272.29276295934847,3,1,246.09722644416027,2,3,2,9,613.1993868723167,1,4715.42124526047,10,81.05972432700244,LOW
391.0234705998161,5,6,168.55913694285553,3,6,0,1,1330.9646224241146,4,1067.1759252917805,3,70.7757155676565,LOW
57.955416219344414,10,4,201.42182179312107,5,5,1,5,1144.4259311503324,10,304.46224641277325,5,68.77417060389791,MEDIUM
381.70881173850387,4,10,277.8924830763588,5,10,10,0,2461.844670510935,4,2691.9656418814734,7,0.0,CRITICAL
272.9269564446746,1,4,185.7504132729175,5,3,1,10,969.9135123367245,0,721.5584245313304,6,76.27132150637883,LOW
481.68104191020234,5,2,247.44208439394922,5,5,2,1,651.4470389702096,5,944.722272629762,8,75.22261010274818,LOW
174.22672218914963,2,4,206.64315107699613,3,2,2,4,1031.5590169752252,0,4458.780556760581,7,77.08174967224333,LOW
318.14783710130433,7,1,165.58090831813996,2,2,2,0,278.8056745314341,5,46.94325863800777,5,76.64701694516282,LOW
466.35391222745864,1,3,72.55145862460594,2,5,1,7,895.1560052453808,0,4085.931932054704,3,77.14237621526237,LOW
55.74231535538623,0,5,127.79925584052843,2,5,2,0,1371.500959260474,0,2589.5843739146817,3,85.9761466354179,LOW
468.9281011820433,8,0,290.3228474501147,4,3,1,8,458.4374144619096,7,2800.8789943500487,10,75.04417685368811,LOW
345.5034325389026,2,9,197.32961498178,5,9,10,9,2225.4013008247566,1,3362.1221226772486,6,0.0,CRITICAL
38.57934425706009,10,3,169.31861410169688,1,5,1,10,855.0096898640159,10,2162.9105116169717,7,70.47285349315668,LOW
153.97696563867405,0,5,279.88698765846823,4,7,3,2,1359.5085772559673,0,586.9033220801496,10,67.6436097318718,MEDIUM
355.54518387941437,6,8,175.95353431123462,4,10,7,1,2000.3917066869465,5,523.0729167860708,5,36.12666060379776,HIGH
38.33854772704199,9,10,157.8247555252209,5,10,9,0,2246.744356869174,7,3774.2673739278735,5,21.324252972183714,HIGH
293.17437778725525,4,10,227.79325654506158,4,10,9,8,2057.7137803521337,4,1112.9653649037516,6,32.4876665952786,HIGH
176.21211319171357,4,1,213.79968569596335,3,3,2,3,418.9653819236854,4,150.22740125204456,7,86.3596556130181,LOW
312.35318129490116,0,10,57.94800252252982,1,5,0,0,2421.2390191007826,0,4898.273306603716,1,85.6837222126812,LOW
27.64230673719386,8,6,141.39248237223634,4,6,1,0,1498.3207026968676,8,4902.15368160986,5,70.49503331659348,LOW
436.4107190454263,6,5,141.75463284587556,3,4,10,6,1362.2291885046695,5,1896.9252733454614,3,0.0,CRITICAL
486.87703974281146,7,1,113.46735457300343,2,2,1,1,292.63401107629375,7,137.3639843399949,3,83.79118267335102,LOW
484.5945383664173,8,7,155.18804464567594,4,6,3,6,1882.168884105503,6,3639.050646377821,4,56.29249008424076,MEDIUM
376.07765671274774,5,6,123.93221931814327,3,5,1,6,1402.0402647466547,5,4156.75018182349,3,81.7377480256503,LOW
69.39268886466283,4,10,59.80364684135494,2,6,5,9,2326.8177613588646,2,633.8183136778907,2,61.799233771453785,MEDIUM
380.3402819848662,5,4,123.70994618240432,3,3,1,8,809.4361272953026,4,685.938488397089,5,78.13291459511031,LOW
17.170523647106748,10,4,21.68308427195298,1,2,2,6,863.6596311276456,9,4112.897758486985,0,73.2202831717801,LOW
15.95115800685364,1,6,172.73575883232348,3,8,4,0,1591.0171349424595,0,4610.317869689022,7,67.13013300782995,MEDIUM
165.1870584790229,3,8,256.09636468233356,5,10,7,7,2083.984722760127,2,3955.8666350040066,9,39.96139824326005,HIGH
246.87837925030954,2,10,217.58612530636657,5,10,8,7,2160.027677527739,1,1011.7172963559525,5,26.182997294985825,HIGH
386.35167181485764,6,8,108.11821201623337,3,6,2,3,1618.5903674706324,6,2063.4908849767626,4,68.26512329620785,MEDIUM
343.23121142022006,8,8,26.121361673192457,2,4,0,7,1780.4333009900688,7,3008.2037050709114,0,72.45641762135415,LOW
225.72183965649043,4,5,60.644819767581225,1,2,2,3,1008.7340651395014,2,809.8644343659353,1,83.61687853934666,LOW
140.44519980942462,5,9,163.6471021484507,3,10,10,7,1896.1865461312345,4,1060.9064382362164,6,0.0,CRITICAL
498.576627578067,9,5,62.11712501490986,2,2,0,4,1376.2360075268691,9,1421.6014996220895,2,78.96220627125173,LOW
215.9597446068066,1,2,163.19193338549024,2,5,1,3,868.5441990532481,0,2552.471218751274,4,88.58316815185871,LOW
228.43657704318937,2,0,69.47970742916968,2,0,1,5,43.72454218444333,1,2558.9163870159623,1,94.05506167801754,LOW
85.99379148987624,2,6,254.67716084282185,5,7,5,1,1478.9503894052546,1,4073.3296515442876,7,60.160886816293036,MEDIUM
398.43072663121507,8,3,119.18144185213791,2,1,0,1,726.940423062016,7,3767.520901431252,5,85.52486448581425,LOW
348.3727017618369,6,0,73.66518778334732,1,0,2,1,69.52956289696476,4,4569.541018798611,0,86.75225374838233,LOW
114.28095833043639,7,7,243.69785407411848,6,7,10,8,1509.4901149457787,7,4166.179596894736,7,0.0,CRITICAL
45.778617579842134,10,5,102.85168944163522,3,3,2,9,1288.8815337488536,8,1276.848966045217,5,76.52897474364003,LOW
341.847154526983,9,5,33.44630635163458,2,3,2,2,1032.5672507219806,7,1663.1708788269593,1,83.09477489023686,LOW
328.98305106916195,10,1,171.12284742109247,2,2,1,9,417.1092980842087,10,2507.1119857263434,6,72.15069363850841,LOW
140.2634658641136,8,0,174.4692613313966,3,3,0,3,67.61392547758194,6,81.21296147258653,5,78.54108626006783,LOW
475.6774633139531,5,1,214.40870257072027,3,1,1,9,336.33852619724075,3,4520.47101135577,5,88.95319437424646,LOW
79.77365643154562,3,3,72.06582996251566,2,2,1,7,695.377164871632,2,231.27762068607274,2,89.743711917134,LOW
219.00572651608795,0,1,133.13140172767353,4,3,0,3,641.4877499154486,0,1618.9819413750151,3,87.84608997844435,LOW
472.08988048296146,7,0,84.71037571279687,1,1,2,10,354.00566543564474,6,2850.1822080700695,5,91.34969285292014,LOW
212.76502187843053,6,6,24.286120834706438,1,5,0,9,1634.2312894737352,4,2594.0285291482605,0,79.63242460403636,LOW
321.0703440937223,1,10,262.9841481047675,5,10,7,9,2191.731417273846,0,3275.7548652011146,9,31.73961112380313,HIGH
201.80922699158316,7,10,218.66094134650234,5,10,10,6,2156.706682426835,6,2642.325674718103,8,0.0,CRITICAL
140.73652516259168,4,7,90.4389178376402,3,6,10,4,1590.2935974488835,3,1152.7171142581417,1,0.0,CRITICAL
492.06893574011497,6,5,179.8118978615959,4,5,1,8,1009.2740978622037,6,1013.3801570914206,3,76.01111617252369,LOW
207.6203331259463,3,3,60.37913644034173,0,4,0,3,962.3521375742791,1,4537.162874686738,2,87.84920259815972,LOW
447.57910582117154,4,5,267.0709865387313,4,7,4,2,1174.8862284475392,2,1327.194016310607,9,60.09002818472427,MEDIUM
118.82752991608766,7,2,34.47190300857309,1,2,0,1,556.6619017883959,5,1412.076397058772,0,83.3050373954104,LOW
110.48682849241624,0,7,1.1511436523402696,1,4,2,0,1699.0705326852665,0,2070.6349515407196,0,81.93922524021724,LOW
20.411371027833123,0,9,150.60245932175465,4,10,9,10,2018.1249558549082,0,705.7972524783701,5,28.824053799557632,HIGH
327.5750785610631,3,1,174.93834703586077,4,3,1,5,690.4216841119493,1,2541.2914936719694,5,82.04230121902557,LOW
187.42054014326177,2,4,173.68959608874133,6,4,10,9,978.1265214494007,2,3328.5084908936356,6,0.0,CRITICAL
432.85733367062033,9,0,16.35357823134789,0,0,2,1,306.9479211039567,9,3932.1424554660607,0,97.22977609697293,LOW
239.23890381232079,1,5,94.21314207552975,3,5,0,7,1155.8255503048258,0,3560.1566669025033,3,84.83659560287468,LOW
484.25574681778727,2,1,149.75968405239954,2,3,1,5,695.2974901053283,1,746.7034607605158,5,93.43169028678051,LOW
96.83513027304497,10,3,64.97375568817226,0,3,1,4,822.5555173600641,10,2285.7750534049105,0,83.23177328853026,LOW
434.96846813802733,10,5,261.7877656457689,6,7,4,1,1317.0644054334016,8,202.54514203281036,10,55.45282848449504,MEDIUM
389.41544213191213,10,9,26.13278683843021,2,6,4,6,1863.3608354763385,9,98.81200363753692,1,65.75528246123687,MEDIUM
386.60631309880574,0,10,146.21533250161286,5,8,3,1,2366.512107431829,0,2206.250787186265,5,54.86774049125774,MEDIUM
423.1676979178594,0,7,207.4248172539456,3,5,0,4,1534.605028937811,0,1272.2728673435688,5,84.85674666761383,LOW
381.70687551678446,5,7,78.52533004034473,2,4,0,1,1624.306626414836,3,3419.97036641808,3,79.63345602047221,LOW
314.9790592075506,4,10,187.27222109925543,4,10,7,10,2441.566531163729,2,3623.9615261989284,4,32.870647948893776,HIGH
69.96621445278186,7,5,248.81554504271236,7,6,2,9,1485.2762574425508,6,4478.064585545696,7,57.880220257243494,MEDIUM
21.100458848169698,1,3,57.101092528514265,2,3,0,10,812.2860509201785,0,3805.805742559803,2,81.22449895300213,LOW
460.819684668765,3,7,275.16617754745886,5,5,1,10,1817.40133397725,1,250.73817445134304,8,68.0633713045332,MEDIUM
310.2419056877653,7,7,166.0675597987074,2,5,2,1,1426.6744972749304,6,1864.3988216852608,5,61.01399264613549,MEDIUM
399.2859590332073,5,9,89.76960129031816,3,6,5,6,2223.7870148951315,3,1372.3865252430894,4,69.75447317228475,MEDIUM
243.35356399871227,0,0,129.2574826146812,3,0,0,8,314.75516107632484,0,1936.8009246375345,4,85.16385097181652,LOW
63.06755353638527,3,3,93.65756513591639,0,2,1,4,844.353084195801,2,808.7775382538208,3,93.68682594149625,LOW
66.96696714026247,0,3,217.53334797999483,3,4,10,6,1044.981852568624,0,497.54347741606136,7,0.0,CRITICAL
344.35481717834085,1,6,238.89019902453964,4,5,1,3,1622.668611253207,0,2609.7128671169194,7,75.40394650149875,LOW
218.00141797523403,4,10,249.8812176955983,7,10,8,1,2148.472547976786,3,3604.702741223308,7,22.528063645697998,HIGH
104.25973971666667,7,6,295.73047487572234,5,8,10,2,1595.7441911723788,5,3512.5354006403945,10,0.0,CRITICAL
248.33930063701126,7,10,237.38528774900504,5,10,7,1,2049.745466831186,6,2260.2121676593733,10,35.0937964933877,HIGH
36.783423852191376,10,7,180.41522120656902,4,7,3,4,1811.381967733685,8,2616.172141581841,6,49.70044441021075,MEDIUM
293.0758439476274,2,10,101.76608951753514,2,7,1,5,2337.727809011625,1,2586.4803253181203,3,68.53206437364935,MEDIUM
138.15173519537333,10,4,163.37863461322482,2,5,2,6,843.9331654659713,10,3460.9361850626005,6,74.9924904260661,LOW
399.7917548154081,3,6,12.320451837121627,2,4,1,2,1541.5400867370677,3,249.14662802056017,1,80.8847611764578,LOW
158.629169667169,9,7,223.44752265897392,6,7,3,3,1690.2596383381851,9,3552.381583267407,7,56.642289173811726,MEDIUM
230.3339737954916,10,8,133.78666352763054,4,5,1,7,1897.2750505725223,9,2915.1824947788646,4,65.31366462175134,MEDIUM
10.752167254509814,5,2,6.006968919656286,0,0,2,3,545.4319675648493,3,998.5624862111553,1,96.08774769411491,LOW
40.86120945830665,10,2,18.752082453123244,1,2,2,6,533.2486000064226,9,254.8036801938599,0,79.22638687715529,LOW
199.284310421309,10,3,116.23993914652699,2,2,1,5,981.26755602701,9,551.5536748838632,4,82.51351447674641,LOW
242.56972318497614,9,4,175.02645570553054,3,3,0,6,928.4067405086196,8,2628.2097936821556,5,79.21865042840751,LOW
302.01017131905536,2,9,139.261184685638,4,6,0,0,2023.1311259049494,1,3794.458565155501,4,75.51055166487076,LOW
149.3729764611051,1,0,185.76129518764645,4,4,2,2,347.39449929939235,0,1679.9398627512608,6,85.66289273018063,LOW
349.01603363263854,5,6,144.08827763740675,3,4,2,5,1239.8081256637188,4,1901.8283144190561,3,72.00713520722493,LOW
430.76058660865624,10,8,198.51115364440403,4,10,10,2,1897.2741913058285,10,4671.390611080101,6,0.0,CRITICAL
391.02623950220817,4,7,65.73781940124026,2,4,0,6,1694.6881863240587,4,1072.9352893225544,0,74.50449008553717,LOW
24.611318547436788,9,4,33.852956155086424,2,3,2,8,1142.1143554440127,9,527.7096286310046,0,77.2965980082102,LOW
242.85093889262532,4,3,178.930186387698,4,4,0,2,784.9640476528293,3,1723.6164678620896,8,78.29192292472656,LOW
56.94043831699656,9,6,145.40685508089223,4,4,1,0,1424.4898870319198,7,3732.151376266446,4,70.58572015571517,LOW
124.8122828519511,4,4,8.060296213480589,0,2,2,9,964.9846569723468,2,3134.125682370098,0,85.09111491057647,LOW
493.3979836672375,9,6,114.14456564791075,3,3,1,5,1604.0841235943878,7,2084.8192424541503,3,67.38217908715455,MEDIUM
75.53529373624905,4,0,31.837675647298646,0,0,0,0,65.30538001806624,3,4824.115138830834,0,96.07779135840484,LOW
251.94963595842125,2,0,159.40704952580856,1,2,0,0,481.4769767876649,0,3677.632227089921,4,88.39687826808905,LOW
310.98708848746895,6,9,118.73330389812922,4,8,1,7,2117.4180779896087,6,318.688507672636,5,64.29601600622948,MEDIUM
352.7201604193315,5,2,183.94557333090538,3,3,2,8,843.4533621960879,3,3725.710904831701,6,74.20468670656805,LOW
282.02609832602246,3,10,241.6806656310715,4,10,8,1,2213.115729132382,2,129.95239397023317,9,33.79530844361349,HIGH
9.836569472495912,1,1,89.90060515244724,0,1,1,8,366.1395351959983,0,3255.1133823558534,4,98.56810636324293,LOW
166.598347580776,8,1,288.63063124950827,4,5,2,4,650.3629050619918,6,1060.3093531003672,9,61.058226362016065,MEDIUM
261.2672634754322,0,6,160.69035017627235,4,4,0,7,1249.4365144381513,0,3485.246623097413,5,84.47764763286276,LOW
48.49391707669251,10,9,185.4872396264364,4,10,10,6,1858.553615752639,8,1555.8000375725028,4,0.0,CRITICAL
178.56033094854448,3,1,204.2017119677211,3,2,1,6,349.67338824233866,1,4366.301476698269,6,79.74412383741165,LOW
21.43553885172645,0,10,200.01945895727692,4,10,10,3,2479.8874908831594,0,1691.2000445913877,6,0.0,CRITICAL
43.89635609173527,5,3,153.29122291351862,4,3,1,1,916.5343049325536,4,3102.2823184674417,4,85.82650947011686,LOW
201.47702171979006,3,1,128.62928733440506,4,0,0,4,477.0968483076991,3,1436.7785226734015,5,86.28744715930733,LOW
70.69429825131488,4,5,16.13458925321337,2,1,1,10,1352.6781681777102,3,4586.935510259469,1,80.72651102077415,LOW
285.9327198894713,4,7,6.625753590353922,2,4,0,10,1608.737278039083,2,3907.16994533058,1,78.11962231214439,LOW
346.28515972294656,8,9,107.3883583598294,4,6,2,2,2179.0367507103997,7,1224.0813529595696,3,50.116436858836934,MEDIUM
401.290416058996,0,3,100.09826719010779,0,3,0,8,796.6153489864388,0,4744.495595667711,2,93.55372145569804,LOW
104.074370901181,1,4,116.30854645170203,2,3,0,5,1213.1815924282323,0,1792.2163719853788,5,97.56759034517272,LOW
87.90387821823953,5,3,41.510460266457,0,4,10,0,733.6475410382523,5,3262.8060888592654,1,0.0,CRITICAL
56.76108096552812,4,2,221.4504811610531,4,4,0,2,538.7733296490121,4,3716.837623260838,8,88.81391519188911,LOW
320.03297352410016,10,4,257.0893244328717,2,4,0,3,1061.1916527133676,8,124.28178570991241,9,57.81818614605817,MEDIUM
354.70548461101606,6,8,281.6143906122105,6,10,8,8,1815.3805791808675,6,4795.247057324658,9,27.07456135590914,HIGH
20.63514168869281,2,7,147.70869105588775,3,6,0,10,1724.0579221423477,0,1728.7621173759508,6,61.66446551255545,MEDIUM
468.42506189062647,2,7,210.25970973762858,6,6,5,5,1582.1453773367896,0,956.9966782218089,6,61.04503360876777,MEDIUM
30.725785407478842,9,7,256.66533703076175,7,6,0,3,1515.2753245351835,7,4255.031880725205,8,58.11489534876459,MEDIUM
272.9416859740299,1,7,125.48733332804578,2,5,2,0,1634.9042814414506,0,3517.467421288838,5,87.14079043939594,LOW
355.98495712820363,2,6,92.8238384611333,1,4,0,7,1480.478249748573,0,442.84893039052935,3,84.26505533401607,LOW
436.12971625431237,9,7,281.017366756047,6,9,7,10,1471.3000269148451,9,594.05246107008,9,26.785492828812465,HIGH
358.47303140555175,0,10,154.70296532312193,6,10,9,1,2278.3593128665825,0,3578.8074345617083,4,34.21583974643775,HIGH
401.85540111954697,4,7,149.1761659772634,3,5,2,10,1559.6283526239483,4,383.16844723582903,5,78.69048760970277,LOW
173.027845308689,4,7,53.524828969048734,1,6,1,10,1596.225942434254,2,4586.705421269085,1,70.60868254479851,LOW
408.33843130452357,10,9,32.44650437200703,1,6,5,7,1939.6590645316405,8,3710.2852833686898,0,54.37556607747158,MEDIUM
44.656848960414194,6,6,252.63205874505348,5,6,0,5,1665.70516389653,6,1684.1061077752743,9,64.87023840259681,MEDIUM
447.9342447499612,3,0,184.23995285625543,3,1,1,7,341.6681406401069,2,1821.0645083344377,6,89.60830270073012,LOW
276.05822619609944,2,3,97.7473752058346,1,1,0,5,731.2301557003417,2,2537.415520058466,2,99.61944277292754,LOW
409.5623961314344,0,3,57.520865217079944,0,2,1,4,922.5156672759751,0,1811.2373741062156,1,89.98240063979182,LOW
228.89755083655857,7,4,166.64918405088943,2,5,1,4,1224.286204791023,6,3919.5080716771954,6,75.35541259162534,LOW
323.5709591222799,2,9,175.1757867783406,5,10,8,9,2000.8151041663843,0,4873.937351067062,6,49.40473594047195,MEDIUM
265.569317163376,1,5,62.09808037351745,1,2,2,9,1414.9787545780912,0,2926.7623620365835,3,95.11919714400514,LOW
367.1368132688893,10,3,255.42172436744218,4,6,0,10,677.2074721699962,10,2235.726265060969,7,57.214686529241916,MEDIUM
45.406841105141844,3,1,25.279309846755325,0,1,2,7,611.3906824330841,1,1121.6429599384037,1,94.2996099974131,LOW
34.87428157532908,2,5,106.8279255499265,1,4,1,6,1270.1471213361833,2,3270.632762046523,2,88.62551219994323,LOW
127.3161008350225,0,7,204.11532412875664,3,6,2,7,1511.487244004991,0,3431.0285404588317,5,70.62970493537944,LOW
83.97461665602823,2,7,82.23610914576021,3,3,2,7,1603.5706922779557,0,3429.101129001675,1,84.63206293060829,LOW
436.53286546313984,1,6,248.30255843438155,4,7,4,6,1693.9964962233084,0,144.65532898377668,8,65.76093592811783,MEDIUM
113.51092374223194,7,5,221.96034798012104,3,4,10,1,1391.778008321213,6,4496.61928229575,8,0.0,CRITICAL
488.05330163047,5,1,236.70685336444026,2,3,2,10,487.54318069255766,5,1697.1517515115916,8,69.5797176334333,MEDIUM
171.7634169266979,8,6,35.73196076301488,1,4,2,8,1257.581955952263,6,3723.387154783229,1,66.72884042617318,MEDIUM
95.14836826590614,7,10,42.16413839866288,4,4,2,6,2208.9057914507503,6,3801.436466430596,0,78.2232325017439,LOW
395.9007610355272,9,4,85.94212132337509,2,2,2,10,931.5257570059687,7,3256.2693442730756,3,77.29125720169196,LOW
331.0603488729337,2,5,155.42314955926832,3,6,10,5,1035.5005397526952,2,1980.383950490018,6,0.0,CRITICAL
251.6068796443038,4,9,224.40482300982072,4,10,8,8,2071.1021943596575,4,3045.8372419144625,7,39.17162693868661,HIGH
279.9049577141275,6,7,250.95926722827105,5,6,2,0,1844.592849920438,6,210.59146937680404,7,70.67393692369556,LOW
361.0048802447706,4,7,211.30059478715413,6,7,10,10,1737.7999340870624,4,3811.860003017652,7,0.0,CRITICAL
118.08509695899286,7,2,278.5790644591915,5,5,0,1,524.8401939902556,6,506.9473551584112,10,73.54268284362068,LOW
498.18528844808725,4,6,221.62305288477907,7,7,1,0,1486.7923034768946,2,1989.7871197400125,8,55.13043938263934,MEDIUM
487.52261526265767,0,0,91.88036610138441,2,0,2,9,471.61714167348447,0,527.0577504481832,2,97.13362996030314,LOW
326.9112147417338,4,0,79.52438530157178,1,0,0,2,361.4575264614677,4,4187.0014846372815,3,100.0,LOW
103.77351320992685,3,6,208.85773509032697,4,6,3,10,1544.736949703382,3,2756.0089432454365,6,65.59498311385092,MEDIUM
341.7129800034892,5,9,57.86117060688428,4,6,2,4,2284.0790831137583,5,3457.866049644669,1,68.14539191098115,MEDIUM
40.738212444692046,2,8,27.814443243080966,2,3,0,0,1999.4366555920124,2,3416.085027514639,2,86.02664105911549,LOW
20.172988591874002,10,6,159.66686245685818,5,4,2,3,1268.311771549376,8,4209.615095975937,5,61.56057345318746,MEDIUM
132.55302981305078,4,9,246.4924709336866,7,10,7,7,1973.8175434881007,4,671.521322692222,9,25.601980746417112,HIGH
233.99836358596158,1,4,30.41395274095906,1,2,2,5,1282.570350368843,0,3302.0434206203718,0,91.97758575456723,LOW
434.7948901771484,10,7,237.56739713871877,5,7,4,0,1644.852697098999,10,2879.9189314742503,8,49.049175455591374,MEDIUM
364.94868953432245,5,1,243.47160130546442,5,2,1,0,255.81872266059267,3,164.17664163086377,8,79.88430588055128,LOW
372.6397279939906,5,8,144.68220002446307,4,6,5,2,1829.3024398361708,3,1015.1003150257848,3,58.46921110626028,MEDIUM
215.6192005517973,4,5,17.193093003146043,2,2,1,9,1348.4966170354003,4,1345.1819914773218,2,92.7618720181078,LOW
176.23782131074665,5,8,52.37695537415592,1,4,1,7,2098.774110840621,4,372.0563133915391,1,74.24142234618267,LOW
188.66418767737832,10,1,212.22788254857971,2,3,2,10,361.952658281601,9,1780.0518314350193,7,70.66311448270629,LOW
493.88653404934865,6,2,213.53338349728486,3,3,1,10,657.0434374396368,5,145.7405184902237,6,81.18061011113517,LOW
24.854049749178827,4,7,269.5065825502996,7,8,4,7,1839.840352324897,3,2770.3856263660705,7,37.560759588458296,HIGH
434.18059058061203,0,0,174.80584396637485,1,1,2,2,177.63360902866677,0,1065.3897932931386,6,98.94801743822056,LOW
291.4443272433347,7,9,37.23221031413322,3,6,3,6,1854.6307782954286,7,1442.145496490901,1,63.19348344238288,MEDIUM
222.11463249884727,3,6,36.42447165149164,2,2,1,2,1674.467937500752,3,4553.2534145947075,1,91.59403166496172,LOW
364.0025419054926,8,6,216.3397072070471,5,6,5,3,1444.22040335675,8,2519.0560771263918,6,52.12465380408977,MEDIUM
245.90112600522792,9,0,55.13539953237034,0,1,0,8,251.39185538598585,9,1352.3795169096352,2,75.29623586244549,LOW
437.344502850422,5,8,98.5156498849816,3,6,10,3,1910.6000723020911,5,2996.3241736578507,4,0.0,CRITICAL
450.84742268557295,0,7,146.16360207657416,4,6,3,2,1401.7683118516122,0,1016.3404599888031,4,72.0642662277772,LOW
213.75185880236043,2,3,7.429463272845361,0,2,2,4,1065.5655877844247,0,381.2344719632825,0,87.18392369922358,LOW
142.02975963135054,2,9,74.64570810597955,3,5,2,6,1980.725542387271,0,114.32270845734065,2,76.83745093415854,LOW
298.21341265371433,9,10,122.36688255218402,3,8,1,4,2198.465931192174,9,4758.129936427519,3,52.31989895637321,MEDIUM
456.619856080262,3,4,83.89089554796188,2,5,0,3,887.0546237666175,3,3625.8080124741505,1,80.81676715946571,LOW
109.27778355780495,5,1,40.91109824026975,1,0,2,7,389.0758066462305,3,4001.741259978988,1,96.12915679784548,LOW
313.368458863924,6,8,218.4036773388592,4,10,8,3,2001.9717653880261,4,4904.779463612372,7,25.534976666429145,HIGH
317.62230894579767,9,5,243.94429655039548,6,7,4,1,1399.9958362777675,9,4658.827230033063,8,45.575589778646936,MEDIUM
367.89094609556406,3,2,77.24369284311746,2,1,0,9,867.8984204477264,1,3687.1968612012042,1,93.79827545670194,LOW
70.1260041379936,5,6,232.325848381891,4,6,4,5,1401.614736340398,4,3472.9954783984035,8,56.68176785654725,MEDIUM
359.33335751763383,10,8,115.66606932039414,3,6,4,1,1954.3607518742922,9,1690.8814847075296,5,64.98142652097022,MEDIUM
454.97109772949227,0,2,152.00573725620083,3,4,2,2,653.6187776037785,0,529.0460864575596,4,81.89799818683153,LOW
93.94313889076977,7,1,256.8003224679458,3,4,2,0,602.0113947595655,5,2872.875516354204,10,73.6074768915398,LOW
122.58394583731943,6,6,224.98610454072235,4,6,4,4,1556.2710045664985,6,2885.503942492075,6,52.654978839838684,MEDIUM
485.84057155061157,10,6,241.53505539485332,5,4,1,8,1383.9514626431378,10,4761.664054224563,6,59.52630192107075,MEDIUM
94.58359159119743,10,3,41.053549975907046,0,3,1,1,768.3369171268462,10,2218.4283252419295,0,88.16943464514814,LOW
427.9206212179417,8,10,20.915827750118844,2,4,0,6,2126.2212315139836,6,3457.130045287281,0,66.0685153838256,MEDIUM
248.67753894177721,2,8,268.0214187263961,5,10,7,4,1888.257895244319,0,2879.1034307096415,7,41.17609492687737,MEDIUM
127.37938182957264,1,7,116.35028087132831,4,5,1,1,1881.9214257969297,0,892.0335432142358,3,79.10389275105477,LOW
436.02120112989314,0,0,86.36390342090425,0,0,0,7,100.033368808783,0,2964.4008956970342,5,95.90683832684623,LOW
225.42610122631942,2,0,217.40887627854735,4,3,0,10,47.62622745216261,1,2705.182379720472,5,83.98970518767655,LOW
259.83459019519665,4,4,250.924678973957,3,5,2,5,859.7003210381569,3,2474.590909607684,7,62.67461554476641,MEDIUM
182.82051785288402,10,5,258.7468865694903,5,7,4,3,1391.5493381250749,10,2571.980438905889,7,47.06053330186748,MEDIUM
298.5106714602891,1,2,94.79914233756821,1,0,0,3,575.0524021422818,0,828.2999800747638,2,100.0,LOW
85.94431692958626,2,8,255.6637173605022,5,10,10,1,1712.1834138461898,2,2322.7538788410325,8,0.0,CRITICAL
198.58536064262154,3,9,12.280183312303617,1,5,2,2,1976.42205918675,3,3032.209826389768,0,84.09615277495041,LOW
484.8590995559673,6,5,14.898447437915664,0,3,0,6,1322.6654064147608,4,2452.3515014408413,0,78.75178972914378,LOW
132.77604918705813,2,3,187.05575855224635,4,4,2,2,873.3935624141418,0,2448.5441136794752,6,79.29461898842334,LOW
330.0846489479396,8,6,18.93191073466387,2,2,2,4,1571.794703260613,7,396.81337186699903,2,84.44588336714497,LOW
165.96908179122397,7,7,97.38275055304845,2,5,1,9,1569.5370742408882,6,961.9630185634311,2,62.88620770773223,MEDIUM
387.8691972148673,3,8,201.8267958740772,3,10,9,5,1826.0142867323427,2,1611.6537369497482,6,32.443417948354096,HIGH
69.78246205558317,0,10,101.1800688162679,5,5,1,5,2050.984184481462,0,2102.5414996902737,3,70.5844736016104,LOW
485.06141731387964,0,5,53.879934432028776,1,4,1,3,1036.5293230163907,0,2973.7478448544352,0,86.33765987225836,LOW
229.62582298490142,0,5,84.40518655615249,0,4,2,5,1231.1276214220502,0,4318.092071570073,2,92.17852901398633,LOW
121.84497935649966,0,7,137.27259967512953,1,4,0,2,1550.7983037229617,0,804.2320430623832,4,79.93084928542388,LOW
41.38088992835627,7,4,142.6157566066447,3,3,2,6,1106.4002860680653,6,85.28927075136772,5,78.03937228716765,LOW
89.03016301833267,2,2,234.9000694041606,4,5,1,6,421.50108272228596,1,2251.6932825718195,9,71.07402904424058,LOW
262.28810453522874,5,2,225.04596882945376,5,4,2,3,460.8831887997827,4,2166.1934580840243,6,69.89329331788686,MEDIUM
171.81657233348673,2,5,137.04534136684055,3,5,2,1,1432.5954055531975,2,2763.98708029091,5,78.23033538546143,LOW
415.2972661118917,10,1,253.70020472963142,4,4,1,10,483.15581075955225,8,4167.776639143788,6,67.21087618785901,MEDIUM
218.28932421259393,4,5,34.27114157741875,1,5,2,6,1356.0272668456137,4,4013.779149402565,1,71.27936781183044,LOW
128.1135649308768,6,5,76.60600506867044,3,4,2,2,1420.9860593536478,4,509.2159893057559,2,83.88249302321668,LOW
310.4867683689949,1,7,248.39293905067547,7,7,1,0,1631.9171714750262,0,4670.6368797166015,6,64.24242913060036,MEDIUM
354.8547223582957,5,6,113.39821158784594,4,6,0,1,1580.530191983738,5,560.9678294254791,2,65.31258315369729,MEDIUM
87.68574441097019,5,7,294.35446763815264,5,7,1,9,1662.292789536762,5,3176.506837585838,8,49.1556536467009,MEDIUM
87.97151206271724,10,8,139.87598445835062,4,5,1,8,1711.374385136852,8,3365.3074050419227,3,62.282771010697495,MEDIUM
23.15235633210377,2,5,237.58068688912923,4,5,2,7,1168.8280844004698,2,3402.58866124321,5,74.94250517501335,LOW
369.51899745749205,5,2,120.69211241471159,1,3,1,5,645.1752205278304,5,1334.1023466602007,3,87.65252662516883,LOW
333.5832411727935,9,9,127.48605571872912,3,6,2,5,1958.4427760861354,7,1658.4220079073098,4,68.09685953754246,MEDIUM
239.94228349615787,9,2,114.86494418525504,1,2,2,0,567.7638456749492,7,2747.8976069954906,3,71.3609956295921,LOW
422.8643722397526,4,10,215.72268615324353,5,10,10,1,2168.696415624383,3,1005.9416040424909,7,0.0,CRITICAL
403.80672571027634,1,0,164.25536521799833,4,3,2,3,61.41998942855209,1,111.34923448842258,3,82.41891993186864,LOW
294.7504103763923,8,10,283.13343341051075,5,10,8,2,2042.3213036061256,6,2815.1008279977923,9,22.677007015959106,HIGH
434.79428385406305,7,4,75.26709496023143,3,2,10,0,823.2480198456522,7,2331.740074339916,5,0.0,CRITICAL
106.89139896820028,2,3,30.168819625033304,0,1,2,7,655.4781305171684,2,3287.0887190550757,1,94.0549999973585,LOW
60.4002116018753,7,8,117.97844552976457,1,7,0,6,1771.853546067809,5,742.035873409963,4,66.98272846894508,MEDIUM
138.52605770090986,8,8,185.0138122940328,4,10,7,3,1896.9359028915285,7,4206.215224003358,5,32.22827143412624,HIGH
33.25799376421085,2,4,258.2396810746485,6,5,3,8,894.0734636047044,0,739.6452274180311,8,75.76133535368325,LOW
267.92891636051087,2,9,103.8590660040983,3,6,5,10,2244.004423001319,0,4457.804588351318,1,56.51627871330234,MEDIUM
468.61981768600594,1,3,196.13602533733848,4,4,2,3,1004.1912156197247,1,2253.110651252558,7,70.6834016381628,LOW
24.475052630912273,7,6,105.05960430696571,4,4,2,0,1460.2635564045818,6,2753.5282442697467,4,71.756167087719,LOW
65.44440743496327,9,5,185.16587489833742,3,3,1,9,1362.10491540668,7,4483.940866460303,4,75.36864729531143,LOW
228.83851900030047,0,3,265.44238410919525,3,5,0,0,783.1642623493792,0,1506.5661119005645,7,74.10913980184066,LOW
467.2681336763129,7,9,69.40729267782271,0,5,1,0,1818.388896366545,5,917.316711243346,2,73.7967910953049,LOW
161.4972719634915,6,1,121.27249263211175,3,2,1,0,652.1664237662699,6,2234.3005878890735,4,83.92736307171296,LOW
256.0812303007542,6,0,297.97955892892395,5,4,2,3,63.896744128910996,4,1229.3924703532568,9,69.22079254753208,MEDIUM
25.57856522994409,2,3,260.5671084748382,5,5,1,0,1073.9686731898257,1,2643.9411185861823,7,76.80415892327544,LOW
78.42988447623398,0,3,169.3919573688606,2,3,0,1,885.941294133055,0,1383.536743577139,4,85.62531081390671,LOW
493.3819108646292,3,0,154.98827755628258,0,1,1,3,152.78153051071496,3,4323.80278262133,5,98.31462405948041,LOW
482.7337547358425,8,5,85.3801146914043,1,2,2,6,1247.7623116559223,6,3040.5497153660526,3,90.27547662681322,LOW
7.44529056253276,4,3,155.1628283080588,2,3,0,1,850.814904461547,3,11.200942017082308,5,82.00326170223902,LOW
476.1468337845033,0,0,254.45444948398415,5,3,2,7,11.643539721290953,0,4029.3139360523255,8,74.41446690965797,LOW
321.36436921867266,4,0,205.55235398333417,4,4,1,6,177.72992594206931,3,1657.759560263468,5,80.46464352903024,LOW
434.61955578741095,7,0,87.01320845339598,0,2,1,8,369.9328997714587,6,1607.8378409332358,3,88.3441121018332,LOW
230.09622853876024,7,7,60.439176316059886,2,5,1,5,1655.034594475354,7,1921.4834325509921,1,69.6156529214203,MEDIUM
260.22003414672884,4,9,79.56256109904874,2,7,3,3,1922.1150585047922,2,3155.0100151395627,2,66.67266586700808,MEDIUM
246.9790572271755,8,7,50.927760417847956,2,4,1,5,1567.554930018472,7,2215.8829448671727,1,77.00188089540737,LOW
335.09780748532165,0,1,28.69220880711478,0,0,0,3,631.5271965579745,0,3146.8913773828153,0,96.62526710027058,LOW
74.12737110437489,3,10,125.7408523326165,4,9,7,6,2262.774835075115,3,742.4358009626039,3,44.95981266868736,MEDIUM
19.836926986975584,2,6,33.98988131948031,0,4,2,8,1464.176061275618,0,4851.120677975188,1,89.4220719985241,LOW
157.4253210876395,1,7,51.5737673181313,3,3,2,2,1880.7337295255052,0,3650.735372548481,1,84.1118628746877,LOW
353.8169775546401,7,7,164.19740530184583,3,7,5,2,1560.4406995183217,6,1258.5334648201313,3,56.53029207528533,MEDIUM
104.91745880085944,6,10,49.379782109872416,2,5,0,1,2239.7705625531144,5,3623.6078412931315,0,74.66484552505378,LOW
338.3490544958341,8,9,19.163930229270854,3,5,0,0,2205.856798860417,8,2879.37702674558,1,65.77050584988697,MEDIUM
485.10646282309887,1,10,95.21665500836556,3,8,4,0,2379.456124443515,0,554.8530920535381,3,60.29289841291581,MEDIUM
51.4808543157621,3,6,66.09572958659025,1,5,2,2,1332.8997109643362,3,899.2001696727492,2,81.19081377743031,LOW
337.9380485214375,5,4,154.59155639831303,4,3,2,6,875.545523802693,5,216.1276281881094,3,76.0654589584535,LOW
224.65635855576272,10,0,30.710125374962793,0,1,1,10,350.35228809368414,10,4048.0979776566587,1,85.61838614719458,LOW
434.7304159168651,2,8,225.53123630489344,6,10,9,8,1728.8280884035973,1,2763.0067154502226,7,30.74081713452651,HIGH
92.68914577645603,7,6,271.8700558305416,5,6,3,1,1661.3379142621206,6,1590.5757567645574,8,59.83459773396354,MEDIUM
347.84984635195144,2,1,223.03055218685833,4,3,0,6,264.623846994613,0,640.4610611207182,7,90.27080577154197,LOW
419.86706837581454,1,5,159.84811122041828,2,6,1,0,1159.1576000673883,0,2425.388921042292,5,77.55021972262958,LOW
472.5840386396415,2,1,258.20034653666556,4,2,2,1,227.39362346245687,0,2631.0541201225146,10,80.58648716746147,LOW
343.20777400337465,10,0,208.47551393445224,3,4,2,5,351.65265343168903,9,3512.7230198927214,7,58.344138277069355,MEDIUM
251.1015081841715,5,6,3.165336735056956,2,4,0,10,1645.631324457699,4,4849.986680130986,0,77.20738225472584,LOW
310.8343838996009,1,1,118.22704583235092,2,2,1,4,517.9372636655035,1,2180.3781967328,5,93.96964970372356,LOW
435.1079673169655,7,1,255.28556982204,4,4,2,7,668.8765077557418,6,2036.1106909059026,7,78.90271052354541,LOW
287.4518245862207,0,10,103.75765739258078,4,9,9,10,2064.2519892506048,0,1855.9507229047113,3,44.67634882225666,MEDIUM
20.041594549934246,6,4,10.56455205765705,2,4,1,1,843.8669636313494,6,4136.350305744637,0,84.65464257763045,LOW
465.819604275954,1,4,223.8538915656817,4,4,1,0,1219.2063655836855,0,790.022934782197,6,81.34696065482933,LOW
346.31574176062276,9,6,240.61148108486057,4,7,2,6,1627.7555876932538,9,1725.6263891390963,7,57.185325114745886,MEDIUM
339.874125959737,5,0,48.178108512992566,0,2,0,5,415.5197635535641,5,3627.6043163282006,0,92.25082618172202,LOW
111.75920043687,1,7,161.20214905295435,3,5,1,7,1799.4824512668729,0,88.31772735880794,5,76.2350543446232,LOW
331.1483077651653,1,2,57.586631698717724,0,2,2,10,581.11418196933,1,1454.0098107924164,2,93.0520317618511,LOW
199.96288079880844,9,3,215.77032571324403,4,5,2,7,708.7310417956938,8,3210.821342146002,5,65.25478466281429,MEDIUM
327.3603236355386,7,8,81.4651365532457,3,3,2,1,2064.402009998895,6,937.9009690240155,2,79.16468339466506,LOW
57.76355000245541,1,3,94.86453676899902,0,3,2,7,753.500091424167,1,1520.5257399301133,2,94.22969924758488,LOW
330.63342577850284,6,9,253.49125609203043,7,10,7,5,1999.2038410820162,4,2435.364921671314,6,30.677876969613592,HIGH
499.70979425647994,2,4,142.8967056620713,2,4,1,8,1149.7794797258166,1,2115.897594188739,3,79.20860649063158,LOW
28.864959235975235,7,6,200.92633536547436,4,7,10,6,1346.678039996994,6,539.0756778773405,7,0.0,CRITICAL
488.7012211895521,6,3,120.7119152167403,2,1,1,1,1009.5651107805006,4,4691.794258055606,4,88.26078839825695,LOW
206.41944055782096,7,0,89.40205715812662,0,1,2,7,35.01731181589063,7,231.0206757046429,1,87.03952236311575,LOW
436.02295791694326,6,8,187.6434181273984,3,10,9,8,1995.5913336944673,5,3751.2163545498615,6,31.864381766196445,HIGH
392.2808146088454,10,3,46.457272223646385,3,1,2,6,900.9256613089021,10,366.3996277448758,0,75.06273945539715,LOW
285.67304918840057,5,8,111.8999506700589,2,6,4,3,1886.4968220567964,5,2341.806057095146,3,62.03159073663294,MEDIUM
370.5323585794066,6,5,62.71111121577668,0,5,2,8,1229.1885195693303,6,885.302345360501,1,75.1809861441051,LOW
439.8652028441672,4,0,208.73849008222365,3,1,1,3,138.5227981417112,4,714.0780041803372,7,79.25771566513511,LOW
205.04945921726133,6,2,283.2626515038323,5,5,1,3,632.0351427156183,5,638.2309029432081,9,69.81057851198304,MEDIUM
166.88141497380315,0,10,298.6532904047599,6,10,10,8,2225.0142560093436,0,2269.4053171097585,8,0.0,CRITICAL
335.45872585397444,0,1,135.08304313247723,2,3,0,7,491.87709439153497,0,2582.2696978425884,3,91.6712461128266,LOW
404.883741260923,8,8,75.75911689093334,3,5,2,3,1740.7871429277652,6,675.588622778771,2,66.89877383018663,MEDIUM
382.3311417144248,4,0,132.84881111529725,1,0,2,7,38.79779098807451,4,4897.184694028535,3,85.81760997679223,LOW
399.9177561850241,4,8,254.18082298881714,6,10,7,7,1672.5447233195691,2,1296.2517754424935,8,34.39194336211564,HIGH
220.61374083240185,2,8,61.801703565611966,3,5,0,6,1949.5887157307864,2,2299.618284617888,3,81.35068288212125,LOW
409.8279370066357,4,7,285.62869549587714,5,7,5,9,1411.2461648177703,3,1089.185092433521,9,60.4170354907156,MEDIUM
64.50348240845118,2,7,102.5597306394453,0,5,2,5,1828.221522322715,1,2474.674000793232,5,75.61406136109541,LOW
274.5221034906205,8,10,295.74109783509147,7,10,9,7,2347.198663739957,6,3782.522746501258,8,16.61440201476458,CRITICAL
7.850536946570177,8,0,251.58266626018866,6,1,5,6,384.04327065385814,8,2610.2990513295313,7,67.84251401548686,MEDIUM
165.66998580063378,5,10,242.5711602442171,6,10,10,4,2417.9922245467374,5,1435.3878648830955,8,0.0,CRITICAL
186.39845976134194,0,7,95.37140213198508,3,5,1,3,1461.3552219650905,0,1249.499077582351,4,83.73340952104287,LOW
201.10548234658143,6,9,2.6331635843788392,1,6,3,1,2211.2255454850333,6,3797.0826870729966,0,66.63003880142136,MEDIUM
349.2562673114818,6,2,114.63987264779635,3,0,1,10,652.3212188295282,6,600.0084968740538,3,87.41184766379857,LOW
197.33626012882115,9,10,90.5428108988081,3,8,1,7,2442.7619193765986,9,1856.1328070852887,4,55.888482738747435,MEDIUM
227.1033431981527,9,6,11.219097122639187,1,5,0,8,1643.2933005301718,8,765.8987561028879,0,78.31608571162855,LOW
122.5843447827921,3,10,151.6095769517789,5,9,10,3,2012.089021877085,2,1297.2993881794648,6,0.0,CRITICAL
189.75963685652334,7,0,120.90939338482099,1,0,1,3,191.43260774176946,6,771.8893300999115,5,85.28810909041982,LOW
117.49846549525998,5,0,190.36694032245742,1,4,0,4,263.1993979326367,5,4434.994817626709,6,75.05098401386249,LOW
41.2319822653796,3,9,186.35589665822496,5,9,10,1,2139.180044891451,2,3662.201953075029,6,0.0,CRITICAL
303.70705372378205,3,4,36.22399076900403,0,5,1,6,943.093123342067,3,2809.026957760864,1,81.47716101249698,LOW
335.76533528473306,1,4,293.0896638379868,4,4,1,4,926.0711303323261,1,1129.88186025271,8,62.581536494829784,MEDIUM
311.6477212747592,1,7,56.079428832434076,4,5,1,5,1590.6328595445236,0,2556.0318677239825,0,74.65560535084498,LOW
234.42955168128333,3,6,133.58220742941137,3,5,2,3,1450.4693458749473,3,2608.957700173386,4,80.00042284280899,LOW
192.99396118871877,4,7,146.43526303012047,4,5,0,7,1875.5731157027067,3,2956.114591012992,4,79.56504359400816,LOW
432.3501565380535,7,5,243.91883916423603,5,6,1,7,1381.0542333487188,6,309.8249345414299,9,59.6588966561311,MEDIUM
