population,population_density,vulnerable_population,sos_count,medical_emergency_count,injured_people,food_supply_days_remaining,water_supply_days_remaining,medicine_supply_days_remaining,shelter_demand,distance_to_nearest_hospital_km,distance_to_nearest_warehouse_km,accessibility_score,accessibility_risk,rainfall_mm,flood_risk,landslide_risk,weather_severity,road_blockage,connectivity,disaster_severity,request_age_hours,priority_score,priority_level
16295,189.72963396405635,2398,34,0,1,6,4,2,4547,114.73443732084758,165.88764513007985,47,53,178.24827683997287,7,4,3,5,3,9,41.69400737988985,19.12103092445017,LOW
1360,54.81992310209579,149,11,4,7,3,10,7,138,53.14010180706348,172.2502079727633,91,9,20.797372564520124,1,2,0,0,1,5,24.75233544486412,12.661606531838338,LOW
38658,413.8682127479003,2850,129,25,32,8,11,10,570,112.94411433644528,42.71691081089331,64,36,120.14528942844547,2,2,1,6,0,2,32.54546887844826,19.585400745766297,LOW
45232,2817.3492056677646,5822,135,28,69,12,8,14,722,27.037126458737426,61.48300949553171,61,39,210.849568711079,5,4,5,3,0,3,49.199380295476544,19.167251401110324,LOW
11784,142.56381220233635,873,41,17,19,10,12,14,1634,23.896108273237182,64.26905393987964,66,34,186.25276862365482,4,6,2,1,1,3,50.597523695567325,5.903741321372431,LOW
6765,164.36174374078027,637,0,0,0,14,14,12,0,55.115920370243046,61.47275241690552,46,54,399.8678572492135,5,5,10,6,5,0,2.4702836629058007,1.4566628187360582,LOW
17350,196.25018395714295,5150,48,7,20,10,12,12,182,122.11684351138827,172.52755079981472,88,12,155.50586084676402,3,1,3,0,1,2,55.50514110803237,9.072275318409682,LOW
37694,430.95905607199217,6069,9,0,1,12,7,12,1678,40.72049585013377,16.0581110896325,55,45,154.79962370172356,3,4,3,6,10,2,35.78660241935964,11.710516273866087,LOW
22462,275.3947740552466,4109,0,0,0,14,14,12,0,14.17174429030854,24.45899790634712,80,20,201.4327109657841,3,1,4,2,1,0,40.30396229270532,0.0,LOW
47691,595.7436282021263,12800,156,59,65,7,6,7,7742,24.097882604921487,62.04382541968171,72,28,76.12124410849192,5,3,2,1,7,8,21.806584241074457,23.974132861410393,LOW
44631,1314.8220198093666,13339,685,329,432,1,4,4,2620,129.51802043678913,47.97586518339429,6,94,350.52176918366314,9,9,8,10,4,10,30.589615699041538,100.0,CRITICAL
16523,1302.3226745722548,3233,0,0,0,14,11,13,0,96.89857628835671,54.05332663774119,91,9,228.9071155457794,1,2,5,0,7,0,51.29182207952222,1.3043550185531738,LOW
41590,960.8827390280732,10527,378,35,61,6,7,4,13319,41.714168688646616,161.609205958127,63,37,76.84305567976897,3,4,2,4,7,8,56.035036910514485,42.08343006702891,MEDIUM
2185,101.69966946247611,287,0,0,0,12,12,13,0,85.5178946725863,116.99405283948892,75,25,317.37663654885296,3,4,8,1,1,0,28.178091953510428,0.0,LOW
1269,17.86811721473104,160,0,0,0,11,14,12,6,81.49904525167581,11.096425645663919,91,9,13.7328684571413,1,2,0,0,6,1,49.914903584570105,1.0246456419118075,LOW
2933,77.42979742451108,441,4,0,1,13,14,13,97,100.03821687389588,91.5713254837971,60,40,393.0256802341709,5,3,9,4,8,1,18.95011037072332,3.017861348469819,LOW
5811,59.48836378161562,1267,27,1,2,13,8,9,885,38.81219539113437,87.49813610156819,18,82,346.05973390854854,7,7,6,10,7,5,59.989620560192336,9.791699333425528,LOW
38319,581.5394585616561,8451,187,28,100,9,5,7,8200,130.33843314318767,31.64960119446327,61,39,231.85578221360794,5,4,6,3,8,6,44.10171808187662,25.133163637589913,LOW
39688,477.3884405490522,5112,290,34,48,8,4,5,9414,49.85844150160186,138.46693983427684,48,52,44.51826510282659,8,4,1,4,7,10,55.92583589878299,40.36637267830809,MEDIUM
18068,1027.1836459696856,1505,0,0,0,14,14,14,0,105.64908982655434,143.3984657921033,84,16,86.10910931586857,3,1,1,1,3,0,34.61657194072609,1.6179706161930443,LOW
20269,233.26825947542696,4217,63,3,15,11,10,9,1345,7.338073723971159,146.96971161989856,94,6,111.77406812542526,0,2,5,0,9,2,16.881313876209802,2.8474222784437893,LOW
29193,315.0484673019058,2396,4,1,2,12,13,14,542,59.03528383465135,148.40947965613248,76,24,96.41269516144439,2,2,4,3,6,1,31.190024601925543,5.712025177821539,LOW
6896,134.50129376145068,1342,92,6,16,4,5,7,528,55.9979236040272,10.010037117136392,46,54,199.00800418137828,6,4,4,6,8,7,27.776205705199935,16.940921770083325,LOW
27980,447.0074927019652,6249,352,36,118,6,9,3,4573,83.8052421445371,191.2449527308772,16,84,377.8241481068591,6,10,8,9,8,8,24.289232855971377,47.7199035999989,MEDIUM
41934,539.9904350286153,9441,16,9,12,14,14,14,1600,15.546757957693492,164.69966574038597,84,16,177.6690339071242,2,2,4,1,3,1,15.670422963515701,0.0,LOW
26158,1210.4766290559328,6235,6,0,1,10,13,12,622,119.56904919028571,181.7565223519642,65,35,264.62582726936216,4,5,5,2,6,1,54.78045064440614,0.0,LOW
19442,368.6122042923929,5214,119,15,61,1,4,4,2623,36.57821625629744,12.972226108412485,18,82,275.43328239152925,7,7,7,10,5,9,6.6741437844200755,31.29432332397397,LOW
18931,441.5600834651759,3312,194,13,49,4,6,6,6299,103.17048315789148,187.43317119929048,25,75,348.6322901017931,8,9,8,6,2,8,63.96060648683712,28.717939994427816,LOW
3247,171.74869616888458,755,12,0,1,11,10,11,429,121.46575787039352,163.8598204507399,94,6,13.528515028607702,1,1,0,0,9,3,13.014267687189376,0.0,LOW
689,17.261348032830565,141,1,0,0,10,8,12,59,86.4721586550194,169.07163716215274,82,18,161.73202373901688,4,2,5,0,5,4,70.5609661073852,1.0132118488581923,LOW
19618,1709.4256319704868,1896,185,98,135,6,6,2,3675,112.4280649746879,27.72460309717402,26,74,313.89404563443975,10,8,7,5,7,10,71.17546543822581,44.01128553038714,MEDIUM
36273,4867.466664263644,2046,145,34,52,7,4,3,8889,100.9697452711758,150.36782549453355,13,87,325.9468059861785,8,9,7,9,1,8,28.984673448742353,43.459677359270394,MEDIUM
2399,134.46708332815587,290,2,0,1,9,6,7,34,56.55182058704111,192.38417103199728,24,76,370.9330460696045,8,8,10,7,2,5,71.1292066932068,10.940329514011454,LOW
1767,18.311652081460412,284,17,4,8,7,5,4,549,122.28448815986697,138.92399486945052,45,55,281.11774392720093,6,7,6,4,7,9,62.63839898557193,10.998421497711188,LOW
32051,560.2801958687243,6547,194,54,64,6,7,9,10029,47.73169863340156,118.40666687867522,48,52,98.0615784418974,7,5,4,4,3,8,6.393764801686591,28.775005009288357,LOW
11894,122.93145488143087,3122,107,33,52,6,4,4,1890,87.82587307396999,189.6696387723094,48,52,202.26629723375126,6,6,6,4,3,8,68.2339922994462,21.148704091834034,LOW
4056,88.00689424572154,401,46,8,9,5,4,8,212,113.08267217552323,94.15805312954284,78,22,12.938115167559028,2,4,0,1,1,6,3.539778592178487,9.411801497677972,LOW
4390,126.79603902041336,357,14,2,4,8,4,6,56,59.9486069228136,123.86577759899096,15,85,258.77133643929875,8,7,4,10,10,9,13.506872002346162,12.311044167141102,LOW
42106,793.2035051874306,12247,34,9,12,5,7,4,10732,48.90130310452663,100.50427576392957,44,56,221.7180846035027,6,6,4,5,9,8,42.29858117053721,21.24035869680698,LOW
31240,668.1836914684951,2405,30,10,20,12,10,9,1680,71.6051714750593,187.24078205845683,47,53,266.73451230451724,5,6,6,5,0,4,6.272708255600972,5.445363762100355,LOW
15002,997.5964452494654,2544,58,8,16,13,11,7,1391,123.60470668062727,24.456098085446378,37,63,372.0562213550382,6,7,9,6,6,4,12.063534624739878,12.67455185385677,LOW
22277,338.15281215136105,4375,225,100,114,7,5,6,3012,139.8386556561214,105.21274315681616,37,63,274.9106446881726,6,7,7,6,3,7,68.67466277852506,46.9414870435161,MEDIUM
11127,435.9490072656853,2062,120,5,20,4,5,5,875,84.03709486468406,140.52096386323328,54,46,128.17997214990447,6,4,2,4,5,9,71.62018376946398,18.178357063946113,LOW
9292,145.50384419253393,664,28,3,5,8,12,11,708,100.91259977192952,160.462242300225,84,16,79.4946655480627,1,3,1,1,7,3,57.566762737291256,7.583596723166885,LOW
43823,656.3365017721646,2815,270,109,140,6,5,4,8056,135.97467522464257,120.77354301438591,16,84,341.8544827274619,7,9,8,9,10,8,37.33747148972625,58.976276261322354,MEDIUM
43521,2238.4626997871437,3323,179,87,109,9,9,10,8149,19.28929345487665,182.69437138307626,70,30,77.73285730950423,2,4,1,3,6,6,64.87151690195478,34.48828512556825,LOW
8933,824.9744163918544,1754,43,10,15,9,10,9,675,38.65139379059393,188.97837490793563,85,15,64.64383223814556,3,2,2,0,6,6,8.500762118175162,9.375612625467747,LOW
43501,549.4468665929231,8094,109,16,29,13,10,14,933,107.79050090647945,22.220652406780868,97,3,82.64483227239032,1,0,3,0,5,2,67.91676865101813,8.499062688447745,LOW
11516,236.56026943851742,1248,14,4,10,14,10,10,1406,124.44294697728346,86.45040251286113,71,29,203.5363392522027,4,3,4,2,10,3,25.6360343130634,8.429166778607811,LOW
24397,2317.8812976988584,5109,229,22,24,9,8,6,5139,129.26920910793382,14.457214127019343,82,18,49.674977263782736,4,2,1,0,3,6,62.0964914731734,24.009858039167305,LOW
3112,31.272516019620706,793,37,10,21,2,1,5,1201,65.19054064396522,72.58916490114416,22,78,375.2473322386809,10,8,8,6,3,10,48.288698527955454,17.682672866928733,LOW
23983,2286.4571930912193,1448,146,67,80,8,5,6,1478,17.954285832320693,112.00496141441441,12,88,386.50148289603584,10,10,8,7,8,10,69.15961273998413,46.902118691921686,MEDIUM
49055,690.6397551175895,8561,206,25,113,10,10,8,2198,68.47831420844489,183.0510367968903,22,78,389.52074131319955,7,7,10,9,10,4,62.324473267401004,33.940750244576385,LOW
17659,179.371153501796,3926,68,19,50,12,11,13,1016,38.456515580022796,170.84532126842655,82,18,15.649921927887922,0,2,0,3,4,2,63.98469366888979,6.3181425649822796,LOW
45474,1640.3513355655014,5142,0,0,0,12,12,12,0,47.2234859745105,34.22494806767729,39,61,378.4790105920127,4,7,10,7,8,0,45.67043646258218,0.031529399355040066,LOW
41494,2241.2603831722786,5267,119,20,28,7,7,8,11105,116.97879574143835,27.675771200770185,24,76,398.9659730469701,9,7,10,7,10,6,60.070834964803716,24.926293154254083,LOW
15041,909.8349816022587,3059,71,9,20,8,10,10,3128,15.951427473753595,121.96079436376674,48,52,376.9716437381948,6,6,9,4,8,5,54.634877279435706,12.224730442307429,LOW
36420,1077.1598075893994,9996,430,31,134,6,5,3,711,124.9992765347018,111.10241476716871,29,71,268.37556230508244,9,8,7,5,3,9,12.056053859627939,51.20731648368216,MEDIUM
27031,1851.5205274048383,6824,81,0,1,11,9,7,6656,67.01201744450452,60.611751871704534,36,64,280.4920609634003,6,6,7,7,1,6,46.874677731756876,12.251490973218942,LOW
2085,29.467745748911074,408,3,0,2,14,13,10,93,91.42927000958629,180.8960860652287,89,11,48.90117594937906,0,1,0,2,1,1,11.094551576191343,2.0884625572340876,LOW
4443,406.9530694448767,1033,17,0,1,11,11,12,37,17.999573529173453,186.19961779769517,36,64,349.718830829985,5,7,9,7,8,3,62.66611271481539,8.059326152502965,LOW
24439,457.7011561894706,3450,43,8,24,10,12,14,508,53.917066361805546,86.49617328463091,97,3,23.8558338515086,1,0,0,0,8,1,5.215410652807746,0.0,LOW
19957,200.19821977938994,4195,101,47,58,9,8,7,3748,18.006633257152636,179.15748585156885,61,39,127.09221864705592,6,3,2,3,2,7,71.07383691881918,21.8292227770849,LOW
1521,18.47506596525642,253,15,5,10,3,6,7,106,144.4238398177609,82.9502899099648,37,63,396.4606580592748,6,7,10,6,4,6,29.14480662884637,7.916056085806836,LOW
12153,191.5491816272929,1184,0,0,0,13,14,14,0,122.05293915230631,149.99519804764302,88,12,168.9311516411981,2,2,3,0,4,0,12.699998789652646,1.6300445308145948,LOW
44073,1292.6872329462296,9935,25,13,14,14,14,9,1952,71.64674938168673,100.42902133406758,82,18,52.46248958610349,2,0,2,3,1,1,67.40076133177745,9.14658665132574,LOW
13917,216.53924666208968,2631,25,3,6,14,12,10,603,37.42236950693231,33.29079973636477,49,51,387.71786481963204,6,7,10,3,1,1,3.7479580154341283,6.629656419552978,LOW
41257,749.1882120037386,5761,34,18,20,11,11,12,5816,140.35099026122856,186.3074982350341,51,49,393.65585881669443,3,8,9,4,9,3,34.11255286739232,8.153404403249016,LOW
10192,224.10874707227336,2831,38,4,10,12,12,11,493,54.966506380410905,96.27835274173195,82,18,74.81707409548575,3,3,2,0,0,2,55.57123964660194,8.28998429065281,LOW
46258,2655.8368157654127,2554,0,0,0,13,11,14,0,28.34274259466934,149.55253766125668,64,36,345.92152349606835,4,4,8,3,1,0,23.14765899336662,0.0,LOW
7373,82.63156791516866,950,14,0,1,11,13,10,245,86.65883632582346,79.76302474194551,91,9,156.1693304775567,2,1,3,0,10,1,38.31167889805028,8.425340390803392,LOW
6175,129.37480202157317,396,69,10,17,5,4,5,1286,141.84724744999835,13.587366929484585,39,61,152.5473857946858,7,4,4,7,6,10,50.57953066643684,17.455623792797333,LOW
661,28.140665803450684,159,8,2,3,5,4,5,11,5.555392122546773,29.100768151448822,75,25,105.07905275876067,3,4,4,1,0,8,68.56631410159444,4.626769375272811,LOW
37565,940.6031971158517,8471,0,0,0,14,12,14,0,39.528102271829816,104.28170110308564,94,6,17.884109821958603,1,1,1,0,0,0,7.843238707878642,0.0,LOW
27057,610.18449282201,3594,225,111,134,2,4,8,3041,141.0749078595091,141.09322785400886,47,53,107.20359347408942,7,4,2,5,8,8,11.741709315616763,49.02315653635009,MEDIUM
34263,409.76558303590735,7500,308,30,51,11,9,6,504,29.807465194288497,73.59971205006303,94,6,21.51076213322081,1,1,0,0,1,6,36.88426900637578,26.7602398120523,LOW
33106,443.22543895047954,4932,52,1,6,8,12,14,34,21.42030048777388,142.14280724375357,32,68,369.74881854398535,5,7,7,8,10,1,30.420959722228353,14.359843286894094,LOW
12034,154.1161494045453,2876,4,0,0,14,14,14,560,87.67714629097165,142.74076199207164,82,18,264.6882689570914,3,3,7,0,3,1,29.871925488882148,3.0753516517137696,LOW
29627,4898.6683810643035,4845,106,34,41,12,13,8,1493,129.96735437775033,143.74782239228787,28,72,354.6490600065566,6,6,9,9,10,4,21.732747459934952,25.998757128962275,LOW
40897,918.3190734670563,6260,146,24,62,10,11,11,3663,74.1809235656193,103.5791522638966,55,45,286.91627258822825,6,5,7,3,2,4,40.58896309339036,17.317532576834637,LOW
26351,519.4598396180589,7475,23,1,7,10,10,8,3757,149.2118172192561,183.82836852308574,97,3,52.5147484330557,1,0,2,0,10,3,63.65511603584871,0.7837140684646213,LOW
1516,222.18098103573388,170,12,5,6,5,0,6,318,103.47989643300896,102.94733841631697,3,97,376.23261469411915,9,10,7,10,3,9,12.006090348457267,15.550620318219972,LOW
24753,833.9326018565481,1983,363,121,124,3,2,7,875,15.740861545514923,95.55038676436125,13,87,359.9572214531068,10,7,7,9,10,9,15.892972558946672,68.38688795207754,HIGH
24776,320.81822342979973,4859,33,6,24,12,14,11,1367,148.96065909388642,47.882355612019126,63,37,139.23043116041427,3,4,5,4,10,2,48.46388009267038,8.74274594031892,LOW
23747,1317.4171423946593,6941,65,12,13,12,9,7,314,64.14466433312762,68.45446659770394,80,20,44.6133361406706,2,2,0,2,6,3,4.518132281542248,11.973182719022457,LOW
24800,444.0110762023682,3582,429,104,215,6,7,5,1061,46.67336740759497,18.043553578477635,18,82,281.66190031554953,7,7,7,10,9,9,48.67414026875496,72.19932256252942,HIGH
9029,354.85524650062354,591,4,0,1,8,7,9,1153,85.89248161879341,130.37170578707236,59,41,291.344521094689,6,5,6,2,1,3,22.98361478672862,4.464748975171045,LOW
17762,2887.4382270772458,2394,21,2,4,12,14,14,257,49.12460081402533,57.22179134614765,42,58,358.7316179362829,4,6,8,7,1,1,26.08655609510107,3.8177234552619064,LOW
9768,349.9301979107572,1723,59,17,19,12,11,10,1325,17.536338532422086,67.78949835223837,97,3,21.062303780431968,0,1,2,0,8,4,29.496780228337368,9.90523439640133,LOW
21771,222.81694951754164,1969,134,32,39,10,7,10,2215,5.207109746480624,156.45475911622103,65,35,56.68153521094874,3,2,1,5,5,4,25.495510646657614,11.822509712316768,LOW
12685,156.32312120884401,2721,74,2,10,12,11,12,564,70.18958617343803,72.17202480067624,53,47,239.29951715167292,5,4,6,5,10,4,60.64648792148655,8.312602693698771,LOW
21743,226.11324325295183,6510,321,30,122,0,0,7,5629,126.34519622285588,56.01721948249701,32,68,247.65262034803303,7,5,6,8,6,10,68.1438947041221,53.529589237183984,MEDIUM
39599,771.2167748905123,6452,83,15,25,3,5,4,1366,87.9857019163611,42.12097233540409,66,34,13.443864926002513,2,4,0,4,4,10,39.68282048510747,17.717311084884486,LOW
9071,588.0736432010465,1257,91,3,12,8,3,1,1417,149.88505834679893,157.22309641457161,53,47,158.77282042466337,5,8,4,2,4,9,42.10431266669816,23.488905058147278,LOW
40476,709.4064175305658,6078,0,0,0,14,13,13,0,46.592763618843996,34.64418901810511,74,26,233.66469251041963,2,4,3,2,3,0,5.5395422229606135,0.0,LOW
38544,800.2350747303153,3036,53,16,17,11,7,10,2200,45.665984390208024,96.21321444756717,55,45,295.16453326069353,5,6,7,3,7,5,51.49322287781155,12.408597989285434,LOW
49716,583.4257869048683,13464,61,2,6,3,6,8,16410,28.16367173392191,106.31672205466694,32,68,126.46027671133142,7,5,2,8,6,10,42.263069416932005,9.682545843473605,LOW
49484,3456.1066554986596,7606,81,4,8,14,14,13,128,28.7892202984736,140.60408341028577,69,31,193.56139720873657,3,2,6,4,9,1,4.1032084522434245,8.610498796729988,LOW
41274,803.2632171439024,6059,359,93,185,10,9,8,6003,46.35205642145693,130.32386164326914,40,60,325.6219489248037,6,6,7,6,1,6,14.687435195626785,47.166659882110416,MEDIUM
3068,159.33835613130373,659,8,2,4,11,11,10,329,119.96180656466143,164.03692785958322,51,49,381.55802555909617,4,7,9,4,1,3,14.938954558068236,0.0,LOW
2527,70.49952515776674,405,19,4,14,10,10,10,217,136.33473464228493,18.50277244598525,80,20,92.1258701559382,4,0,4,2,5,4,12.724208563950185,0.0,LOW
3195,42.57223021832805,677,19,0,1,11,10,8,558,146.38763960761378,66.32373770808547,91,9,101.21688232795849,3,0,3,0,10,4,47.59318575552856,5.9397249180358,LOW
48690,969.500801243194,3182,377,31,35,10,14,8,6156,38.68199984398563,63.22548256732215,30,70,375.9272749735502,7,7,8,7,0,4,66.88343249793748,40.16274519441112,MEDIUM
5758,141.44157924640785,1459,10,0,0,14,14,13,275,132.7881441140433,37.74321206250056,84,16,158.36446030507344,2,2,4,1,6,1,55.05273576312269,0.0,LOW
22502,529.76737919556,6415,91,31,38,9,9,10,1278,52.59698794521387,64.9438682327242,58,42,287.33932980829707,6,4,5,3,7,4,34.632204192794795,14.315023483109258,LOW
40004,822.3248239620111,8488,122,49,60,14,12,11,3755,21.36187895494824,68.85540968715165,66,34,244.9060914919505,3,3,6,4,9,2,29.389667805890458,4.990718992210825,LOW
33659,422.97625162717367,9715,138,24,44,11,11,14,3063,131.15361420042402,109.15804776622088,61,39,114.23507191762252,3,2,2,6,7,3,28.13175452960941,9.418732017661767,LOW
14486,161.4074148074875,1272,23,10,14,9,13,11,539,97.2353170233247,136.10385099598864,79,21,261.42488878320995,4,3,8,0,2,1,43.48915747525149,7.98507622748855,LOW
13166,137.49415871786132,2229,63,17,34,11,10,7,1781,28.88597993175395,82.40909758624467,39,61,262.2263603827893,5,6,6,7,6,3,26.18427711453435,15.40344110856014,LOW
39160,490.99864020110465,7849,122,26,96,8,8,5,8633,67.32553233938538,146.69934394954242,58,42,236.9772741636305,5,5,6,3,0,8,16.667720939993274,23.601749950194474,LOW
4061,116.14918374073217,793,15,0,1,7,7,8,1225,46.652365757174806,73.87141433012019,56,44,39.86432993980515,4,4,1,5,10,7,43.60326782015418,11.449206811430722,LOW
27354,388.7013325560329,4113,165,2,7,4,4,4,7408,111.83521246297856,65.15389868980446,8,92,398.0687289496151,10,10,10,8,2,10,28.43543706007148,33.090903639865594,LOW
39452,847.1130419422337,5307,130,14,28,11,14,12,2363,70.74535344051887,112.82573061283462,74,26,160.16658446833097,4,2,3,2,5,2,1.5099252837841195,16.48672726866763,LOW
23162,793.3901076127024,1892,0,0,0,13,14,13,0,148.44559204042582,14.506108458100215,67,33,255.30039415879554,3,4,6,3,8,0,2.0895246200243798,2.586005370301052,LOW
8892,104.7562049701177,1315,0,0,0,12,14,14,0,12.938022427641293,25.15993349046007,42,58,354.3046776450477,5,5,8,7,4,0,20.10076769754091,1.3419754697715582,LOW
31035,3587.652585838593,2813,186,22,45,10,10,13,4294,56.47721358975577,89.41421328144014,74,26,169.31539536793454,3,3,6,2,4,5,37.13818726474076,24.63892815293212,LOW
13567,149.63483686689767,3169,45,14,19,13,11,11,1326,74.87552423094672,189.15341516443374,64,36,309.57002272221945,4,4,5,3,8,2,25.828124798261193,9.87479153936292,LOW
48533,993.7068616045023,4960,101,15,25,12,10,6,5730,77.95436543850637,147.0872381702505,37,63,388.7297698717624,6,7,9,6,8,3,2.219943395709965,17.641466452090217,LOW
24099,367.7319926814033,1557,0,0,0,14,13,14,0,50.81069424591733,26.744048205105972,71,29,143.5739041012193,2,1,3,5,5,0,16.455351108356687,0.0,LOW
35722,528.1302105486208,6719,254,8,30,6,6,4,8043,110.73983611914736,170.800422428366,53,47,162.10782809309467,4,5,4,5,4,7,7.393980570235053,27.667312662226283,LOW
12337,137.02268648650653,2452,0,0,0,14,12,13,0,131.83832565590134,149.13714641555438,51,49,362.23042359862745,5,6,9,4,9,0,68.32718809734128,0.0,LOW
14539,222.02498950269467,3896,93,33,45,11,9,11,493,141.11429878679013,126.0798398835041,72,28,63.8571471260732,2,2,1,4,1,4,22.867636407439644,7.8900727215673685,LOW
31318,494.57003732561265,6083,124,92,96,8,6,11,1758,121.7385396359313,165.8556625157437,87,13,11.437935343776928,2,1,0,1,10,5,1.555795569077955,14.622697151113666,LOW
19615,1730.9475103291754,2674,4,0,1,10,14,12,6,128.3341286094569,86.78087107116185,65,35,363.55560193964476,4,5,9,2,7,1,47.73027251697494,2.446797660329628,LOW
11465,211.341228064881,2874,90,16,38,9,6,7,2316,84.82906858989935,52.08519966223202,30,70,328.6366296470321,8,6,8,7,7,6,17.120027746308924,23.578939663463537,LOW
25038,1299.5914264299083,4633,253,2,7,7,12,11,6098,124.75379283188812,107.28444393066427,27,73,389.0332130205328,8,7,10,7,6,6,41.02164223471679,29.636600789048064,LOW
43030,573.3036764079163,3004,0,0,0,14,14,12,0,49.008066826453074,114.27993356276002,91,9,23.2951130842713,2,1,2,0,7,0,11.278300004578382,3.9745076406066375,LOW
5556,103.53872384814937,1063,15,0,0,9,9,11,76,62.779420505836086,112.28201068188329,83,17,62.470932176394896,2,1,1,2,2,3,70.85694631125622,2.289745331813187,LOW
32982,473.73202443933405,9136,33,20,23,10,9,10,1660,50.952387003688926,117.36402038122,88,12,42.12502363592354,3,1,0,0,2,3,69.87353183942132,10.443244186284204,LOW
48216,5381.895372610581,7187,353,64,152,9,11,8,2816,72.7711636399492,190.25393446544436,55,45,273.3664529174837,5,6,6,3,1,4,47.40280964585687,47.90302103975354,MEDIUM
8610,659.505225080684,1068,0,0,0,8,14,12,0,46.40904435460227,181.42666838828396,85,15,242.40402949885728,2,3,4,0,0,0,51.064987460277344,5.553826375610885,LOW
14273,195.38479066901476,1225,0,0,0,8,14,14,0,144.43365912689478,176.3862369461985,90,10,143.73407975490386,1,1,4,1,2,0,30.950340727353073,0.0,LOW
27766,2343.5155355832353,2439,274,61,218,8,6,3,2829,50.36247106082188,162.26919407263915,74,26,22.969391760898006,3,3,0,2,2,6,69.29582319739907,27.74008534251425,LOW
17912,1521.9141614261437,2833,281,64,68,7,6,7,6502,19.216458026086276,189.25134038040423,19,81,255.86479361861637,7,8,6,9,6,8,30.797382856540867,41.726913233545694,MEDIUM
33770,5490.784471847963,6717,0,0,0,13,14,12,0,81.38848907730994,28.713981919086617,81,19,228.04819404602264,2,3,6,1,9,0,17.621961814676308,3.4813261815992838,LOW
7410,77.29407497196485,519,9,0,0,11,12,13,291,13.279366374550573,60.3734196746905,94,6,45.1612844242463,0,2,0,0,8,1,8.749570586679136,2.3377182556929257,LOW
45953,612.1900260468865,13091,162,30,77,6,7,8,7189,21.028759114744176,104.06062967437113,18,82,363.56388178948566,7,7,8,10,0,5,15.38095897247857,34.49481258243806,LOW
25946,672.8929221447368,6195,18,0,1,13,9,9,2189,36.81146143345571,170.841553693447,79,21,79.57988386879622,3,4,1,0,7,5,41.41326553090363,6.737902481795684,LOW
706,21.283728235972255,138,0,0,0,13,11,12,28,72.33078623291054,105.98148518931917,52,48,297.40366085754255,2,6,7,6,0,1,18.024057832659885,0.0,LOW
22018,576.0585861447449,5661,213,106,156,7,2,3,5240,67.82138518480905,152.12660047490186,41,59,354.0303450171793,6,7,8,5,2,8,47.278834133999446,46.91051498413199,MEDIUM
22861,290.8817073061607,1601,26,17,19,12,14,12,29,120.95531999040472,36.402381997294086,46,54,231.78999627748337,2,4,4,9,3,3,27.826193171780837,8.593907679081122,LOW
23919,352.6304973408419,4047,255,13,22,10,5,9,493,112.22382481319644,57.958624465546436,66,34,98.73956211930053,2,4,1,4,10,6,63.91141273733297,23.742418644724978,LOW
49202,2177.698367953406,10210,112,10,50,9,6,13,9257,66.8161526286517,149.03745805715775,81,19,123.69940705005655,2,3,2,1,7,5,40.43118182378878,12.577590401924589,LOW
42023,1950.8934672106343,10806,458,13,35,2,3,3,9382,53.38711009846634,41.29946168866757,32,68,354.29901348753293,8,8,8,5,0,10,45.01618979674124,55.05332896528339,MEDIUM
45651,3181.789445296882,11224,489,209,223,6,4,4,9255,50.88797368891729,76.75762758443608,43,57,119.30286255059386,6,5,3,6,1,10,40.294025913976405,76.88198092509302,HIGH
22903,338.1576829495594,2731,57,7,37,11,14,11,333,117.2292876576313,60.32458898457857,82,18,298.4761933269217,3,3,7,0,10,2,63.81816735465823,5.152731445468538,LOW
18641,240.17140027424276,5316,94,20,40,6,6,7,1026,12.550498902084112,76.47372190227091,23,77,396.0660849021621,7,8,9,8,4,7,5.034499106937181,25.52083429351954,LOW
15320,507.6308532635442,1242,161,93,112,4,8,6,3666,6.859139179037845,144.58156932481435,42,58,399.9266877450711,6,8,9,4,5,6,5.315432556988277,41.88675269967234,MEDIUM
40842,5843.109632507717,10977,308,171,197,4,8,7,13543,120.35393682936397,79.8909644171322,45,55,213.39189930773256,6,7,5,4,4,8,50.67442751211951,56.822984824629955,MEDIUM
6874,536.7667074527467,2012,19,2,4,12,13,11,384,74.18622451841215,115.50003129550863,67,33,330.62231871443913,5,6,8,0,2,2,55.40941899644475,0.27602781544849453,LOW
2178,22.465952174044656,205,0,0,0,13,14,14,0,23.977765090268516,28.987056640337833,57,43,396.0999471684798,4,5,9,4,9,0,31.5016434071607,4.614100120476113,LOW
34327,1038.0964849686359,7912,11,0,0,11,12,14,1600,39.157060516202684,162.95336171457927,70,30,149.86915593679288,2,4,2,3,6,1,25.689822375879828,10.797768484286042,LOW
16698,213.8679931185768,1003,214,27,67,3,6,5,5209,140.21307319912046,80.27883887314373,54,46,100.96383402812235,6,4,2,4,0,10,20.37307223368704,30.468411091786894,LOW
10414,161.8512298329428,1576,0,0,0,12,14,12,0,129.6279314656102,133.22149021633507,100,0,45.69334233687328,0,0,0,0,1,0,17.25923433709866,1.1858939021260455,LOW
28390,687.6711859237153,5083,513,324,384,4,4,2,46,107.91883228247602,147.8240243157482,52,48,56.35985522925044,5,3,1,6,10,10,65.70503916202027,100.0,CRITICAL
22799,929.0436292698771,4449,161,16,52,7,11,8,2053,74.92265839891235,49.83557520122307,47,53,341.42254544826534,6,5,10,5,8,4,21.60247756482383,23.491718047052416,LOW
44085,2666.693326519622,12519,153,16,80,6,5,5,17278,80.44692579775094,178.0882471411365,31,69,235.48923612282962,8,7,4,6,3,9,46.83763390050056,27.71395714949962,LOW
44189,696.6991200942778,9635,11,2,6,14,14,14,747,146.410457616174,127.08260780532106,36,64,349.4836701569943,5,7,9,7,7,1,56.77727679742898,11.31251135881779,LOW
43057,547.8672274814548,7333,56,20,34,12,12,14,3128,145.03671436322162,91.45777693278148,44,56,315.7820356128674,5,7,8,5,8,2,2.070610359002033,10.695195927003692,LOW
49580,749.2719146659589,12514,685,307,403,8,6,7,11412,36.21401163894597,44.64368487986171,53,47,269.49785201920713,5,4,7,5,6,7,2.922001716647842,100.0,CRITICAL
44520,803.9191577744552,12805,56,9,12,3,5,8,3049,122.61016211427113,189.03717820122927,38,62,243.7248767627443,6,8,5,5,0,9,24.319324431571903,13.616212871139904,LOW
3193,355.3555770224279,177,17,6,9,13,9,7,494,33.60018659421743,153.46295878500877,79,21,19.33556167123718,0,3,0,3,4,4,50.26512571842978,4.087802359003529,LOW
29967,308.9176542630799,8859,112,34,49,11,11,12,505,35.96293429317295,49.52466691931728,29,71,348.9100784012769,6,7,8,8,5,3,19.147102421258005,16.600627444452712,LOW
30223,373.68699427533994,2161,160,55,76,9,13,10,4399,103.03348995386364,74.16504719760266,81,19,167.1368246718857,2,3,5,1,10,4,0.6060552659058938,18.274717440998714,LOW
47199,1438.2005468807595,11969,218,0,0,4,4,1,21047,63.725159295194516,163.83810903673393,27,73,223.9147428285568,8,7,4,7,7,9,21.102574845990066,38.154515121024616,MEDIUM
4127,42.07052583741216,495,10,1,2,9,10,6,988,140.07393903044542,142.1787560109144,87,13,8.781400750808288,2,1,0,1,9,5,6.944353390011162,8.410087307840982,LOW
26439,425.2095702827845,2195,145,74,107,8,10,7,6347,17.90641155992128,155.49901561598762,17,83,374.42940074511483,9,8,9,8,7,6,16.188051364151107,33.7676983098079,LOW
49425,819.2420858819809,7906,111,6,25,5,4,5,10567,79.1712179173765,93.82820942045716,35,65,361.09618443680057,8,7,8,5,8,8,24.32308504999978,13.208885368161303,LOW
43441,571.0890055623755,9165,0,0,0,14,13,14,0,138.18562191425258,146.1304899020117,85,15,217.31121196724223,2,3,7,0,8,0,9.656100887415755,0.0,LOW
22334,271.97404563093966,3243,17,1,2,11,12,9,2439,136.09648076952826,83.4338073441436,71,29,230.92465326734296,4,3,6,2,3,3,51.00507801250769,6.688568629098751,LOW
18547,275.3191009310786,1180,176,11,19,6,6,5,62,27.696735945282477,50.13995421825732,30,70,282.0068849613955,7,7,6,7,5,8,18.79829658844246,27.789973299478707,LOW
26605,1549.5865447742665,5317,91,8,15,9,9,10,544,58.16246651398619,130.2086366198584,85,15,105.87795857446002,3,2,2,0,2,4,47.76827815030481,17.932296993805394,LOW
10730,288.94252448262904,2957,49,16,21,5,10,5,2242,94.77260300677095,195.4426458637709,70,30,88.76624908532102,3,3,1,3,0,7,43.33084897671361,19.656557620619814,LOW
16207,173.95467781808495,2363,0,0,0,14,14,12,0,28.112258291853315,69.01418456511263,79,21,269.6091786406531,3,4,6,0,5,0,64.71025237010213,5.885518046967178,LOW
22476,853.3521043406101,2339,33,7,8,9,13,12,3064,145.3632149466321,97.58422252038253,80,20,41.768978463563265,1,3,1,2,0,3,6.7872218226438505,2.406973674570779,LOW
44762,1109.1819612387624,7190,315,40,81,5,5,4,8767,137.63865266551076,138.0602605032722,47,53,181.6248018893523,6,5,4,5,8,8,15.84447996250203,40.77940253710867,MEDIUM
24276,527.1969899350139,1507,0,0,0,14,10,14,0,29.20777595999803,112.88619360327269,76,24,197.104169599636,1,3,3,3,10,0,62.36025767664429,4.951361221609369,LOW
30580,654.2089701394317,7801,0,0,0,12,12,13,0,22.567541882842885,170.25128118471935,75,25,152.5347907660672,2,1,4,4,5,0,59.282399131577066,8.037794531833157,LOW
1806,28.562725396041877,463,1,0,0,13,10,13,230,17.384230007198468,154.73111422920803,83,17,74.10727027909387,2,1,1,2,0,3,14.235547338516625,0.0,LOW
7276,76.91965772300351,1433,27,7,8,11,14,14,674,136.86933128531152,21.07646873384784,65,35,142.12650573014187,3,2,2,5,10,2,8.203124854147877,7.836609921902259,LOW
27751,995.879982176123,3837,45,7,17,9,6,10,967,33.07545242034182,199.70003444551708,74,26,135.02290142418,3,3,2,2,2,6,61.721264720343854,13.276395719361258,LOW
9974,602.9270768104285,2492,188,32,80,1,4,0,3879,65.36131463893143,152.95646620669876,27,73,199.70626985950014,7,8,6,7,0,10,13.236871062966388,90.0,CRITICAL
40794,1716.9411207335281,7696,137,53,85,13,14,7,2358,70.08344801954044,174.1416300958815,49,51,269.87233663140773,5,4,6,6,1,2,62.784343984061856,29.517192388153727,LOW
22459,251.6192816082708,5760,0,0,0,14,12,14,0,91.8566014109673,133.7275652981158,64,36,387.29404941046823,3,5,9,3,5,0,69.21970100550845,0.0,LOW
6030,90.87891138005827,1253,110,13,21,7,1,7,2350,15.40162484337662,172.69417432888483,64,36,57.66530406973129,4,4,0,3,6,10,16.287674658160434,26.329256024818072,LOW
29820,927.2057950877665,7338,97,3,9,4,3,6,2990,37.879999523074815,31.35276523645479,3,97,349.2068439764327,9,10,8,10,0,9,60.587713394348285,31.547441861812885,LOW
4248,51.48157426339825,848,1,0,0,13,8,10,112,140.06610610324427,76.07018875626996,66,34,113.67120015610497,3,3,3,4,9,1,30.80392293373181,2.218764550618115,LOW
32468,373.92541794735297,4984,169,89,108,6,6,3,4665,136.71946555394257,176.51997928485363,26,74,236.54910800056226,7,7,4,8,4,9,56.89765736987495,45.184153273258815,MEDIUM
33062,387.05736833677156,9571,56,0,1,10,11,6,468,118.28714387382537,48.31449014070952,78,22,218.69477919354722,3,3,5,1,5,3,29.628781179987293,7.965593973355734,LOW
14045,152.1701104111061,2602,0,0,0,14,14,14,0,7.813180614641238,24.865998730204318,69,31,222.77936745130518,2,3,6,4,3,0,5.53328530946076,0.0,LOW
1163,40.15482302596175,234,0,0,0,14,14,14,0,52.4159814319348,159.7425985895916,64,36,289.34344468752516,5,3,7,3,5,0,51.457711991877,1.41994843976937,LOW
35266,459.6177156925944,3707,37,12,15,7,4,6,7589,96.05401662472163,168.74236957222627,65,35,152.67532229959838,4,5,2,2,4,7,11.274237753105902,15.408772163963643,LOW
8494,174.23142195410043,1753,42,0,0,5,10,8,269,44.90258070715397,40.903921456081115,46,54,127.63998529474225,5,5,3,6,10,6,66.78229388614398,9.403426132458083,LOW
28521,335.5811993666835,5501,113,24,70,6,8,7,5690,136.89007078279772,172.32573672871592,32,68,341.13382927419093,7,9,7,5,6,7,30.36885923598014,26.763085774178094,LOW
30803,415.0977682780554,2963,115,7,18,10,8,10,2718,96.91397196570408,140.48588116346224,94,6,88.03801610970811,1,1,1,0,3,3,6.363010575534938,7.899623634994174,LOW
3804,48.297091150707374,246,37,10,21,8,8,4,859,15.426474010884611,108.81570981115094,82,18,72.09841492445723,3,3,1,0,0,5,16.836321056340598,13.825994983181229,LOW
47076,699.1273204291498,9466,102,0,1,5,14,11,2948,136.80581038117694,167.74753662846314,97,3,6.24297466210435,0,1,1,0,1,2,62.170009648940166,13.830411969498748,LOW
39853,1823.4574799364195,9601,362,48,230,2,4,6,19639,143.87616543555228,89.6573573706035,35,65,84.2311128116747,6,5,0,8,5,10,23.457611078126952,44.574090983764094,MEDIUM
18175,320.10887515820616,3286,101,0,1,11,10,7,197,16.268300666800194,46.85885168244547,40,60,207.41257332668334,6,6,3,6,9,7,61.7274516410478,9.240525758083843,LOW
44917,455.808276627201,4792,214,33,40,10,11,9,4744,82.19223405489066,64.1220085560166,67,33,215.40354920564542,2,5,5,3,10,3,12.818501795038648,21.82743483051191,LOW
24438,259.8353542243744,5294,11,1,2,9,11,10,64,48.98782092105471,105.98116347572982,65,35,101.76819647821374,2,3,2,5,1,2,33.97759583577656,5.6122115184891275,LOW
24164,2654.94555720107,1692,139,8,17,13,10,9,2643,61.961666089803344,110.95285060790339,93,7,28.90966801647994,1,0,0,1,4,3,63.29555366274306,7.253132765757358,LOW
2136,103.40116496175746,342,9,2,3,8,5,12,206,31.049426603524573,163.0603570238344,39,61,297.85631853808246,5,6,7,7,3,5,3.960945511112843,12.149411127016053,LOW
20580,1175.04428758675,1869,143,25,32,5,2,7,6290,88.82045479179982,160.35701749394354,19,81,303.1901394249199,7,8,6,9,6,10,22.255818568742864,28.459200909987107,LOW
28228,381.62401445242506,2713,330,126,262,9,10,8,2621,143.90700622108915,120.45964586886923,31,69,399.1345585166246,8,7,10,6,3,6,65.55438864487319,61.29995836741684,HIGH
27236,329.3763413166411,2739,306,80,141,5,7,7,1300,77.94552703938331,158.3492418394405,34,66,360.01182821388704,5,9,9,6,6,6,43.15163243112509,44.39804998538229,MEDIUM
29173,1153.8318636572562,4279,115,13,52,12,11,12,3166,17.02261430219977,46.43695707579749,51,49,370.424825807057,4,7,10,4,10,3,51.71059736808263,8.920117374719563,LOW
38005,716.3185280375346,2386,35,4,6,8,3,4,12033,94.90019335422421,19.512260147725925,29,71,319.28153029757675,6,7,9,8,7,7,60.71218335935713,22.61212866854848,LOW
47823,563.506659295185,7147,436,68,142,9,8,6,2633,54.33233419543227,175.99042630059301,62,38,246.20114135299963,5,5,5,2,6,6,37.93714447824185,41.84496661159724,MEDIUM
47145,631.8337525012275,8388,34,1,3,14,12,14,2170,129.10915249073818,24.355353814926218,97,3,51.41838304180419,1,0,0,0,1,1,60.9436619230444,7.521693473792499,LOW
1354,23.959286403611404,231,7,2,4,8,6,1,66,68.02833150588819,56.870801651359486,37,63,248.9253189823511,6,7,6,6,10,7,46.17166680279119,11.1026924483574,LOW
25048,410.0647881513464,3649,80,14,21,7,8,6,7370,32.96174329662561,142.11060042863306,60,40,22.382344165850654,4,4,0,4,0,8,49.5240072152904,16.557549223774178,LOW
39123,734.0941764513713,10163,171,67,102,12,13,10,7507,32.710315290216016,87.79510814918874,46,54,354.11964450847694,4,6,8,6,4,4,11.42909354452197,26.710367310551067,LOW
7892,237.23135824557997,681,35,5,10,11,11,11,174,116.47080620456825,176.49965428394668,60,40,192.72853416567898,3,5,3,4,6,3,67.63984629028133,8.401159933914503,LOW
47217,804.6922665370416,8330,87,14,68,14,9,10,3081,43.510201754567184,66.61616098583121,74,26,278.98913279032007,2,4,7,2,0,3,57.42003105609647,9.310367446549755,LOW
22056,313.09930630348947,1444,124,11,16,10,13,13,1116,116.24884215308734,12.255555867178266,93,7,20.8974654783856,1,0,0,1,10,3,18.67501372452119,12.430312890116555,LOW
39059,444.0254577588365,2647,91,0,0,7,9,7,3793,34.853660061156916,67.12457170654139,46,54,213.69936916913014,5,5,6,6,7,5,41.9696186463883,18.39278771774006,LOW
26809,409.6249181329832,5186,60,22,28,5,5,2,10095,51.644523461689865,119.83425934511801,69,31,120.50535914134501,5,4,2,1,2,10,27.417312197573015,24.15312663229835,LOW
22419,290.0013149528239,4293,89,66,67,10,14,9,2223,72.49561100375641,81.42829132662574,76,24,113.98730629489826,3,1,2,3,6,3,47.718742914908674,16.688744842795565,LOW
5431,268.7708380325032,1463,55,8,28,8,7,8,1578,141.76339820555035,111.62582359416349,71,29,155.862365881273,4,3,3,2,2,6,71.5528992889766,7.797013276525734,LOW
33470,685.1872617018006,6341,383,9,26,3,7,8,1862,140.10105658930456,176.55364257865355,65,35,0.2557843442139607,4,1,0,5,3,6,3.770867395770628,31.37440447908878,LOW
44715,7596.189671219967,12965,278,75,120,8,8,8,4858,34.99642193623173,183.37216030377002,61,39,186.6643526880694,4,5,6,3,7,4,68.60544011439916,37.98220110020895,MEDIUM
13188,463.8029031752138,819,25,6,18,11,8,9,1184,56.941760980245554,60.5350722842813,78,22,194.62667344317532,3,3,5,1,1,4,5.675980248270991,7.271945847557688,LOW
25842,349.1508073621021,1925,455,0,2,2,5,6,10685,26.662911325796987,97.80668992128113,6,94,345.25236633562565,9,9,9,10,5,9,33.444671462615624,60.190675989852046,HIGH
37657,379.522895428712,2297,486,33,64,2,6,11,139,78.94783650045709,114.33736289587573,24,76,179.41024315299296,6,6,4,10,9,7,34.97080784243068,54.78248194919656,MEDIUM
2827,196.02106416464645,272,6,1,3,8,7,8,838,71.78446985072665,190.33136680876694,66,34,145.42251754706913,4,6,3,1,8,6,19.71379850388631,14.654575733111727,LOW
41272,956.655654807369,7648,287,84,205,7,13,6,5939,135.6102235553562,199.7372906412331,19,81,397.8988205449853,8,7,10,9,9,6,41.018998953267584,54.19373570059763,MEDIUM
41045,506.6862210877864,8676,237,128,134,6,11,8,6418,139.85077977970553,54.727377279890064,46,54,228.48532984099853,5,5,5,6,8,5,60.12843646321183,50.419582849063026,MEDIUM
697,28.585038201940254,42,3,0,2,10,9,11,75,60.61727169605735,148.12617555570492,47,53,189.0452834536558,4,7,5,5,4,6,21.518295956606032,5.394567434411713,LOW
24009,415.8621726438412,6878,283,6,20,11,7,6,6140,76.30200173775347,81.82590182430708,31,69,198.37433381935176,5,6,3,9,2,6,5.53395304212784,29.31053780987621,LOW
35198,471.55900144659677,9170,67,8,29,4,4,1,8901,134.9542561261893,11.540557408380513,36,64,323.67251900352204,8,8,6,4,5,9,45.70828459585026,21.169242681142887,LOW
45042,709.1149268983077,5592,58,26,31,14,11,13,1492,121.97263212303392,11.757979262821447,72,28,136.27054758806435,1,3,1,4,8,1,54.2497767341,10.904775976695655,LOW
15587,681.7759392284605,1080,68,29,38,5,3,5,4551,5.530165144974145,97.50754143682859,29,71,155.66418507437825,7,6,3,8,5,9,68.74839520041901,29.63363312104069,LOW
23171,597.7833587537735,2142,25,4,15,10,12,14,421,51.40863680661946,102.78363347082357,62,38,302.3493437349861,2,4,8,5,3,1,11.906012249301883,2.940302510575937,LOW
25684,323.23092175147536,2099,365,100,267,3,4,5,878,66.15726508073826,14.288242348954103,39,61,29.19349584550779,5,6,0,7,10,9,64.94723040504358,57.11282536047185,MEDIUM
28348,491.71297771745355,2291,96,21,27,6,4,5,6869,38.3088611340686,140.51620918711748,30,70,346.0676632573035,6,8,7,7,4,6,34.97182861902154,18.448056714762025,LOW
42607,7751.218347555456,7653,324,4,11,5,4,6,5554,33.93788430491112,65.8606438330411,34,66,172.08107858718796,6,8,3,6,6,9,17.35671394721897,38.738370528832675,MEDIUM
21166,273.8371223687841,2359,242,68,70,9,8,7,5390,10.478753456373552,116.37968929183039,68,32,232.51719020225937,4,4,6,2,9,6,69.33651561903326,28.603503803230662,LOW
44857,5369.1516361265985,6259,416,141,223,9,7,8,8190,98.28861013511528,67.17462390142957,33,67,302.99046370393404,5,8,9,7,2,6,17.547692843347097,66.64935516522453,HIGH
16208,213.69981026866301,4819,77,4,13,6,8,9,1146,43.06399212005902,41.75551982516836,74,26,106.42076897573793,3,3,3,2,8,4,52.94125928011913,12.01577912294143,LOW
26870,1108.6971644979706,5940,0,0,0,9,10,14,0,12.590340872540398,87.3630103337863,57,43,356.12568332826044,4,5,9,4,0,0,56.619404655895245,2.8311024465414873,LOW
3311,34.48348384753226,951,3,0,0,10,14,11,106,38.49200002656923,54.13193931019514,48,52,391.6899889026443,6,6,10,4,7,1,31.282112248309698,7.720892765562838,LOW
47511,1189.1314608763062,4068,597,1,4,6,9,3,13430,121.27752316123835,111.61218561464193,44,56,197.70974456244983,6,6,3,5,4,8,49.83391639797657,61.576308930556735,HIGH
7046,195.40467035233434,1025,81,14,32,9,6,6,2027,128.46593133874927,47.77742075443119,9,91,374.7749460130693,8,9,8,10,9,7,41.43211086459145,13.41123143382724,LOW
35254,1841.4818356321732,6651,139,65,80,1,9,7,1971,75.04460555302889,106.59713556247914,70,30,0.4514490107931035,3,3,0,3,8,7,14.230341798967915,18.840974439979995,LOW
30706,902.2578359011384,2124,375,35,104,4,5,3,13045,65.3302472092595,39.90191782508484,9,91,357.69513185421135,9,8,9,10,1,9,54.831983571117995,59.924380853782125,MEDIUM
41606,471.28614794436663,2123,0,0,0,13,10,14,0,146.78878555775836,137.48519480229913,100,0,124.41812790052222,0,0,3,0,0,0,66.85315435580506,9.30394673388378,LOW
11911,119.52623568346658,2591,8,0,2,10,8,8,2562,34.08187564027014,153.24816004387057,63,37,124.59816989104078,4,3,3,4,9,5,35.43762091241852,1.38091526114024,LOW
3411,85.29759235074172,717,31,3,4,4,5,7,300,36.22709601391823,30.974904507487416,65,35,91.23554590797576,5,4,3,2,6,8,71.5931831657732,13.961811530251216,LOW
2234,46.91502233677818,341,8,0,0,7,7,6,22,47.320740670277964,98.88245828709445,52,48,126.80556046036075,4,4,1,6,9,7,31.099519917742537,1.8561742351070807,LOW
18727,254.45420845493229,3228,9,1,5,14,8,13,1073,30.04981115075766,23.46562312442598,65,35,85.39383347945405,2,3,1,5,10,2,34.80116516050703,0.0,LOW
9180,102.92795366322139,1412,40,7,12,11,10,8,447,60.008011739607056,123.65466465298046,52,48,362.3476425239887,6,6,9,3,8,3,48.683672249114885,18.002604349384068,LOW
19860,323.77331618922005,1112,41,22,29,11,12,14,1955,137.0709629135143,60.23681660663262,48,52,359.6094908853466,4,8,8,4,4,2,13.782565312040582,10.451866320740288,LOW
18843,446.5701197216747,2522,151,55,65,5,6,9,492,94.22543689114327,110.24864679935449,71,29,40.88452596824901,3,4,1,2,10,5,64.98913971122526,17.847616687633376,LOW
6259,141.60929876712177,590,68,8,18,9,5,8,118,64.73224954877823,108.31759178301533,65,35,57.14337154659699,2,3,2,5,3,8,57.7910049954719,13.356008889344837,LOW
23578,331.6933708687705,1759,245,57,68,9,7,4,371,140.48956521282614,185.6273257768221,51,49,344.80745560426664,5,6,8,4,3,7,62.877835977012225,34.54032914239761,LOW
35653,6719.7098451092625,10310,219,13,23,5,9,1,3479,12.027313708994237,114.32581228805735,29,71,159.57510834909837,5,8,6,8,7,9,44.08343843454225,34.64347107053172,LOW
11611,181.81679511671354,2320,20,2,9,12,10,13,1008,35.4900457957699,120.76971114647998,91,9,67.70867093571131,2,1,2,0,0,3,63.687979224333745,4.026324978318257,LOW
38004,980.1960373481206,8823,47,18,21,12,13,12,960,87.05384773975506,86.31409389523225,62,38,204.2677609746269,2,4,5,5,0,1,49.11803284038094,9.701454439429245,LOW
2302,28.614491846937323,296,7,2,4,7,7,7,282,94.25513036301098,190.3251246047352,52,48,166.66721996803798,4,4,4,6,7,7,37.07660433468181,10.713617764597533,LOW
8655,625.6274895898673,1283,99,10,15,6,7,5,268,10.735838451578907,157.66532279352583,45,55,87.66462149518608,4,5,2,7,1,7,67.12304248490717,17.634221146384352,LOW
8620,141.59183801915302,941,94,19,21,3,7,0,1007,63.440619896534166,64.2270051575399,17,83,288.30088731105377,8,9,8,8,9,10,31.939963470737343,27.49736213427727,LOW
39884,786.7842258989292,2961,105,5,8,11,3,8,1836,99.12732490047655,170.3998212974841,57,43,252.51572493309234,5,4,7,4,5,5,36.29074466766899,16.51545926135665,LOW
47525,719.8475336126613,4503,428,20,101,7,8,8,12403,106.22022922849324,92.1553084351671,87,13,39.864645422176224,2,1,1,1,1,7,12.6223767541126,27.272879587417098,LOW
47754,4278.613798945349,11908,724,221,247,7,4,7,14898,97.53028586485905,167.44675727138284,20,80,370.154685730137,8,8,8,8,4,8,68.25761920491567,100.0,CRITICAL
22418,373.0212067412092,4918,0,0,0,11,14,14,0,51.48166753233406,166.3487329757654,74,26,223.38798629202765,3,3,5,2,2,0,16.305275805054855,1.2725389040094137,LOW
20945,359.0097380451359,3911,51,15,26,7,11,7,8118,18.560417921696878,45.88533548494233,49,51,100.08179482541672,4,5,3,6,6,8,14.901238579704165,14.521764011134774,LOW
30806,528.743008089574,5199,52,11,32,13,13,11,1361,66.93130473080345,143.21681496287962,91,9,82.5167260289454,3,0,2,0,8,1,7.73541420252871,3.178934214619037,LOW
17146,275.0783668549789,4811,0,0,0,14,13,12,0,23.669393418368045,65.22216416824091,100,0,54.37919254888062,0,0,0,0,1,0,32.915200757365774,5.4578198630412835,LOW
47343,683.5107654937818,3228,57,4,6,7,8,4,6875,142.40543048549674,66.52360729860696,67,33,169.8549625561403,4,3,4,3,6,7,20.063440316282925,15.13750507960507,LOW
31565,387.4244230778949,3792,168,18,34,7,4,7,10117,73.8997755732811,66.30613460731034,63,37,54.21640523633471,4,3,2,4,7,7,53.465841537998166,30.65537720955058,LOW
25699,838.9327359401937,3533,253,35,51,1,0,1,7853,51.0025802817458,147.85796703639016,59,41,166.32656503809048,7,4,2,2,9,10,22.487795844589815,90.0,CRITICAL
42476,509.4285908120171,10432,150,59,69,11,10,7,1875,116.1140903122405,53.666947940581856,97,3,59.508171293647074,0,1,0,0,7,3,52.0350737132942,21.16290708900792,LOW
16871,322.36990431377546,5029,125,16,34,4,6,9,3333,77.20254592442826,10.172108696757142,37,63,262.72300860955573,6,7,7,6,6,7,14.51121741850471,25.94118483682449,LOW
12335,1001.1739328248967,1358,135,60,92,4,10,8,3671,49.954933481805256,145.8950021617003,26,74,314.0968086745433,7,7,6,8,3,6,16.94255780310595,26.351610723278377,LOW
46436,4396.375004949196,12471,72,46,56,13,14,13,1972,122.73532264666625,42.5251013286738,71,29,219.80909900910345,4,3,7,2,3,1,58.141452471567625,12.443367927463251,LOW
2549,69.35556141951005,656,20,3,5,10,11,8,143,130.7370618951627,29.851655108488583,54,46,272.0227499419589,5,5,6,4,9,4,27.033188962620617,11.737903743122143,LOW
32116,403.6437390094053,3409,290,102,163,6,0,2,13772,102.58618411185816,55.12806291287143,10,90,375.3514948336244,8,10,9,9,8,9,8.491839255735536,65.46080008783694,HIGH
38691,535.6661594780774,5797,30,7,15,13,12,14,5696,11.809841249111757,82.18109924131376,49,51,255.34861182824312,5,4,6,6,9,3,69.24037206382117,8.946663431625566,LOW
47857,598.8231375896502,7294,183,14,28,7,9,13,1106,87.11681762414716,100.42220221990814,85,15,145.66327927355306,4,1,2,0,8,2,13.183539185718214,7.944716434807103,LOW
21432,395.85848127019517,6312,0,0,0,14,14,11,0,115.67776223960584,18.468307735399854,77,23,179.79206346996622,2,3,5,2,4,0,11.239093984329953,0.0,LOW
30355,648.3492111985069,2890,191,14,30,11,11,11,5361,24.792936752119417,194.4089331991985,29,71,344.2100904288148,6,7,8,8,6,4,26.124317529640816,20.826835511988527,LOW
7658,402.88320780125895,1912,10,3,5,7,6,3,136,38.157258950767485,146.05198014971603,65,35,52.288127580038555,6,3,1,2,6,9,7.33781450003963,7.732248152846262,LOW
43516,1202.8200898285852,5811,471,39,130,8,8,5,10199,132.9617902348798,71.40687241162387,71,29,130.29480898017306,3,4,1,2,8,7,11.626570880508572,37.31080765375455,MEDIUM
7900,170.87790657865514,1838,118,33,34,6,7,4,964,7.917649668695735,70.5524788842255,42,58,230.91202758819364,6,4,4,7,6,8,61.020788723748886,19.724032948665688,LOW
43142,3215.463124856403,6687,217,65,79,5,4,6,8731,114.14543498476652,95.22308438000728,41,59,270.55582776337377,8,5,7,5,7,6,12.762740183241306,30.431806532495326,LOW
15651,602.9323637454153,3045,87,26,60,0,4,4,7149,73.69712741459132,128.98651632497626,24,76,305.3996301726821,9,7,7,7,6,10,8.467017176871494,22.510399656794927,LOW
1654,26.750161268547217,426,0,0,0,14,14,14,0,69.78196303174299,37.810882651903874,90,10,127.28271839843485,2,0,2,1,10,0,63.41696388701025,2.7870010337776683,LOW
4999,66.75302153673844,1254,0,0,0,10,13,14,0,6.02899721175864,45.89666461534094,100,0,58.343653603660115,0,0,0,0,3,0,32.2314503300391,0.0,LOW
6795,68.05683999508754,1811,0,0,0,10,12,13,0,123.81274349014146,173.29257073837468,66,34,381.9356838706239,5,5,10,1,1,0,11.737150310988564,1.2015523264799919,LOW
12683,135.43591426558103,823,17,0,0,14,12,14,617,57.17461059230214,58.688435538923784,90,10,30.55688685281579,2,0,2,1,2,1,42.07849628107315,3.0326515974986648,LOW
29799,451.2012913742167,6645,0,0,0,14,13,13,0,83.41101653857872,82.23704961528372,100,0,38.322142314754174,0,0,0,0,6,0,3.467667551128196,0.0,LOW
13374,297.07743863676876,1136,28,4,17,9,8,7,1851,103.20859951867062,175.54165168052225,64,36,197.97701676078754,3,5,6,3,10,3,31.05785265601315,11.98411569999368,LOW
33211,507.52748915960996,5112,291,184,198,6,7,4,1236,106.88128858349779,135.9980875859663,28,72,327.7084112574393,8,8,8,6,10,9,42.70743858583706,74.95076907003671,HIGH
6039,75.83167750234483,1130,54,13,32,3,7,6,814,143.6171085297805,74.92525707492078,27,73,309.8016425421307,7,8,8,7,8,8,68.93408216368357,20.199442055139638,LOW
42905,2641.6182376876204,6465,47,26,34,10,10,10,4907,82.04429321930832,139.90291368767794,25,75,375.0797064776367,5,8,7,9,10,3,23.842230610608915,11.826860706330168,LOW
48854,1111.8099143337677,8788,211,31,126,12,12,9,5694,62.959334891291995,13.739810922468605,70,30,56.64103024519535,3,3,0,3,1,3,55.20115340235577,27.31153158097719,LOW
3057,36.05751489882957,914,32,18,23,7,8,5,665,143.28702584129766,149.77210540215938,49,51,150.2909028249744,5,4,4,6,6,6,9.988036694216746,8.58857091412333,LOW
38860,937.1955855240486,3256,244,11,37,3,6,4,759,98.10598407870056,102.5330476980855,64,36,112.85685148868403,5,3,3,3,3,10,31.501138027430994,32.46061682834788,LOW
16982,286.2398601495852,3716,60,17,23,9,7,6,903,48.231801660100565,164.50460798404765,24,76,344.3480494218688,9,7,9,7,6,8,16.454133186453518,15.257113591884579,LOW
2700,44.380092009281555,402,25,11,19,9,5,10,758,23.337315583517817,191.38115388122898,40,60,195.34184811248014,6,6,3,6,4,6,35.71145026516076,16.123068631090717,LOW
47440,2106.0815101292083,3949,0,0,0,14,14,13,0,127.17040271245129,185.89982440396798,86,14,10.739173766266541,1,1,0,2,6,0,30.332077908910307,3.032435279683305,LOW
3461,87.81507600847499,310,0,0,0,13,14,14,0,57.51633240515198,182.76035825651473,78,22,283.18576273535865,3,3,5,1,5,0,70.5546310721338,6.49427581035828,LOW
47475,1290.8331363250745,13640,181,1,4,9,12,12,5950,100.76810959784252,107.31229162743855,74,26,155.47923913064102,3,3,3,2,1,3,66.1011068513261,16.218609475506597,LOW
21857,2918.669066235315,5899,36,6,25,8,12,9,2102,73.26838080805523,78.42700168639823,71,29,212.45870534840492,3,4,5,2,6,3,42.12772182612168,9.449294151927734,LOW
12469,1708.4993535687179,3450,0,0,0,14,14,11,0,33.84481807028056,98.35671169882782,48,52,357.51497080399923,4,4,9,7,4,0,13.120449120931074,1.0904447008509481,LOW
3369,40.101786810364864,1003,33,2,4,11,11,8,139,92.24455824996744,141.08024062953854,82,18,102.69510985312466,4,2,1,0,8,5,40.322424886664855,2.956791943870229,LOW
47260,1527.387274805777,4824,278,3,5,6,6,2,18803,13.799044997848936,177.95957760552548,50,50,96.10587024487086,6,4,2,5,10,9,57.13388290014972,38.74409681544145,MEDIUM
29143,537.520343971606,4046,52,3,10,14,13,14,1440,64.93465668132288,49.32739757002272,85,15,105.27700167203574,3,2,2,0,0,1,3.2189385063774436,2.690400499248561,LOW
25236,756.0458164739745,5483,110,47,80,5,2,0,630,84.2591662512323,184.45670010772358,72,28,135.24319650388108,4,4,3,1,0,10,31.53309842881987,90.0,CRITICAL
38967,412.9411835972563,6661,258,71,137,10,10,11,4318,68.22681124719396,164.88424407427894,81,19,42.941589858439855,2,3,1,1,1,4,3.5492544103060037,19.74405479916201,LOW
23828,804.0983207554262,3683,175,57,128,5,9,6,2179,113.55746541139366,195.98264288386457,29,71,278.8878643234358,7,6,9,8,7,7,17.942992534676552,33.377934222069115,LOW
26376,575.6765247705683,3678,13,3,4,12,13,13,2195,125.0491184090703,177.24783692352057,97,3,82.95948713165461,1,0,1,0,10,2,7.086198161466401,3.8778062780500355,LOW
21795,247.9257792299561,4325,260,48,194,4,7,5,3017,116.83024573481082,63.18809264146226,36,64,370.45829890823427,7,9,10,4,8,8,69.1813471790934,48.51633976362015,MEDIUM
4487,52.798367086324475,870,48,12,17,6,9,7,961,10.627877432711307,30.131623155369063,75,25,86.27452556394827,2,5,2,1,10,6,12.571248673795397,9.590270129938135,LOW
22899,1009.6723473525869,2069,75,10,12,6,6,3,4941,33.148671714665966,31.325803678401837,40,60,102.25681172351004,5,7,2,6,10,8,11.232427587042013,17.71231529226183,LOW
46714,574.9336526319859,7844,0,0,0,14,12,9,0,82.80808884324728,65.33243052987245,91,9,118.80809152432654,0,3,1,0,6,0,70.00193010267358,0.6474856075191582,LOW
34486,710.644878173721,6496,130,82,103,10,8,8,5917,140.5491958643512,126.69490755706245,36,64,307.4152388045664,7,5,7,7,0,4,37.39166125666975,29.125700712608605,LOW
21380,420.1875318532868,4117,65,7,17,9,8,12,1005,126.06873238255695,162.82086195846279,82,18,171.04259497681193,3,3,4,0,6,2,54.69592974542514,15.47812733071196,LOW
5235,296.08728074230396,536,22,1,2,9,12,7,664,127.16750371101124,180.8575583264973,41,59,327.73384961224747,5,8,8,5,7,3,23.902997558621756,2.827913456614473,LOW
44564,3520.8575236074644,10497,20,0,0,13,13,14,2429,48.96518809515286,128.51314303015423,46,54,313.9414849423154,5,5,9,6,6,3,38.59954047434216,4.043094147685505,LOW
5055,68.16873044527784,284,22,1,5,1,4,5,441,67.26994507641187,11.06994942213021,18,82,371.7961691069866,10,8,8,7,4,10,0.990040413557203,20.127277444098063,LOW
42414,813.092456779654,5883,253,127,179,8,5,8,5795,73.25236236081092,45.400187538521365,42,58,302.6416620416219,8,6,7,4,6,6,29.730520703485244,53.19996255810411,MEDIUM
41318,888.5435329774998,10125,696,261,297,7,9,5,9265,27.81887958573701,28.94797873213991,77,23,20.764467867625136,3,2,1,2,9,9,40.188919730742704,92.59005171230652,CRITICAL
46025,619.4208241328131,8789,345,44,174,4,3,5,11008,9.504878885446166,79.0316503581119,24,76,334.91250947962334,8,8,8,7,10,10,37.280326690187344,55.53943824249136,MEDIUM
20330,261.5674929924689,2343,184,38,135,10,7,5,5751,142.30092042177495,105.25668879041173,22,78,375.22903868216446,7,7,10,9,1,7,29.516107635998043,34.536530348891255,LOW
17929,892.1553457819783,4011,22,5,9,2,2,4,5062,39.90332492120847,18.24546392992656,3,97,397.4756770198676,9,10,8,10,8,10,56.835397957727935,24.737960859947016,LOW
7393,117.40252349325439,1418,96,23,64,2,4,5,2955,39.79259103992654,76.21081540117451,66,34,50.10703765298605,3,3,0,4,1,9,36.367319105740116,15.449872046615717,LOW
14873,832.8182783548212,3704,74,13,19,12,8,7,1529,17.089962796470132,44.04413817881129,57,43,245.30930773061382,4,5,5,4,1,4,45.98261744068468,13.212724601861828,LOW
47833,626.2451358816351,11181,628,182,490,5,4,5,4836,139.6336240318479,132.94333158918604,64,36,79.78346635366375,4,4,1,3,4,9,13.700410911832918,71.73081929822024,HIGH
3936,58.38832223215624,797,42,0,2,6,2,5,152,89.06188166626694,98.2117501716246,67,33,105.0038563650396,3,4,2,3,7,6,62.09725689339536,17.782432684130576,LOW
9254,96.51810065057879,1592,7,2,4,14,8,12,803,101.72034428317632,104.11035291744267,66,34,298.23373528914317,5,5,7,1,5,2,26.442787005108645,0.0,LOW
11177,967.6208830615335,930,13,5,6,14,10,12,62,137.1786486531426,91.26143972635761,40,60,391.0670870796241,5,7,9,6,8,2,34.970409782842076,4.571386796888095,LOW
6395,613.711916740361,737,25,2,3,12,12,13,75,55.11492449061448,191.64374499244772,61,39,237.94220058520915,4,5,4,3,5,2,25.681926757462218,0.25162600471230334,LOW
20238,636.2595889775607,3132,24,5,7,11,11,13,193,95.11856011502219,50.79967377309701,57,43,340.23378792889895,4,5,8,4,4,3,64.27136308451153,11.791229799872498,LOW
31246,1046.3451273649953,6243,229,23,57,8,6,10,3309,10.625920935688683,108.16620937033612,77,23,3.5535215315311675,3,2,0,2,0,5,64.90292050779965,23.178528499711593,LOW
49877,1752.3460171918314,8899,294,19,22,10,7,13,5313,32.08201659351376,149.84329998941382,81,19,14.652655939847703,2,3,0,1,7,4,16.53633063963238,21.60824974626098,LOW
48904,536.8509517895308,5968,478,111,223,9,8,6,340,125.53064173804167,115.8004384955669,39,61,238.68973493034537,5,6,4,7,2,7,54.31909073700685,60.73256035506701,HIGH
32852,1144.3942956118065,1695,69,47,54,13,13,10,3387,116.18141166905868,186.5139682861922,65,35,155.59324064017565,5,4,4,2,1,4,7.856173518136246,20.325416692948487,LOW
40290,1306.6225827719566,7012,204,52,91,6,7,1,7932,55.843190261286296,81.813987571844,21,79,355.9031259892615,9,8,10,7,6,10,2.634300261507577,90.0,CRITICAL
42419,549.8760842617812,5149,231,41,100,8,7,11,6563,59.63754102726081,98.09840309690382,74,26,120.7927652342935,2,4,2,2,10,4,60.315764115265154,23.0701889671311,LOW
6100,127.81484690573365,1425,24,0,0,3,2,5,2278,82.36539286526902,26.8192398907984,42,58,172.820411001619,6,4,3,7,1,9,9.879237404676067,12.53603928425717,LOW
29624,375.9987168721518,1658,40,2,4,13,12,10,1014,5.03494567934451,125.70983109986642,80,20,211.1636791326273,2,2,6,2,0,1,11.566964327060909,6.187060402348861,LOW
28143,2510.5744738895855,5521,291,31,119,2,3,2,6662,39.98042872551404,64.76027400514015,54,46,109.21553315449901,6,4,4,4,10,10,43.871060539521224,37.93338423211912,MEDIUM
41264,804.0645415972002,11775,344,255,271,5,0,3,4459,35.193612248191094,40.458717507958085,3,97,363.3979469813177,10,9,7,10,1,10,58.8989489328941,100.0,CRITICAL
9507,1160.3394557152783,889,25,7,17,10,5,12,1610,41.3200272787157,113.46094565185653,74,26,185.81343386323886,2,4,4,2,5,4,14.05646578293452,6.315998880472018,LOW
46214,4219.664970137871,7759,526,66,143,6,6,6,4736,121.85634716734899,111.13895004218301,56,44,169.66224364760677,4,4,4,5,1,6,8.664744781929418,58.58519057396128,MEDIUM
37910,416.0833247064355,2761,40,6,17,12,13,13,675,45.55270919923426,24.415611832569034,63,37,339.90121957373304,4,3,8,4,0,1,6.028547703310992,0.8150701866219037,LOW
44580,2445.6463256053366,9202,259,23,114,8,9,10,10208,32.770591697271485,142.66093616394983,55,45,124.7913606591594,3,4,1,6,0,5,2.276518428359904,27.370184344526233,LOW
40947,736.7223087572944,7683,467,193,256,8,8,5,11984,78.11820181498958,128.51671622366206,41,59,326.9861378043844,6,7,6,5,3,6,8.828259214852144,72.7839452555894,HIGH
8708,197.66613116948386,1322,46,16,25,12,11,7,1564,130.51853027404613,45.91328372183447,74,26,48.90914108853978,4,2,0,2,7,4,67.90247153415967,10.773768623247046,LOW
19089,502.3736226693226,3442,293,156,185,5,4,7,7622,39.99570705643748,99.19262380926833,50,50,73.11541334595985,4,6,0,5,5,8,7.312699649789023,48.88032866348339,MEDIUM
43984,486.09608785521436,12057,39,0,0,10,11,7,5732,16.38775520495581,146.8613541309264,37,63,380.33666646869386,6,7,9,6,3,3,43.22546664637113,15.354786139296156,LOW
17953,2538.164112387238,1778,276,196,208,0,6,5,5690,56.67868669820138,110.59279070284254,23,77,336.9789963230832,8,7,9,8,5,9,66.34909680749612,81.58469678572907,CRITICAL
36712,539.406246123688,2042,0,0,0,14,11,12,0,113.40951456192178,85.14292447487834,77,23,155.1595605825625,2,3,2,2,5,0,45.3891400654963,7.112507203096764,LOW
44025,456.11140524822565,11684,505,178,192,7,5,3,14683,84.85012898074523,71.2443070353793,45,55,255.38257948681178,7,6,5,4,8,7,2.841321448419354,79.92195415595414,HIGH
47702,819.3970471127042,9267,576,120,423,6,6,7,14635,123.43503858828038,125.97483466237018,12,88,377.1880757723823,8,8,8,10,3,7,43.14358721594131,96.61691010419253,CRITICAL
33135,352.5069980396375,9034,122,37,47,5,8,7,2393,144.14086140333893,188.4306526789457,58,42,84.7435611456337,3,3,2,6,5,6,65.06916943910119,24.01014272091082,LOW
34328,3445.030363461402,6839,210,6,10,6,6,5,5877,119.93605912898447,137.63151969072186,85,15,23.604188089200264,3,2,0,0,9,7,23.562971008229052,25.913619115183486,LOW
19211,428.95709047243315,4851,28,2,5,13,13,9,67,92.55144643234424,24.201721690899944,70,30,214.9872258021221,3,3,4,3,0,1,22.924396964315374,4.282837657771611,LOW
3920,131.91994953884208,617,2,0,0,13,6,11,373,76.53453026759517,97.53014496160542,69,31,57.03875146543731,2,3,0,4,6,2,18.293746592107706,5.329140911382355,LOW
31716,426.1299987681026,7531,389,18,27,7,1,4,7266,10.810017520498667,179.25658498701924,60,40,74.92763708455006,5,3,3,4,6,8,36.64643796665902,41.800115823694284,MEDIUM
801,8.15489423646365,222,0,0,0,12,14,14,0,147.72668692803597,27.947860902206507,38,62,356.61567589263177,4,6,10,8,10,0,17.512913496818207,0.0,LOW
45736,1557.2164023334874,8828,588,92,154,7,7,9,4680,60.60476277338117,197.88638530613323,88,12,2.9613834579565346,4,0,0,0,0,7,52.25089715503062,47.29221993451414,MEDIUM
1199,17.85645482620635,114,5,2,3,2,8,8,411,27.073091017945686,190.32318479263006,31,69,326.7280105855474,6,9,9,6,7,7,46.607614940502266,9.113340918010248,LOW
690,28.96813596343677,80,4,0,0,7,11,9,127,101.67278403248623,24.872151338676414,40,60,206.78031053424303,5,7,4,6,4,6,29.15531349892574,6.214768623637068,LOW
10992,187.23690830388685,1095,35,18,19,3,0,2,2312,46.22180191884161,187.34853088541544,19,81,223.71775505812016,9,6,5,9,8,10,52.1626866322904,22.478733610706417,LOW
36243,738.5439455382924,4048,88,11,28,11,10,10,3623,89.9378492850019,78.99519214929782,42,58,268.707184182545,5,5,7,7,7,4,7.542485910439652,13.269861559839924,LOW
6602,67.82376884948371,835,17,3,7,12,13,12,97,90.08134663746573,170.4947417444139,72,28,172.57799692320415,4,4,3,1,2,3,54.09128084196312,6.924991317247169,LOW
20278,322.8462132031379,3828,187,14,30,3,8,6,684,69.63082403091603,89.49283416552159,79,21,46.2447552769659,4,3,0,0,0,9,43.60793498323472,17.20510056016306,LOW
27141,710.4396292550298,5346,24,8,11,2,4,5,7239,126.23719925403118,93.76247141347801,36,64,41.128089521929525,6,6,0,7,2,9,45.550925611594614,17.407146196987505,LOW
35084,2215.0249045064093,5495,564,287,304,6,4,3,8083,43.42022392553924,130.5061872857331,27,73,301.74487967357703,7,8,7,7,1,9,5.12345456590764,100.0,CRITICAL
33245,1716.4513515642332,6777,34,0,1,6,4,6,5373,70.05172578457146,157.15070966243684,60,40,88.41405730691396,4,4,2,4,1,9,44.69665333857186,18.23166034606522,LOW
23593,893.5013517617053,1660,185,116,122,10,6,9,3339,82.96535864569087,16.419938680167242,69,31,11.24067344705768,3,2,0,4,10,5,35.829724703522714,36.013543602404845,MEDIUM
1069,37.06421871314286,76,10,5,6,2,2,4,38,101.22558451125845,122.6996391501555,18,82,391.84555563957645,9,9,9,7,3,10,35.23916891566149,12.940976103059132,LOW
38710,451.12067567571785,3598,0,0,0,13,14,13,0,118.67591832331047,45.479268878500484,57,43,392.1566077442773,4,5,10,4,1,0,23.51251808506826,5.1234623028179955,LOW
35163,602.9717500839153,6312,69,16,33,10,12,6,2065,62.24705601734713,75.73040839400856,63,37,151.25653493751196,4,3,4,4,7,4,1.0443926588291874,11.3648373509943,LOW
37131,678.5371025368095,3843,139,63,66,12,9,12,399,98.67680689400642,76.11404656949114,97,3,10.209537822845283,1,0,0,0,4,3,30.718574103300337,16.797076326283275,LOW
46181,2903.909679468559,5579,155,0,1,7,12,10,1174,26.838588194935273,99.12146464201919,54,46,290.90586343709987,4,6,9,4,0,3,29.165510032140308,10.992338595013958,LOW
7955,91.73912966668684,1193,19,1,5,6,10,8,227,140.2339745786594,73.48591825647294,47,53,332.4048241942677,6,5,7,5,5,6,30.730586623282516,9.649355224390714,LOW
4514,61.275442383655985,1141,19,3,14,9,8,6,322,60.54352693104551,30.398612505626875,56,44,50.005476046323906,3,5,1,5,6,8,44.257571470473096,14.815182948124008,LOW
11593,1014.39433874864,619,18,2,7,5,5,6,1691,110.78060618658357,37.66946031983578,76,24,54.18344596369451,5,3,1,0,0,7,21.943294319600906,7.79681740215671,LOW
18570,257.0443785823354,3943,41,24,30,4,2,0,6852,7.949456872915759,16.35321725660856,0,100,328.88959987871624,10,10,8,10,2,10,19.760916620247784,90.0,CRITICAL
36277,640.5275145958159,7880,32,11,17,8,6,7,3457,34.752135721197014,99.34732621246332,16,84,368.7629554860939,7,9,9,9,8,7,36.091361482339536,20.122550193572327,LOW
17038,1334.8576474887566,4253,35,0,0,8,11,10,1485,75.6269689269188,191.34506202206782,55,45,316.30193466965983,6,5,7,3,6,4,42.85071383294465,4.666334822696694,LOW
11229,231.3418399995904,3179,78,3,4,8,9,9,2607,132.34660782119025,31.978292493142146,54,46,80.29797966781183,3,3,0,7,3,5,41.06398250595412,13.264668890955818,LOW
34677,679.3264888647867,1908,24,4,13,12,13,12,512,81.45199674284818,189.79025367058557,85,15,164.60848777368838,4,1,4,0,5,1,63.53738399040845,0.0,LOW
45517,2193.7403482122636,4025,341,129,151,5,4,5,18086,139.83121993261247,149.33868779909778,16,84,240.33697034636563,10,6,5,9,5,10,55.49380017165467,67.60721498709121,HIGH
1284,13.538402315782527,348,0,0,0,9,10,11,20,75.15055000450548,131.12477255749099,87,13,64.11738952833149,2,1,1,1,2,2,4.231577590813186,0.0,LOW
28251,329.4667155259544,4650,134,63,65,12,10,9,1007,76.11511902671275,132.60277351147695,84,16,84.24099705300333,2,2,2,1,1,4,40.788492183089076,13.28646877951245,LOW
41364,603.3508812123968,7906,31,6,20,11,11,14,943,22.363284332577123,167.0782531952936,97,3,113.154428827422,0,1,1,0,4,1,30.373715978526192,2.7802026955554853,LOW
40828,834.6198669894388,8808,113,62,68,11,11,8,955,121.38515540207187,30.314774232166062,66,34,203.8053081163346,3,3,4,4,7,2,26.315167479341063,19.09443231250267,LOW
13033,295.4141350555459,2864,58,5,11,11,13,7,1765,40.809984807724064,105.90332147745293,33,67,204.32195487101902,3,6,6,10,2,3,68.98955728789558,14.200107851839114,LOW
40611,607.5627411952623,11490,245,26,50,10,5,4,515,135.4438109589857,142.44731626954413,52,48,325.71780773902105,5,7,7,3,4,5,33.160898450755745,26.27230336332855,LOW
40474,712.3694090242814,12111,101,44,78,9,8,8,4834,137.06951194790744,121.4958845639771,67,33,301.2040802750502,5,6,8,0,2,4,51.93959499027187,22.44660676479357,LOW
6301,577.2289953889452,1449,60,29,42,7,8,4,1713,141.77996622175172,168.22802349442597,15,85,365.4942700439768,10,9,7,7,6,9,69.64671835191288,26.145585877814728,LOW
19690,366.7503182947723,2398,34,7,8,8,13,11,195,80.43342091994805,23.731624712156783,44,56,333.16068912983854,6,6,10,5,5,3,11.296509717022387,8.264354071292157,LOW
39254,481.00473861529554,10596,71,31,46,13,9,12,1437,103.17859879362842,141.23319750484154,96,4,101.55101932226187,0,0,2,1,5,1,4.405062743650131,0.0,LOW
30092,618.823125781017,1874,468,56,60,5,3,2,7055,117.88480260894121,111.46526877309637,37,63,132.51870772159995,6,7,1,6,0,10,22.923846405462132,59.64000540667628,MEDIUM
11147,1121.8941611560656,1201,46,2,7,10,8,9,1612,23.997119704317512,82.04056415618925,67,33,200.1692974530135,4,3,5,3,1,4,3.6777649723323274,10.014337409542922,LOW
9216,115.6388074397514,2528,71,5,10,10,9,10,1524,92.1387932746371,74.65224662446586,68,32,5.708453825457838,2,2,0,5,5,4,8.848669704624267,0.0,LOW
23855,988.6214538993106,2720,271,11,19,1,1,2,3851,9.973195688980192,127.95820022709664,21,79,361.56080251348857,7,10,10,7,7,10,71.40725231024,44.32595020173318,MEDIUM
22509,761.236962584834,2367,97,30,66,11,5,9,3271,77.14708209136525,179.28912118241033,75,25,17.73768502493569,3,0,0,4,4,6,69.15279169089528,14.174736776498381,LOW
24876,1204.8179013754534,2102,0,0,0,14,14,10,0,27.452188834932976,104.2734259592119,86,14,128.97650832665454,1,1,2,2,1,0,49.9274251155611,8.457480393525458,LOW
45591,1253.5182713654651,12071,154,24,31,7,9,10,1378,31.52382426450228,166.69740117461484,45,55,227.66991647856267,4,5,6,7,4,3,54.33857047170787,16.097645088154444,LOW
5280,68.66828381200489,924,91,35,61,3,6,2,1,57.93189717042722,86.40971255035383,48,52,207.13655544274633,5,7,7,4,8,10,10.545183551476324,33.3640669661809,LOW
2868,52.77719113939298,627,20,9,12,9,12,11,552,67.70338917389293,29.454947930703543,54,46,261.7839571303499,5,5,7,4,5,4,43.05934368073545,12.874493123426735,LOW
12539,512.5548961780895,1376,109,4,8,7,7,7,1935,95.36000155716715,21.686089927141325,59,41,211.00807011768362,6,5,6,2,4,7,11.54051122518363,15.176842342919263,LOW
7155,80.94453855140166,1713,42,4,21,8,10,7,32,15.79212067358477,19.75353055149874,63,37,91.60057028121375,4,3,1,4,9,7,27.55461016130747,4.653256836991501,LOW
41441,467.94117824190135,9945,0,0,0,12,14,14,0,78.03530537942947,82.2285269719573,90,10,80.43127511754875,0,2,1,1,5,0,25.192169315371633,0.0,LOW
4995,56.952315443928335,640,30,11,17,10,14,12,288,31.480643886699664,74.07517265880999,18,82,362.89882763019943,7,7,8,10,10,4,44.39817297497103,13.29528391794977,LOW
11393,411.51297086020486,1739,90,51,52,4,5,2,71,88.22640037960258,146.4080344882882,50,50,105.58669469423702,5,5,3,5,8,9,6.198057277495431,27.13376581402849,LOW
26047,544.1452062090443,2667,0,0,0,12,10,13,0,97.42366877787161,151.1360853011245,97,3,112.39089355180538,1,0,3,0,6,0,7.897537999401727,0.0,LOW
22886,232.1707141406056,6731,0,0,0,13,13,14,0,85.72284220016381,19.66225407841057,82,18,165.18115844013784,0,2,4,3,9,0,44.11013258116048,6.290033409926851,LOW
13903,177.46731755118256,2939,24,4,16,12,12,13,27,112.05284901935461,52.01341994891284,97,3,55.77533085998958,0,1,2,0,2,1,45.98241247118329,3.4268818110200945,LOW
32597,4299.882392585153,9245,52,11,37,11,13,13,1090,53.663340414930694,62.10975153019094,69,31,202.90913776929617,5,4,5,1,9,1,24.801593404886,7.716830031496097,LOW
13621,1216.7651673972744,1714,15,2,3,3,4,5,4940,115.94045578680398,114.0462769871338,33,67,266.01270468085255,8,5,7,7,9,8,11.001285636948223,16.622313170517344,LOW
11466,233.6496171402794,2814,11,0,0,9,11,11,704,67.75122684768809,37.45789254232055,65,35,314.40019683094675,5,4,6,2,4,3,63.854713979100275,9.564945783606497,LOW
34121,373.41347879702715,8239,117,63,80,9,14,9,2855,75.20675225677654,35.44883168600007,64,36,284.58169674569166,2,6,8,3,3,2,4.285839045869764,23.362794069640326,LOW
28812,512.8819416827229,6422,485,89,146,1,3,2,421,98.97480845285536,189.31988894951203,52,48,59.05438563210548,4,4,0,6,10,10,51.79234950873694,65.11168861886829,HIGH
23177,443.22107698608244,6754,0,0,0,14,10,9,0,7.661965679887475,162.7985523865784,96,4,182.42685798836956,0,0,4,1,4,0,10.513197346179474,0.0,LOW
31789,2116.444529564125,4717,38,5,10,7,14,14,99,99.829162105936,44.32443139732236,96,4,15.434480323271371,0,0,0,1,7,1,46.072234452526686,4.549281288089932,LOW
31524,467.75601048734666,2606,287,19,95,8,10,6,6607,94.69484661545673,87.24788350204328,91,9,7.119198688379713,2,1,0,0,10,5,47.95139305541632,27.91117275360842,LOW
43175,519.5560021379472,9409,632,170,191,6,6,4,15238,49.92783192922559,77.56817985893746,36,64,176.05216730952026,6,6,4,7,5,8,58.00456404802898,85.84213601799166,CRITICAL
5277,128.2696338230218,1225,33,2,14,9,10,10,829,17.440171310425974,160.29077407242738,77,23,101.18419778305162,2,3,3,2,3,4,28.744293382336277,1.6363149031055837,LOW
30249,384.44075115057706,5861,45,0,2,13,10,11,3724,18.185640237390967,106.9404541308432,64,36,273.3443179493451,4,4,5,3,4,3,2.058447478643804,7.526428353111916,LOW
15838,163.91155246756247,1610,94,50,73,9,11,10,1778,138.86744331285814,34.29145002875873,50,50,289.696314725365,5,5,7,5,10,4,58.49003109678298,20.838708468276213,LOW
2991,122.79427238479553,526,6,3,4,7,7,5,316,104.94550157774638,150.40849199968633,10,90,358.16148982330225,9,9,9,9,6,8,32.250863385565175,6.741039126075533,LOW
27736,506.90548182021826,3551,299,197,223,7,7,9,5352,23.429878996757356,85.4087158627346,42,58,304.2730054156155,7,7,6,4,7,6,61.06692210122701,67.79459895235281,HIGH
48596,1505.5406278437792,7623,130,36,91,6,6,10,7475,56.72485954979142,59.95560705010794,69,31,19.29764925461668,3,2,1,4,4,7,55.98292390075772,23.023135776006534,LOW
15099,187.98281992222394,3190,61,11,32,12,5,12,12,90.91003411573148,81.34473818393683,66,34,148.64920414310708,4,2,1,4,1,3,36.12893771813553,20.15142144865438,LOW
20008,334.1831008816911,4727,251,30,44,7,2,4,4770,126.15789723814406,104.5737470853103,44,56,109.20934070084884,5,7,2,5,5,10,71.95705774297278,39.0593049642449,MEDIUM
3551,54.39200534174171,383,39,0,1,6,10,5,809,11.330834663386238,75.1919481192318,43,57,154.4529799308645,7,4,5,6,8,7,33.53836800806037,20.712153691073333,LOW
49247,609.4786560918774,7452,282,10,22,9,11,11,170,39.311804063151286,55.96209679243399,62,38,64.03026358748063,2,4,1,5,2,5,50.30008033335759,29.166032850892776,LOW
49656,1165.1635006268873,5824,42,5,10,9,12,8,6170,134.0136035928301,85.71538547275627,94,6,39.08164147623738,0,2,0,0,6,4,48.3909731244837,0.0,LOW
22106,240.4562690916893,2203,191,22,76,8,4,10,4327,6.32900477665339,13.642853042480667,54,46,208.39381700336025,4,6,5,4,7,6,37.54177012490077,23.610724701050252,LOW
22199,398.991746376736,5457,91,23,72,10,11,8,877,34.20286990511367,156.77459075829964,70,30,288.15252434655775,4,6,7,0,5,5,42.35254566380294,14.531590471382032,LOW
1376,68.78036950011918,381,1,0,0,12,10,10,59,144.05850551608006,42.4795297778413,56,44,280.76436077277714,3,5,7,5,2,2,57.600526467129384,4.405973679721135,LOW
32593,458.3435413512101,4646,258,30,108,9,9,10,6286,93.9432677457148,18.341876589821076,53,47,180.37772887049087,5,4,4,5,0,4,41.37034864729946,24.28925524874324,LOW
4642,57.76518067153776,1103,45,9,25,4,8,5,1641,42.942348162438435,134.20275165196506,51,49,208.91159451557843,6,5,5,4,2,8,32.68560382783076,17.666246308529146,LOW
15702,447.4478292036036,4306,136,7,19,9,8,6,1935,14.713708687397903,157.04786447649772,57,43,206.53148900345656,4,5,5,4,10,6,47.83889693558569,17.205559589757318,LOW
40234,465.4987308798822,10522,132,54,98,9,11,12,2111,9.087744364847213,164.6275350026402,71,29,276.6281511072225,3,4,6,2,5,3,3.0388960290779807,22.565928913366406,LOW
7579,83.20926307530814,725,71,7,30,6,11,7,282,40.488036547354454,103.76674470551399,85,15,19.170070382409634,3,2,0,0,10,6,8.307362062813006,13.556912227343364,LOW
8487,271.09883024794004,2453,51,6,11,8,6,10,59,132.81544384039202,49.01995509109721,32,68,283.9584435484896,7,5,7,8,3,4,9.467986171486078,9.112806155060236,LOW
40067,407.0420813412631,5776,540,380,403,0,3,0,5959,65.30747987313887,150.0732586774671,27,73,232.880360302915,8,7,3,7,0,10,30.942387943685343,100.0,CRITICAL
29440,1602.8227830657197,3968,58,6,29,14,9,11,1384,109.44833852906899,142.94548465932405,84,16,79.24348586862968,2,2,0,1,5,1,62.831929649350734,5.0844916490672745,LOW
37733,1559.763468161563,2475,183,49,70,5,4,11,9042,138.15133013009387,56.791439479602914,77,23,19.6235414985058,3,2,0,2,0,5,46.49556374032777,23.077131040554374,LOW
17519,778.5751711040648,3005,151,60,70,9,7,4,4270,64.1658669324084,181.64747361393066,66,34,43.41111622315537,2,4,1,4,7,6,70.04222123398618,29.642027605174633,LOW
46685,519.1316298981058,3606,528,142,316,6,6,4,5732,32.73521880042257,29.83057703573751,59,41,209.87653656770786,6,5,3,2,2,7,3.3557793112100143,62.589388704752906,HIGH
18577,276.6171923840033,2083,75,2,9,8,10,11,667,79.98209997425333,196.7107655223519,55,45,303.3634120365131,5,6,8,3,2,5,52.12350370738428,10.20632745714088,LOW
26758,1375.7392325402898,3458,181,29,125,9,4,10,5577,136.6721346236789,173.44708408571827,43,57,133.86291484980046,4,7,2,6,0,7,22.96541135340279,26.879346319323282,LOW
21636,462.0043810514204,5456,252,138,193,6,8,10,4196,121.6342900499666,140.70074264102428,59,41,151.64956428208868,4,3,3,5,2,6,2.164908703388723,46.82462550145643,MEDIUM
8811,138.85799920116787,2369,1,0,0,11,13,14,187,14.5453272876573,188.36247877316825,70,30,373.65856601844496,5,5,9,0,6,1,59.55375833030342,4.385009926377494,LOW
17714,1370.0888955682867,2225,65,13,35,8,10,8,3062,105.42305601124936,147.23912198150447,76,24,85.2052336130304,3,1,1,3,9,5,12.13258835519894,10.078362340660416,LOW
14598,164.33719610791817,3863,119,70,81,8,5,5,4360,87.92514075654829,46.186829435708724,68,32,41.49976983014065,4,4,0,2,7,8,15.80635604801162,26.8265528028395,LOW
28751,353.4567786082378,7599,14,3,4,11,7,7,5628,136.5821605702317,94.00966624143423,67,33,137.36404552000718,3,4,1,3,10,5,24.843308893512532,0.44393036437939504,LOW
38445,725.450677055949,9271,208,69,165,12,10,11,2896,22.7598054432931,23.585574623010718,50,50,298.3688477969095,5,5,7,5,7,3,56.86753385555219,30.124729248059268,LOW
47530,490.621985011823,4119,183,79,99,5,7,8,11288,82.4352364146752,84.03491023474193,62,38,250.43091642245275,5,5,6,2,2,6,45.15822641075102,26.546365871627234,LOW
26445,591.7789645834057,5886,31,3,10,11,12,11,67,132.52209055922438,150.90457375006966,88,12,166.31817574782767,2,2,4,0,4,2,19.437571213059705,1.9838468901265354,LOW
25816,262.11670325036056,7389,171,68,92,14,8,7,3513,64.45344907755273,83.4242366768553,27,73,385.9010131327322,8,7,9,7,0,4,12.546987690265356,28.875491273041064,LOW
32717,477.95256345025007,7218,0,0,0,9,13,14,0,74.88926307126573,72.75589333894548,51,49,293.9985753178293,4,3,7,7,8,0,8.332698945633346,0.0,LOW
8808,134.89801355651574,1170,106,6,9,1,2,5,1072,15.216798261708952,123.11758727695926,68,32,24.744569753317514,4,4,0,2,7,9,11.211884967337873,12.587691593959438,LOW
6449,310.5599775162761,1129,21,5,13,14,10,9,58,45.33082786509207,175.71886050979006,75,25,297.8525775416193,4,3,7,1,9,2,62.57237844506905,15.750697533072977,LOW
1650,18.584610265306274,348,18,5,8,7,6,6,111,52.053464129497364,19.04080658376136,85,15,9.61542236234334,3,2,0,0,1,7,66.4718611801787,9.10766543825789,LOW
24444,535.9172378186793,4342,310,66,197,6,5,6,9699,142.0427550680086,83.23938259294972,41,59,260.1293292469622,7,6,6,5,9,8,69.70898324379836,51.41728576260434,MEDIUM
35199,1724.412146257977,2815,75,7,9,4,8,7,5848,45.98676727846806,40.065740944899915,72,28,84.1931345170635,5,3,2,1,0,8,60.1833297401926,18.062013073609325,LOW
9704,1565.7384928233746,1242,21,2,9,4,2,3,4051,71.82596661409954,142.11730763905524,42,58,278.57688361502306,8,6,6,4,3,9,63.94840823916951,19.907368201477645,LOW
1581,27.175786107777746,396,1,0,0,14,13,13,12,102.33914141682057,30.087666481915626,83,17,123.91182665911846,1,2,3,2,8,1,58.85140028313493,5.000019738893165,LOW
29805,540.896492337791,7908,15,3,11,8,11,11,912,28.516588999142222,136.31347413024645,62,38,349.20252318222595,5,5,7,2,7,3,69.00098748679115,15.689222175346742,LOW
17396,237.2011654645743,1466,73,11,51,6,10,7,1940,75.5341461355718,64.37436545160239,58,42,134.7655346365842,3,3,1,6,2,4,60.96404232042171,15.786388393425606,LOW
46675,521.0745487249486,13446,79,42,54,12,13,14,1631,112.0881607240066,47.794194610072694,85,15,247.8783421617188,2,3,4,0,9,2,33.53319173568242,4.8065358851779525,LOW
8305,662.0892797537845,1097,96,18,19,5,5,0,2673,130.69400588892458,187.90698598674723,32,68,114.37102386159532,7,5,2,8,5,10,23.61268347659361,26.798177522722796,LOW
5737,77.01480925056771,1236,0,0,0,10,14,13,0,95.80759482605187,13.519669581731614,48,52,366.8886180568713,5,3,9,7,8,0,42.27115005288699,0.0,LOW
20556,901.4154792583254,4891,105,12,14,13,9,8,4170,102.01275972095745,93.1776816590181,19,81,312.39839241126896,8,7,5,9,9,5,43.9851079382474,13.975100637427229,LOW
46043,532.1240278266408,11648,304,9,48,6,3,4,8941,23.311103524762498,14.109128567740818,42,58,97.32115053784125,4,6,2,7,7,9,41.60638953228763,38.74029689558635,MEDIUM
49512,597.891340295297,14182,23,0,2,11,13,12,1416,142.13759210072033,101.88267913982251,49,51,379.51868502346383,4,5,10,6,9,1,51.030933504549076,0.0,LOW
46452,823.9763169731979,5956,495,219,339,3,4,7,5965,24.22324123524994,105.19900178093945,30,70,142.8630358304913,6,8,3,7,4,8,50.476825391367086,92.06889511840032,CRITICAL
3843,53.026596210723376,1016,0,0,0,14,13,13,0,117.32757589136075,71.11586956500193,59,41,260.745979066875,3,4,4,5,8,0,6.734391300628733,0.0,LOW
14000,401.5688635496812,1160,234,18,25,0,4,4,4583,43.39836665785623,35.1107377297545,14,86,297.14129244575855,10,8,7,8,8,10,20.914855299941138,37.953599767244654,MEDIUM
29875,600.3703659331651,6759,421,40,82,10,3,5,4744,140.3710058366815,81.5136321695503,63,37,9.160864585964923,5,2,0,4,2,8,64.12500340019083,46.348177621747965,MEDIUM
10162,122.35191352380821,2393,87,12,39,5,6,3,841,109.39413320857453,137.72995858718753,32,68,383.5869384628985,5,7,9,8,7,6,42.687506363644204,18.662777966712284,LOW
17464,359.11845419410315,3832,245,55,172,3,2,2,5362,114.3029883818635,158.65520364244725,43,57,137.77652243494595,6,5,3,6,3,10,23.989515920685296,36.94021825914572,MEDIUM
48393,1241.1378146794923,5472,90,14,30,5,4,5,20538,36.76358009368308,110.84261445374705,61,39,75.9115573724897,5,4,0,3,9,9,61.30779344518996,19.114971822206122,LOW
8630,166.12068690738718,2315,2,0,0,11,13,12,57,69.24079661209832,122.06853494355356,53,47,340.28311669139924,4,5,8,5,6,1,18.306523423656298,4.5148918384370855,LOW
20031,239.3656713445845,1847,164,4,21,9,9,9,4001,94.58291321544652,48.11711051368401,61,39,281.15971312936574,5,4,7,3,9,5,29.757790302900492,17.890529337957958,LOW
2179,59.1400170297255,138,8,0,1,9,7,7,414,116.64617463995714,64.59276331325339,61,39,34.69730904934103,5,4,0,3,7,7,20.252216174552863,6.917433970415014,LOW
4006,186.26189414030094,918,3,0,0,12,10,13,105,20.074109507296487,40.7601659099481,86,14,46.81783255070782,1,1,0,2,6,1,62.80151955067038,0.03165702478544974,LOW
13784,189.75422990608917,2327,20,5,6,10,7,9,2651,144.5429708859066,57.36611650087615,53,47,286.0767482614596,2,7,6,5,4,4,52.572641106230826,7.29685946299675,LOW
7753,92.88597405911146,2033,36,15,17,5,6,2,2348,134.08199723041062,52.728488242851036,56,44,29.91330238363359,4,4,0,5,10,10,33.406133592465665,20.69058256130517,LOW
19628,1348.0250333960241,2862,154,7,34,10,8,4,4075,44.20054562185973,108.69526941433514,17,83,366.87017404962603,9,8,8,8,0,5,67.15950952175962,26.564493409464113,LOW
28432,1023.1739723884691,2617,33,21,22,12,14,10,1462,124.30023523968813,116.91086360023859,66,34,296.6160547790533,3,3,6,4,7,2,66.8123018088471,10.828802610658105,LOW
9935,537.3948076211574,2574,9,3,7,14,13,14,124,80.1569688407744,189.54000995608587,62,38,134.19688238679552,3,3,3,5,4,1,51.374039370614845,2.5777193903086224,LOW
44578,1171.427221398143,8346,173,14,16,7,5,6,15479,71.96193982649271,47.15842294928938,51,49,145.1755116901353,7,4,1,4,2,10,64.27754477732893,22.92088145613178,LOW
13796,288.7198579042655,1342,95,0,1,7,7,9,3184,50.592945342653785,131.91838493068423,64,36,202.59843848164056,4,4,5,3,1,5,51.936608181463825,20.758935278230773,LOW
30945,406.4303759919037,7120,91,31,57,14,14,9,2603,89.2404450615809,165.27926110762934,63,37,144.38776545941607,2,5,4,4,2,2,45.41714852928286,17.443325479784036,LOW
13745,205.5818329987694,2443,10,0,1,13,14,13,136,110.83392206702167,116.44587811877997,76,24,313.3874205753263,4,4,6,0,8,1,30.585985781745286,3.5243271158731138,LOW
29624,462.9602576727278,5956,0,0,0,14,14,14,0,64.58527121959995,58.45069397520439,49,51,389.8947776406463,4,5,9,6,1,0,20.05308799049397,0.34843548159831017,LOW
30399,790.0847356573214,5022,118,35,37,3,7,5,5499,96.23678298620236,59.88454370380004,48,52,233.80860617527725,5,7,4,4,9,7,4.808401145889231,28.80611013003953,LOW
44419,522.9608927231171,11423,0,0,0,14,14,14,0,106.40037356751904,17.458080083489982,65,35,178.41493106701157,3,2,5,5,0,0,57.76220296273627,0.0,LOW
43725,878.5010292248367,11254,260,85,137,7,7,7,1694,108.11266346721645,68.03440304421153,83,17,89.10965610728687,2,1,2,2,1,4,9.2346602796532,31.919101201033158,LOW
35747,364.7095981773649,8126,693,13,22,0,4,7,4111,12.535084229021136,151.4746990106422,29,71,261.3733676991201,7,6,8,8,1,10,29.83997070717617,68.79656250354867,HIGH
29722,455.55493758650783,2269,80,0,0,11,8,8,5638,129.6634318243347,19.028373869350972,36,64,274.23074472615883,6,6,8,7,10,5,17.276346318540917,11.623826292550296,LOW
26711,1571.683644739769,6937,74,5,11,5,1,7,9753,71.44673064093195,51.666103675917824,24,76,274.0762428057455,8,8,7,7,4,10,33.00578038352222,19.642814253076164,LOW
37720,544.796448383905,8213,45,8,11,10,13,11,3165,43.05033184595109,144.18417472103857,97,3,10.79401434739693,0,1,2,0,0,2,23.02134352092049,10.394733764100163,LOW
27146,756.474562294751,6087,54,11,20,9,5,6,7597,40.05585358455383,158.70379693634655,46,54,359.6488402641884,6,8,7,3,9,6,59.82311000722692,8.759246046398347,LOW
39149,557.6694538729048,5510,16,7,10,12,12,14,603,75.03704636237282,96.5104979117664,78,22,135.24262537167067,0,2,4,4,7,1,70.43976712864728,12.167951543179985,LOW
23549,2027.3058136976858,6353,103,24,25,7,6,12,6072,133.5905732229991,142.6341243109433,39,61,297.66630499264363,9,6,7,4,1,6,67.82116646733247,25.15345493846281,LOW
14569,674.0620706013211,3370,12,1,3,14,12,11,485,59.86039934398381,83.71091204442948,60,40,303.9227628401279,3,5,7,4,5,1,44.99944919233422,4.201514597428396,LOW
33080,383.33605448063656,2585,240,33,63,8,8,9,6336,113.71023328361377,40.38351655458423,45,55,260.2219915248958,4,5,6,7,4,4,70.51827314644174,29.572672392361902,LOW
32343,1216.7229527790284,4914,91,0,0,8,7,10,2639,19.038715993146695,85.64840376935224,48,52,157.94660925771686,4,4,2,7,1,6,29.1516700645834,13.402086494816233,LOW
3349,39.624270153405234,909,65,45,49,6,4,3,451,74.02822181190396,120.19388583859714,27,73,243.35368672661022,7,8,6,7,9,10,37.85785224233572,30.33632988496176,LOW
40658,1289.4518247158978,2512,666,73,74,0,0,5,14317,148.79449035694665,190.13012355204916,66,34,16.079476503150623,5,5,0,1,0,10,18.864762995811333,66.9247662297556,HIGH
23789,360.0369083763404,6907,84,12,19,13,12,12,2208,116.71348140488887,23.06268089684869,57,43,304.7583168751625,6,3,7,4,5,2,64.70575104869822,13.88784358297201,LOW
45190,636.9785471722008,9932,843,41,87,5,6,4,18630,35.52663082388889,106.40487783054252,43,57,39.835459331335564,5,6,0,6,5,10,13.349202161221159,79.95745189798912,HIGH
35757,665.8386242791252,7431,164,25,64,14,8,13,3899,77.70901368619705,72.49475786003762,66,34,158.7003703198407,2,4,4,4,2,3,44.14985434259159,17.94710814397514,LOW
10323,303.5773401472334,1214,0,0,0,12,14,12,0,38.87559072904215,106.57922191257197,97,3,41.44751506598663,0,1,0,0,7,0,57.66096948613253,0.0,LOW
42475,1685.43456047927,4765,79,4,6,11,14,14,3048,64.38633445306384,14.55533500154102,57,43,334.8297783276378,5,4,5,4,8,2,43.07101039811141,2.584120324960577,LOW
10040,1231.4502558312788,2866,85,11,29,9,7,5,3217,118.1121834415699,69.47481739330046,58,42,220.1209573743837,5,5,4,3,2,8,6.132428077683541,19.92669773584404,LOW
16864,497.83160861488403,2100,284,3,5,4,8,3,5716,116.82759821710853,165.77494803013096,27,73,276.382048067709,7,8,5,7,8,9,44.218451830563815,39.57542620157433,MEDIUM
5111,76.22616774307849,1246,16,8,9,8,11,11,691,38.07455479584584,115.24892943238113,33,67,273.0328679370452,8,5,7,7,7,4,55.34617153097167,12.68002176365782,LOW
28163,299.1641364249162,4176,35,16,17,6,3,7,464,138.72238113245473,95.61067363506231,40,60,336.64249266340175,6,6,7,6,4,7,13.92971335798595,17.84846462436966,LOW
39146,446.03493541359165,3320,60,6,33,10,12,14,1291,90.92238650089989,64.24976362591451,100,0,53.02776133805387,0,0,0,0,5,1,53.19212920079305,8.320360731104888,LOW
31477,404.71273615224544,1658,74,12,27,13,12,8,1505,60.089022189492105,66.62807933035762,59,41,263.89125616195366,3,4,8,5,0,2,63.31830612727142,15.605123155379298,LOW
29668,371.30253606283696,5520,293,184,212,4,9,6,8558,77.7806592132248,82.78927238221105,53,47,230.05362176146295,4,5,6,5,4,6,71.03178237261884,56.32669491896668,MEDIUM
49615,727.7747525127543,14584,108,22,35,4,5,3,13556,92.73533174847283,168.75843489326647,57,43,12.358849028526153,5,4,0,4,9,9,29.819237360576054,25.492402005575244,LOW
25971,873.6428265924153,3695,99,33,40,9,8,6,2369,86.18412711763888,193.770509293571,90,10,80.56916352912103,1,1,2,1,9,3,2.2991103540719386,14.466925522508316,LOW
23187,254.2893495094018,3229,105,51,58,3,9,5,9219,75.52873015274584,93.34452245657116,65,35,107.02861655128832,4,5,1,2,6,8,30.46414853017637,28.899316787143505,LOW
1351,19.659610897642843,183,14,2,5,2,2,8,37,78.21525659296302,84.73703936207475,91,9,29.02255017166646,2,1,1,0,0,6,47.70629057158746,0.0,LOW
18571,318.860009246439,3345,57,3,8,6,5,6,2565,30.579727012043495,170.84464740577394,44,56,141.8879223595206,5,7,3,5,9,10,64.23260020983236,27.835517675892664,LOW
7333,471.75760424373124,1174,0,0,0,14,14,14,0,122.84627112417851,91.11201092089769,91,9,10.881003486190277,0,3,0,0,8,0,67.57456415111452,5.837101252737137,LOW
12438,262.0165896369993,3357,10,0,0,10,11,10,588,83.55524639144723,114.88345273617372,60,40,221.27339690309182,3,5,4,4,6,3,65.53466877279305,7.470784906887353,LOW
35695,732.4449830652848,6295,47,7,16,5,5,3,5560,24.006579947181947,53.87891627376144,59,41,84.60038423191492,3,4,2,5,3,9,47.544123735114866,13.522068065864701,LOW
26644,305.78350325035376,4714,145,57,70,5,5,5,11891,116.09277972950281,151.2654817980243,43,57,114.80124220367944,6,5,3,6,10,10,49.30039754448221,32.86830033699526,LOW
4500,79.04224557709225,380,16,0,1,12,7,5,651,140.20437686471587,111.07778047144855,33,67,364.18865046851363,7,6,9,7,3,5,0.670442212087226,9.640565519532366,LOW
5552,134.96020617263434,1641,35,7,17,8,6,12,142,142.3595003893595,163.7165645456649,46,54,201.12673964941018,4,6,4,6,10,5,26.506783903741592,15.924596418101952,LOW
36006,368.17444997569453,4050,113,77,80,3,3,5,5036,58.507571199620045,158.33921870544725,39,61,107.60557249776635,6,5,0,7,9,9,65.3402208823243,42.969615278296615,MEDIUM
28574,1841.2913840196068,1952,133,24,35,8,8,8,543,24.649946666309337,50.85090597130543,46,54,239.3847032992265,7,3,5,6,6,5,49.8076629913181,23.940191874493905,LOW
38655,856.2959944147157,8341,75,11,13,13,11,9,4299,80.16794586179445,145.97075460597486,76,24,80.66857394699825,3,1,0,3,5,4,33.9563337018388,13.26142119303943,LOW
41270,4589.459583795401,8206,142,28,101,14,12,11,715,21.328338255637,162.01033751076056,97,3,29.75827430567395,1,0,2,0,2,2,7.954047664165218,12.0524315934614,LOW
32820,435.9093026788146,5047,6,1,3,12,13,12,1406,140.4281756843295,75.76037574865506,94,6,8.362541760107467,1,1,0,0,8,1,18.111641614301444,0.0,LOW
38804,420.7888496950102,6035,60,2,5,12,13,10,2240,31.61904596649617,42.79573145143216,48,52,380.6116181505025,7,5,9,4,5,2,40.17696002395085,5.47197460980194,LOW
46747,1479.1694433737407,11512,486,69,158,6,5,6,1110,41.65104969291879,10.500109560121754,34,66,289.84432965724653,6,8,6,6,10,8,64.67135822252426,66.10671372582303,HIGH
4413,50.99231101014283,436,16,2,8,12,8,12,132,63.96229639832071,95.67169408769816,46,54,319.97925931695295,5,5,8,6,1,2,7.350582856663653,6.66729505150731,LOW
17950,547.9120569755361,4578,62,25,28,12,12,13,1106,60.55884794107324,76.9622189923799,47,53,392.3670912715328,4,7,10,5,9,2,11.493514272847277,8.257386900996218,LOW
24607,268.8608933513094,5221,0,0,0,13,13,9,0,120.2261193976939,115.4328684268277,61,39,372.6514813653758,4,5,10,3,1,0,47.33286296039319,0.08423208147014272,LOW
21264,277.5023401396205,3290,4,0,1,10,14,13,545,71.16593897988955,45.72780759186929,63,37,294.76527945500635,2,5,6,4,0,1,21.531705802040246,4.688429777597222,LOW
43904,538.9232625005399,7222,745,316,475,5,2,3,19962,29.761397700483847,173.3364540566303,20,80,277.59482792772775,9,7,7,8,10,10,12.633821093080105,100.0,CRITICAL
20991,3128.025621730579,2396,66,4,16,11,13,12,734,43.745434845480744,58.97349096934084,76,24,134.73999877415065,2,2,3,3,4,2,13.258171503733795,3.010671249355923,LOW
38994,404.2211999860608,9281,70,24,39,12,13,9,654,78.82144085219069,53.0216249666535,94,6,41.60690071804085,2,0,0,0,9,1,35.72184566590505,9.977615716685616,LOW
3873,52.3139824874337,690,18,13,14,10,5,7,1111,26.38081802678956,101.33567073202762,45,55,229.4890193470304,6,7,5,4,5,7,42.23771430701438,15.20227423264147,LOW
12661,372.9159071828933,1648,115,22,35,10,10,8,1008,93.69007296867204,104.78169451141211,65,35,230.5013180354369,5,4,6,2,2,5,65.16098687144954,13.177984330480982,LOW
32496,387.8151702364646,6467,168,21,106,7,7,9,760,87.03335944991616,50.86619346916764,30,70,380.8949141662976,7,7,9,7,3,6,38.38192900935911,24.371435664179565,LOW
27622,870.1346043926301,8257,0,0,0,9,11,10,0,108.63183587542736,61.653538077924,82,18,177.02832266468374,4,2,4,0,4,0,49.92606107685198,5.797007570791683,LOW
35350,402.108414195277,5614,160,13,36,10,8,8,8385,140.96716923000832,42.24399543949654,36,64,276.32304972242736,6,6,7,7,3,5,13.419045617928466,27.070120465896583,LOW
27850,1774.434962997614,7802,25,13,18,14,11,9,1299,137.27691135966757,146.50743388140168,75,25,229.98825095868872,4,3,8,1,8,1,51.51241051408998,8.000191780113198,LOW
27972,389.31015519657655,3811,159,1,3,8,11,10,1572,142.18096461998056,156.31691593827557,79,21,70.7040916404197,4,3,1,0,2,5,46.881591608862436,12.238645474770575,LOW
29261,519.1217323523662,1863,45,3,7,12,11,12,1619,40.483761568436634,97.84241451726369,67,33,236.82572310196667,4,3,4,3,4,2,15.957017472078414,2.191619565712002,LOW
25851,1824.2474814973802,2612,249,40,96,10,8,9,1065,24.07696946270642,145.67653431015333,54,46,216.04668374512804,4,6,5,4,6,6,48.360488751461766,30.50108923525782,LOW
23632,844.605893584855,3655,61,17,19,14,11,12,1594,48.83012157198503,149.82772446811464,66,34,197.5623975637422,2,4,4,4,6,2,15.62168116920397,8.267379269988345,LOW
49549,8019.735328876826,5198,559,261,281,9,2,4,3672,134.78735005111562,36.27235025878363,54,46,205.3691734593899,5,5,7,4,5,8,42.940810921076135,82.11727929460903,CRITICAL
15805,319.08048795917347,791,17,1,2,10,14,14,78,145.9477538204058,193.57382471856198,83,17,65.5951887835482,1,2,1,2,8,2,48.322753879286175,0.0,LOW
10317,306.86908673668705,2875,120,2,6,10,9,8,2553,129.60211790521902,165.9960699483219,49,51,185.39109249226712,5,4,4,6,6,6,50.07456393513791,7.4200262909098385,LOW
11761,190.17216569333303,3069,47,3,13,6,14,12,574,20.952569563493824,48.85185762720646,78,22,242.2613087286387,2,4,6,1,10,3,65.5125613807356,7.719492201750778,LOW
917,27.589243149296927,216,3,0,1,8,9,8,34,142.37705971867,45.37135679175334,53,47,195.77967947421575,5,4,5,5,3,7,68.27037088230006,12.899856993217458,LOW
42076,1256.2881740129237,3869,64,17,28,11,13,12,1754,66.38691396586397,33.875617660120724,71,29,195.4744780504589,0,3,6,5,10,1,58.42915359669736,13.215394934348021,LOW
20858,275.88723158027847,1670,62,12,29,9,5,6,5565,6.349992160541284,36.29192688296449,63,37,31.00708391719431,4,3,1,4,9,7,63.330490092568,10.63728697212786,LOW
3767,393.47915448751814,252,6,0,2,5,4,4,1030,69.14709240848808,152.15074181545228,68,32,76.30966080668786,5,3,4,2,8,8,1.882015142261529,4.944909656622146,LOW
17709,195.08670021416174,4090,136,14,26,4,5,6,5648,11.6800296029428,99.23430882080848,57,43,128.38907711020028,6,3,3,4,5,7,26.43076977421906,14.733137335703425,LOW
24552,285.60438038411337,6928,141,68,86,9,7,8,3002,83.86229856836205,158.75749282057478,72,28,167.73879757036264,4,4,5,1,0,5,3.3401383361023083,22.897182347771317,LOW
39013,570.0201106696676,6149,161,10,11,7,7,6,2248,54.09033397837244,151.78842992653904,35,65,237.5749775434417,7,8,5,5,8,9,16.57644305116253,28.776673844336862,LOW
26592,433.40469870489727,2121,0,0,0,14,12,14,0,73.64806537113706,124.8764155659921,55,45,345.33804180922425,2,5,10,6,10,0,27.79328907877047,6.081700506939965,LOW
11838,131.87219017429283,2108,134,61,79,8,9,6,1130,93.90970230775197,140.4096552499491,80,20,63.665895235461576,3,1,1,2,6,6,62.53164897344925,20.413833860214964,LOW
912,40.34261665184694,125,0,0,0,14,13,14,0,130.97615889358394,13.487587632036941,88,12,6.035212084277974,0,0,1,3,5,0,37.09041716278401,1.8959479958323895,LOW
8043,643.3334429768148,1155,19,4,7,4,9,7,1292,100.97572858842965,69.23775289295418,43,57,179.69485231036631,5,6,5,6,5,6,46.89356515420678,8.159618845137093,LOW
40855,1472.0683820838997,8388,81,16,21,12,13,13,29,67.9370859293362,131.18621405928792,88,12,172.84115896465124,2,2,4,0,3,1,26.441315019900667,7.804524097850316,LOW
33996,422.3895984550913,7808,160,50,64,4,7,11,5280,123.81703878220294,11.775541162386398,47,53,220.76048739806896,6,5,7,5,3,7,43.608487332630254,25.6400094496515,LOW
24048,2899.558882763478,1867,33,4,9,10,12,12,214,136.30940994810416,16.265619299692748,33,67,333.2887085486002,6,7,8,7,10,1,58.81085967327906,5.617437090119033,LOW
27884,461.910679292723,1642,30,14,23,8,13,13,1026,22.365195132668596,171.85871666937282,47,53,320.94422039299116,3,4,9,8,2,2,22.03875881136285,2.1665732071339807,LOW
44925,451.2056877123476,13413,102,27,29,14,10,10,3032,82.13028174515476,139.96472372149364,86,14,40.017313772004485,1,1,1,2,7,2,67.15635390429293,0.867254835783589,LOW
39256,454.92509477846744,4246,0,0,0,12,14,14,0,46.2542341626544,60.42024929286535,68,32,373.5981466706695,4,4,8,2,7,0,15.751914955792593,0.0,LOW
19388,355.4995501572974,1230,149,74,105,11,6,6,1323,11.823873692157374,140.7129396225547,84,16,44.16575786977788,2,2,1,1,1,4,66.23004341736839,25.514466352768572,LOW
36235,3280.4067275478656,3531,133,55,67,10,11,11,7179,101.93927079152787,160.56676713646002,50,50,253.82820341369444,5,5,6,5,4,4,2.5232744923030395,22.569661185142735,LOW
47795,569.120321763048,2855,520,68,235,7,8,4,15460,130.1017627315877,68.29091379091923,35,65,268.9625174382303,9,6,6,5,8,9,39.3067878591082,58.512420109794284,MEDIUM
49316,796.6662882160637,7296,373,104,169,5,10,11,5068,28.620884899222137,16.847101724845615,64,36,271.9509948892353,4,4,7,3,8,4,70.93986254777295,36.09362669248745,MEDIUM
18006,1131.12715480758,4512,285,109,113,7,6,7,4172,122.79998035546558,187.22803369066955,67,33,106.14046867015637,3,4,3,3,6,8,44.09917896314093,41.65626656522854,MEDIUM
20963,1506.347665035516,2836,30,9,19,7,10,7,3250,128.74238136285652,75.58416927616979,60,40,132.13803670599677,4,4,0,4,3,5,40.17260604708658,5.897148196715568,LOW
18455,201.88252783346647,2972,155,2,6,11,6,9,113,137.5793641866401,30.23153502409421,54,46,219.47075005975876,5,5,5,4,3,5,49.29662264297974,15.89271012104263,LOW
38341,559.1184127178741,8392,63,29,44,12,10,12,307,43.4663379174776,103.452805564698,91,9,79.83499832003935,2,1,2,0,9,2,21.185110719270714,4.135701186068016,LOW
5604,66.88767933413435,993,27,4,12,7,9,8,727,136.07319445253395,156.0088811761854,97,3,8.124187133340488,1,0,1,0,10,4,4.354946744067249,0.0,LOW
35411,400.1107509323893,9396,258,112,175,4,6,4,5807,51.49609943678268,52.11298977733624,29,71,224.85778180343027,5,8,4,8,6,9,18.4510938165016,59.07799524917657,MEDIUM
23690,399.3703573502208,6313,122,0,1,9,9,7,394,85.08901195104791,61.20310952533904,35,65,186.11142880480293,6,5,3,8,2,6,13.101672451242106,18.59674722808793,LOW
7857,145.07711788805992,412,6,2,4,13,13,13,233,12.32358327068091,56.115847491730804,56,44,262.6924824893848,4,4,6,5,2,2,66.53520043021608,5.121080923226102,LOW
32979,718.6438429535121,8063,39,2,3,12,14,11,214,11.362757813467823,198.41788003801886,94,6,58.68023033346397,0,2,0,0,4,1,61.43673504935834,8.577729107934049,LOW
45311,1290.54673046835,7484,206,63,118,10,9,9,8303,109.45411584616942,47.50670940880308,62,38,336.36995783594057,4,6,7,2,10,4,23.21654267443704,27.44410737404095,LOW
36708,793.0586192927227,10909,33,5,10,14,11,11,744,69.4495968067797,119.34884122356355,97,3,58.48859538421092,1,0,1,0,5,2,60.27895539995643,3.994675625977264,LOW
20650,262.99511964582183,3527,93,19,50,10,9,9,593,42.162394428536544,185.80028191482322,18,82,356.53744195200943,7,7,8,10,7,4,15.640317238341598,24.044032619050583,LOW
6144,98.80557512535351,1823,95,21,47,6,5,3,1538,32.609956923611975,37.91034808677806,40,60,179.8084690382812,6,6,3,6,0,8,14.769916638089809,28.88978815320748,LOW
43786,487.6505198489116,10449,638,49,83,2,6,2,11426,102.14325617458663,194.46229759486303,18,82,219.9221037490779,6,8,4,10,6,10,55.378783170663986,76.98042150717139,HIGH
47820,1014.8319672867646,5363,436,71,179,2,6,7,12393,5.058223883674281,190.02067453516867,9,91,358.6325343855955,9,8,8,10,7,9,23.875538798562683,66.82179815441918,HIGH
3414,54.47277488021749,630,0,0,0,12,14,14,0,121.85421953354385,178.0686775410699,97,3,119.9652193908268,1,0,1,0,4,0,5.132673718857202,0.8416716173049599,LOW
21852,336.318016993276,6512,78,26,34,10,8,10,1531,16.491192888839677,50.765739052700425,71,29,72.73079849646061,3,4,0,2,9,3,51.979040536815454,16.763691865408628,LOW
46852,765.4150991446149,12386,150,36,88,4,2,4,16419,32.76599416167732,130.47046064208683,33,67,178.30064832778146,6,7,4,7,1,9,71.25649867660172,30.402547693333112,LOW
45412,632.9180219176341,3376,207,3,13,9,8,12,1997,61.00427731836799,154.56937986263563,69,31,97.7468914110827,2,3,3,4,3,4,40.96740661012442,22.7518875865723,LOW
14897,540.6046945794897,3375,6,0,2,11,8,14,295,75.30451725883502,197.34530635732165,69,31,211.13756461612684,3,2,6,4,5,1,19.352231635435263,0.0,LOW
42055,783.5183164583685,5736,65,21,32,9,11,10,2014,56.474291793021564,44.28052619546038,87,13,110.10314577772658,1,2,3,1,8,1,27.16275709812902,7.771008840090913,LOW
47459,3184.8778829454704,2455,0,0,0,14,12,10,0,51.50326392272262,155.5449209086663,54,46,345.7958142381828,3,3,6,7,1,0,46.87844343981533,0.0,LOW
1228,29.57000009503275,185,6,0,4,7,4,10,126,144.7678217506123,74.37222228615146,37,63,242.92983690309038,8,5,4,6,3,7,50.64864227036343,6.797949659827104,LOW
1198,23.33991834430344,130,1,0,0,10,11,12,11,98.02905378029217,43.36902845792044,89,11,0.09626789716090656,1,0,0,2,9,1,63.87275393706776,0.0,LOW
40454,604.1399612407317,10304,72,9,10,13,8,11,82,8.39777852827129,90.06161883063244,60,40,322.1894938719299,4,4,8,4,4,2,65.48172912082022,7.30134221807016,LOW
47780,501.3617459535732,6418,30,1,2,14,12,10,644,67.3755067244254,160.8288233082371,91,9,132.08493469045837,2,1,3,0,7,1,62.08141362587472,7.957804785623724,LOW
14423,232.39719236131555,3704,69,25,29,12,12,10,100,131.87626146287568,98.32146270376991,88,12,128.08319366198285,1,3,1,0,7,3,46.8671012250785,10.16328246861852,LOW
17279,228.4330401879514,866,0,0,0,13,14,12,0,48.71114702954685,112.12938903857922,75,25,153.22512485378695,3,4,4,1,1,0,32.664444442078796,9.499242363834831,LOW
7900,148.78913242247827,1002,3,0,0,12,11,14,286,18.71066999228629,199.08028793802302,49,51,252.10501123363227,4,5,6,6,5,2,49.07034213299751,3.424821149563667,LOW
24966,382.68002423250863,2753,169,0,4,9,11,10,103,114.96579188053808,85.83076691591094,46,54,176.8242841576892,5,5,5,6,5,4,48.159430201202255,14.806463483197644,LOW
37439,3189.402984776497,4058,153,66,69,5,6,6,12685,92.87200563073178,126.92614339475557,26,74,251.45421862788098,7,7,5,8,4,9,16.08577887334956,34.73372359059219,LOW
4860,166.62552353367803,325,0,0,0,14,14,14,0,87.69531363484306,79.39639830692066,78,22,58.71228865431695,1,1,0,4,7,0,36.79008450225098,0.8736525156316645,LOW
35770,908.4203616845284,3461,87,5,9,14,13,13,2207,12.76860114307415,84.62927280245394,52,48,388.0657858096343,7,5,10,3,9,3,15.387355621524609,10.72090176403337,LOW
17601,352.8182956682792,3324,111,27,53,7,10,8,4332,25.372356420350012,142.17174315462753,54,46,291.8425148335456,5,5,7,4,1,5,64.78735034045273,18.251746084660503,LOW
32807,3513.7942822098,4030,24,14,18,9,9,10,3341,95.26966245090149,188.19852545802786,94,6,100.08284287135321,1,1,1,0,1,3,23.61222546494688,0.8753005777921423,LOW
5986,327.0629106823389,923,27,9,21,8,6,6,1335,35.1344570115312,113.04820059354107,52,48,289.66796322991036,7,5,6,3,6,6,58.087958217726744,16.535427449104432,LOW
8835,282.29218740791333,1274,86,38,61,7,10,8,509,78.09016156352153,155.99598650026817,51,49,230.01018250465575,5,6,6,4,8,6,27.4717351373491,23.826687592190247,LOW
21864,224.7172403848022,5880,110,70,71,8,8,6,4577,84.00784447426206,26.949246175223127,75,25,43.67559856140586,4,3,1,1,2,5,55.10713412159456,21.735323349269745,LOW
37759,1035.118030885574,10433,549,50,91,3,6,7,14273,46.108542589286216,50.120027112066126,79,21,71.27857071525044,4,3,2,0,6,8,16.29524052211786,49.79043566656042,MEDIUM
24076,473.9939196087737,4170,28,1,3,12,10,14,284,142.52164755351646,105.40501177471117,100,0,16.523256768585924,0,0,0,0,2,1,55.10764005350634,1.9640469746791056,LOW
32167,1361.3193593128515,4263,539,114,191,7,5,4,9936,127.1572954911584,13.80222748946721,14,86,323.69522866987245,9,9,9,8,5,9,13.336540466366431,86.39167051317287,CRITICAL
11630,184.53256379701725,892,160,66,79,3,9,8,3040,109.74415860675579,58.04244596488617,35,65,220.681901038094,6,5,5,8,2,7,35.5934541289355,29.364333220544047,LOW
22472,709.6815753465381,6479,151,42,102,4,7,5,2400,16.30911062936432,108.30624506674357,72,28,126.69945946008477,5,3,0,1,0,7,8.624312252441953,31.811693308508428,LOW
40919,1659.0378958820263,2662,480,29,89,3,6,5,9718,20.388852799807818,12.842627668697135,49,51,50.537960811280016,5,4,1,6,5,10,38.24471277791865,43.191927652158455,MEDIUM
1667,30.827896549483086,207,25,7,9,4,9,6,73,76.45329515041858,60.26379438294792,40,60,193.61835038415168,5,7,5,6,10,9,59.18107603153871,9.998124127689845,LOW
27692,5013.895471888348,3448,144,39,74,3,4,5,2396,28.303435632692924,107.66585570041521,33,67,210.1045386871755,6,7,5,7,2,10,54.521607105290826,42.168719736502155,MEDIUM
1562,272.6915745239203,203,8,1,2,12,9,12,14,146.84849221177373,118.89835711643667,43,57,280.77940039220215,4,7,6,6,0,3,4.126137896898994,0.0,LOW
19040,737.6546425663074,1734,116,30,42,6,8,9,2666,27.98543393397437,185.89282168050804,46,54,387.9748841788366,7,7,7,3,4,5,35.69069635082912,19.239863226301946,LOW
24744,2914.992541636291,6081,365,42,65,1,6,3,7735,75.68283614227623,132.6156684176155,45,55,173.9782121629499,7,6,3,4,7,10,61.434109694190994,46.137357915851624,MEDIUM
22045,1444.394893983446,1777,27,5,21,9,11,10,5048,57.79755324201829,88.79980248069882,63,37,162.4136826377477,4,3,3,4,7,5,46.98239955770921,8.756665613340157,LOW
22189,596.6106200246951,4631,138,40,52,8,9,12,2406,97.7110311108442,186.76672365528287,67,33,147.972001836049,3,4,3,3,7,4,4.732894309887493,18.52212877325752,LOW
11674,143.6877112816242,945,0,0,0,11,10,13,0,23.710279288966614,159.12776684368092,76,24,330.7695635867444,3,5,8,0,2,0,23.782689676256496,0.5465503552071765,LOW
23425,394.7282762594375,1584,76,9,13,11,9,11,139,67.39588206614668,48.00169501142204,94,6,62.52688855969515,2,0,1,0,7,2,40.295962544240886,10.656084275726615,LOW
37997,707.5338985614127,10538,243,41,99,10,8,6,10087,44.832229757035826,34.86004865627575,63,37,137.52516145403578,3,4,4,4,3,6,12.844580477827055,33.77070405153597,LOW
9848,299.50028154701937,960,42,7,8,5,6,9,1650,133.72397107739476,138.40421079111925,52,48,289.9883219501564,5,7,7,3,7,7,49.2568558049261,10.414945461306697,LOW
24214,258.9272827882844,6182,46,3,7,12,11,14,892,10.884928259530788,116.37780145962692,100,0,6.277974136978592,0,0,1,0,2,1,45.89151826960353,0.0,LOW
38602,903.6804100484061,7186,119,8,26,14,12,10,56,137.4904866309366,160.03798662062357,65,35,115.75228944227787,3,2,3,5,2,2,14.974766031587492,8.207311755871723,LOW
9424,709.9693290556736,654,55,0,0,8,13,9,690,125.78415009018507,150.37295951495042,46,54,256.57886510188393,5,5,6,6,0,3,39.853454482835566,10.227699602714178,LOW
37598,590.9654275097178,10860,297,107,135,3,9,4,6123,48.14775388391824,128.79019143292786,45,55,74.38083920032187,5,4,1,7,7,10,58.5378767466203,54.35856134303173,MEDIUM
24894,1574.1103422290635,2781,132,21,40,10,9,11,151,119.44714492818018,197.4126126094895,84,16,121.08422764970848,3,1,1,1,7,4,27.30010903406847,16.96350414552756,LOW
7301,193.16757443793955,1934,18,11,12,7,12,13,566,9.525966249118396,111.38204872097765,69,31,194.41802979329168,2,3,4,4,8,2,18.15954011252683,12.525602302800282,LOW
38114,716.3729020069792,3514,214,1,6,11,13,11,3909,145.19550479254207,31.49009373532677,82,18,168.80942638787485,3,3,5,0,5,4,50.63727100189294,16.824426486082373,LOW
7231,82.12273018522524,1905,8,0,0,8,9,5,843,81.35626667551945,167.37197731503778,69,31,42.41087598215154,3,2,0,4,1,7,5.5625084518151215,5.823264963203233,LOW
48636,937.3459667532535,2592,222,117,157,6,7,5,13716,48.975748779489564,57.852138845684706,28,72,375.294128902253,7,9,8,6,0,7,60.03617720673489,49.97488498282282,MEDIUM
24125,336.40298900379514,4292,44,1,4,13,14,12,539,57.574565826228174,157.68740814734448,93,7,17.717088232837106,0,1,0,1,7,1,67.95731615938402,4.493975706305565,LOW
17837,179.59556063574382,4322,80,0,0,10,6,10,15,14.628776251772118,191.85034824000977,36,64,299.8971025691272,6,6,9,7,9,5,69.48227086965588,18.302089965968953,LOW
35807,2047.1125291039118,10158,206,25,29,8,8,12,5072,148.4556795360957,142.39114765322483,86,14,28.569108436462987,1,1,1,2,3,3,31.426520933571002,14.781396558403909,LOW
7556,242.96214515312963,2095,30,8,19,8,7,7,772,10.697332046850406,123.24573058046221,52,48,186.91832121003173,6,6,5,3,10,8,45.0590031291798,15.251270748696893,LOW
12016,282.83105005212786,3062,215,125,138,4,1,6,4491,99.96153285643956,97.4733733782577,70,30,70.16451666216442,2,4,0,3,10,9,61.8015658591422,37.11851375806388,MEDIUM
44761,993.0629808289611,12177,63,3,17,12,9,12,1827,69.19670951743646,79.23787453912662,90,10,56.43911857157011,1,1,0,1,6,1,16.474815288069806,5.045086716345981,LOW
2042,46.3595681957094,203,22,7,11,7,6,5,116,142.59285163736368,77.07090268464889,62,38,50.35919061669003,3,3,0,5,9,7,2.4807408161974114,3.2306247754171533,LOW
22177,243.10742905979336,2684,0,0,0,11,14,12,0,40.6699623444853,130.91081408482222,91,9,181.11465467813696,1,2,5,0,3,0,27.996485622694916,0.0,LOW
47232,648.4963458374367,5773,861,550,623,0,3,5,949,82.15258947101164,152.74189221817173,52,48,206.19396375491692,6,6,5,3,0,10,63.73253071976319,100.0,CRITICAL
39581,630.7629032242924,5710,224,4,10,8,13,10,3508,74.94165024449919,138.91824320203872,66,34,53.35379741713595,4,6,2,1,7,5,36.612641675502424,20.62405923480145,LOW
28069,816.1868809244811,4163,391,87,254,2,5,5,10258,106.91563438726469,47.69791922677692,14,86,391.7582921064958,10,8,7,8,9,10,38.410654818628444,65.85384081514862,HIGH
23822,286.1154846350935,4434,66,3,9,3,3,1,2823,14.861483633100974,103.85756422726332,61,39,103.10635474488925,4,5,3,3,8,10,49.940394234365996,21.015427833319166,LOW
19565,204.37529516847698,1760,228,43,71,4,4,7,1031,33.099423853386455,160.41161371478196,54,46,183.53653584111328,6,4,5,4,9,9,41.57798411675922,34.7258581584617,LOW
18424,221.93890441428562,4105,0,0,0,13,14,14,0,36.11189891346322,100.38377485592069,91,9,86.50782304076321,2,1,1,0,8,0,4.395079691218344,1.5048673460562016,LOW
23056,4478.036630808791,2118,10,1,5,12,12,14,619,112.031859452045,111.95842314974384,55,45,197.56905817981823,2,5,4,6,8,1,40.60149894801002,4.639034673704222,LOW
27462,419.5353568725513,3503,82,23,44,13,14,12,1855,32.42511096737731,156.5158491524562,57,43,302.4066329860728,4,5,6,4,10,2,46.829057838460216,8.557070070926649,LOW
28795,2921.019002775527,5063,34,12,14,3,3,4,8743,88.15630576419161,135.6404081903674,42,58,208.44080571779807,5,5,5,7,10,8,46.37409811429436,12.171601581521443,LOW
14307,485.43251311242227,3564,106,32,59,9,7,10,1990,36.21035397263829,87.7755349676546,70,30,114.25954828722209,3,3,3,3,3,4,52.57660737407919,19.4461701639031,LOW
42848,4021.4563266714244,10063,758,129,387,5,3,6,16300,129.9356177621769,180.1284151269016,42,58,99.35864349357524,8,6,3,4,8,9,37.67429981244594,83.11007302792643,CRITICAL
26932,431.87547597322856,5692,187,111,116,6,5,3,2701,141.6168909009976,40.88774304606093,10,90,303.57376249082137,9,9,6,9,10,9,64.8542040392796,59.27872861670352,MEDIUM
18249,259.8608655276664,1623,5,0,0,12,14,12,519,80.18148136662487,199.1481252321617,88,12,47.29527029050531,0,0,0,3,3,1,33.69463385985478,6.218182083845431,LOW
41959,2642.8659259182987,7836,510,145,174,5,3,4,6799,56.08478821033085,32.58198991048506,39,61,147.9865977623478,5,6,2,7,1,9,37.550332820371004,72.32866333832537,HIGH
26756,645.2718563761495,1922,16,0,1,9,9,9,5148,38.93837737753738,12.840494509805392,72,28,60.59308666155414,2,2,2,4,9,4,56.29186157422942,4.405427456821847,LOW
40762,843.1923604774986,5883,165,30,56,10,12,12,3589,12.218245220841347,179.10359121826528,66,34,103.19033171779277,2,4,1,4,2,4,60.07630076365187,19.361094835519683,LOW
37580,938.0919926978233,5763,0,0,0,14,11,11,0,43.93251104863683,56.541166589531656,91,9,61.07329299398088,0,3,1,0,1,0,46.85784489036149,0.0,LOW
1824,110.5630438117446,109,3,0,1,8,12,12,140,99.86418809207109,148.64292921487697,25,75,354.7090034169707,6,7,7,9,0,2,9.535684705427476,0.0,LOW
26231,585.5128691915515,3108,14,4,7,11,11,8,3769,82.37445503983557,164.09292123709318,46,54,292.76167960521275,5,5,7,6,10,4,24.234574732652515,5.2601470577662734,LOW
36409,476.7952744305552,10519,57,5,14,7,4,6,7158,141.88598535073447,173.2074142961022,36,64,224.37089841770455,7,5,6,7,5,8,1.9411219937427462,12.098349080756083,LOW
24303,2069.0926717912985,7009,28,8,14,3,6,3,4848,62.46020306129658,198.40290477619166,37,63,89.77008899821324,7,6,1,6,3,9,21.624661283189155,19.173550509981347,LOW
20370,1614.47542146656,2812,0,0,0,13,13,11,0,105.61018463761721,65.86754490759982,88,12,204.09073087967795,2,2,5,0,6,0,41.272466825190705,2.1960061701897513,LOW
35078,906.3316234202784,2131,285,78,215,5,4,5,3605,75.9517983838926,144.94623496617925,43,57,208.33328257902895,6,5,4,6,6,7,58.07399786330136,40.206039210192436,MEDIUM
7088,75.03392092926504,671,0,0,0,12,11,13,0,79.3235513090107,31.925973073357362,75,25,236.16149026156248,1,2,5,4,9,0,42.373958812566435,9.05980882011721,LOW
38569,562.9327439213027,5710,409,175,197,7,5,6,12254,43.82727561759704,87.29376535780139,59,41,24.034062889092578,4,3,0,5,0,8,3.352467884125589,60.39136491514533,HIGH
27290,392.81082276303493,7830,242,131,145,7,11,11,5467,70.96786264208995,171.11462172939218,23,77,389.1607884786825,8,7,10,8,8,5,19.026111880940636,50.75347275557684,MEDIUM
25789,654.8356771037526,2199,0,0,0,14,14,14,0,73.26382456684256,79.85502875123059,78,22,186.17558824012926,3,3,4,1,7,0,41.83141022383981,0.0,LOW
28678,467.08532879276373,6907,337,38,118,4,2,4,713,107.46316565359542,122.30812230176667,12,88,370.6127096396413,8,8,9,10,9,7,51.196912094594744,51.60958356078644,MEDIUM
29210,4898.982607449152,2254,158,29,45,11,8,11,3990,141.39279988198652,105.71695430768047,85,15,3.9232458855905428,1,0,0,3,0,4,62.451450276389096,13.437758552544027,LOW
15985,244.3101622467081,4720,15,4,5,9,8,6,1795,52.75158523496312,132.73079091128858,79,21,99.02335825412356,4,3,0,0,7,6,69.68663295416648,4.305965414042394,LOW
44982,490.20152718908844,6540,219,12,56,9,10,6,11746,11.119067944288275,194.84993398366203,66,34,41.598228125334245,3,3,0,4,4,6,64.26274342241365,22.68056918965338,LOW
21152,334.712781397686,5157,135,41,70,7,11,7,4951,76.96279319759276,20.589750035266405,27,73,307.84647094190865,7,8,7,7,0,6,33.913951062478944,33.2262002610406,LOW
5248,59.635437674684646,711,39,14,29,9,6,8,190,83.94689316162945,119.05268832530965,70,30,128.0500198378845,3,3,3,3,3,5,53.905460043275106,13.324149730052206,LOW
21733,294.5751427628436,4496,140,5,14,3,1,6,6538,29.42387991412771,173.9754680575541,25,75,336.19700336629876,8,9,10,6,6,10,17.69773768386136,30.310601313349103,LOW
9935,603.8394259231776,973,136,30,61,7,7,9,2407,115.26736791002968,101.46271523220122,37,63,332.9541462863428,7,6,9,6,4,7,5.0639018072767925,20.02729891040751,LOW
4209,46.38882239319238,364,47,32,33,6,6,7,956,147.8147207240163,24.920165328898836,35,65,267.11791712262794,8,7,6,5,10,8,4.437434505717267,14.392102500492323,LOW
30855,2727.5945335701936,8778,24,0,1,13,10,9,793,142.13733396622683,116.50247695918647,65,35,266.31272141759086,4,5,5,2,2,1,17.753356454563388,1.9550417829368967,LOW
13616,244.33438039860698,3804,23,3,9,11,10,5,930,33.58037562942957,73.09403925652589,26,74,280.063876829254,6,8,6,8,10,6,3.1841875879503805,12.807577245536153,LOW
25970,1403.554150157257,7060,11,4,7,14,9,12,306,131.9276697856103,39.43893921420782,78,22,269.50553385190983,2,4,7,1,3,1,61.294477596352195,8.7627748425374,LOW
42844,7009.669932265956,8841,219,62,157,10,7,6,8226,107.15157727969428,171.31655752385987,60,40,154.76334307373963,4,4,3,4,1,5,35.52933415847437,29.93183609702642,LOW
43418,962.8491063060209,10944,45,12,18,13,14,14,40,70.80775175200218,109.10390746831311,67,33,273.1310578274184,4,3,8,3,7,1,58.47935290946219,2.0728157161943503,LOW
39798,1204.9459561026645,2676,558,10,11,2,3,5,13949,83.38859417708571,187.32251835202266,12,88,358.96278767694344,8,8,9,10,1,9,67.70272679535191,70.3619722942076,HIGH
43456,849.2468274609237,5809,321,17,27,11,10,5,5723,128.19202537245644,163.14313587458312,78,22,133.02939675064945,3,3,3,1,10,5,71.56441388836174,32.54574431872933,LOW
15183,253.7520929643306,1949,7,2,3,14,14,8,710,74.61956624756411,141.6646408169968,61,39,377.9556104859814,4,5,10,3,5,1,67.50722667772315,7.603158561575544,LOW
1004,109.66431081308029,209,0,0,0,14,12,12,0,59.1150685202434,10.954845639409267,97,3,5.4326351595078926,1,0,0,0,6,0,51.733810997725186,7.713551447878974,LOW
34482,2066.607915838324,4792,28,1,3,6,10,11,6863,76.52088648876794,91.28645676126749,45,55,139.63301530609488,4,5,5,7,6,6,32.101545106628926,1.6582968697945306,LOW
34799,599.2489094918809,3031,59,27,36,12,14,9,1434,88.97382158508212,47.522393513886136,80,20,52.83936069149608,2,2,2,2,0,2,43.25591599287519,6.63767980311092,LOW
28516,758.386131677599,5678,132,67,79,13,10,11,2032,32.41625979786058,183.05160309928488,94,6,50.647931618009466,1,1,4,0,7,3,58.879490305534,18.2043866041419,LOW
24460,329.3323300707655,6202,105,50,70,9,9,7,1248,135.63162088871366,43.17095708850845,26,74,326.17179760462733,7,7,7,8,8,5,64.6751471153174,23.981957360396294,LOW
34091,509.06626077793265,4961,230,18,19,11,7,9,676,102.757107580294,64.35140981526425,38,62,367.34732590004916,7,7,10,5,6,4,68.8874955051775,31.97348425700146,LOW
17812,208.73662262692915,1479,104,13,16,8,11,8,1546,96.82399301393589,108.19898586955485,52,48,311.1033016931942,5,7,7,3,7,3,52.73830748257477,10.631172756863027,LOW
38297,541.0188053844308,3797,384,209,255,7,6,5,12339,19.42695279619253,60.03908760963506,17,83,390.64628759702396,9,8,9,8,3,8,39.106678762198854,92.90822615597844,CRITICAL
46696,1018.5969337865006,5107,87,43,50,5,13,3,3055,92.6052210350258,49.87428868303302,67,33,86.53158806650829,4,3,2,3,7,5,69.73857725214837,18.49497989462882,LOW
49785,722.2352958012458,6221,204,55,131,8,7,7,5223,22.53929602458139,123.82887176952296,94,6,56.31996488387618,2,0,1,0,2,5,69.04168476639711,28.53018398866224,LOW
2605,83.59751980322076,548,0,0,0,13,13,14,72,16.411162903332862,26.896609323454534,73,27,208.28151281584542,2,3,4,3,0,1,34.64502788734261,0.0,LOW
36895,1081.9717142062193,7387,229,102,158,9,6,12,8374,81.46007986814703,21.0518741569757,18,82,331.6150458970472,7,7,8,10,7,5,46.87907492036593,38.175782588347886,MEDIUM
46240,578.3355054936828,10358,460,108,191,7,6,11,1923,63.403902436741774,80.72660608535357,73,27,15.93563633522388,3,2,0,3,10,6,58.36260107428801,49.04340421282847,MEDIUM
23200,489.34974512986605,3262,210,45,52,7,6,5,1923,90.37748917265236,146.92624635649383,43,57,398.2262643999528,8,7,9,3,5,7,31.46515612796381,35.826220230540486,MEDIUM
35120,434.4054437667683,8990,391,39,178,8,8,5,11290,17.937214368299596,115.41328407205012,32,68,240.89837168212912,7,5,6,8,8,7,59.800500307844494,45.123272709453744,MEDIUM
38178,459.25589274727014,3856,494,92,252,4,6,11,603,67.49254411285247,90.34652900868798,9,91,391.576724872551,9,8,9,10,2,8,8.4690662826944,77.51732358526185,HIGH
21059,243.54555679351716,3522,325,78,87,3,3,2,6217,30.344073681547904,117.49279720267066,43,57,146.03265329351078,6,5,4,6,7,9,34.90234804096672,56.610592449675266,MEDIUM
28009,304.1799992004054,7008,169,25,104,1,4,3,8956,148.1295124589969,79.43578208412198,30,70,183.2095282134357,7,7,4,7,8,10,35.006793670561954,33.07960036713619,LOW
28360,617.2786307721193,2695,99,2,7,12,9,8,1086,86.36678080310028,187.86780373210146,66,34,300.9445769589569,6,4,7,1,8,2,49.452979516005016,12.49835375261873,LOW
11503,325.93467809445207,891,139,41,86,2,2,6,2423,104.67834483642577,20.431929273047125,18,82,317.08018022452745,8,10,6,7,6,9,8.823530227538026,31.849091372249294,LOW
22232,368.63559161571135,6023,86,1,2,7,8,7,5701,52.18565069897813,137.94438101566868,61,39,93.21322134009611,5,4,3,3,10,6,7.879545991695125,14.627363974089128,LOW
26326,653.8772355008202,3573,312,80,124,8,7,7,1302,18.7371426430049,179.3437063172726,38,62,371.9204345230891,9,5,8,5,9,6,64.8925290869939,50.96488679894212,MEDIUM
30854,496.8274326501325,6817,0,0,0,14,14,14,0,146.5012751036128,162.73809465969816,64,36,346.96924873389145,3,5,8,3,2,0,22.21751470841536,0.0,LOW
14343,199.1235483208841,808,119,3,8,5,7,9,2572,46.507560130561565,44.96779661607488,70,30,7.282121241279427,4,2,0,3,2,7,23.87495004902476,20.724727421265165,LOW
44972,638.8206403299208,10006,229,84,94,14,9,9,2764,66.45218685016826,66.22600630625479,88,12,51.42724234207323,1,3,1,0,1,3,56.045600588698726,31.200989928143077,LOW
49029,1208.1308613908773,6325,117,5,14,7,11,9,5632,99.23026864687337,146.2391083543499,42,58,198.43884256282695,6,4,4,7,0,4,30.165996081977188,11.166101527475545,LOW
6690,320.83685513999404,427,29,7,20,8,9,8,1540,8.581108164486135,26.01140624434545,60,40,184.38220564527307,4,4,5,4,1,5,60.05404841807269,16.170308266409855,LOW
18140,395.20449924799357,3672,16,5,10,13,14,9,1663,122.4875739250066,164.25372296819097,43,57,283.3563420139341,4,7,7,6,4,2,29.20501427822725,13.45209014099937,LOW
38913,2098.138093484545,4288,169,32,126,11,11,10,1790,82.80383755414994,146.59231947491017,93,7,35.88455042121361,1,0,0,1,0,4,54.88288328385352,9.6320872394263,LOW
42856,478.52137159264515,6287,402,142,281,5,3,4,5826,45.34149212497921,148.6252633547151,30,70,257.94212267885064,7,7,4,7,9,9,38.059661986254845,74.81985955010799,HIGH
45097,1191.2032498255367,3163,90,25,53,8,10,9,1461,13.93315786740804,29.045860350842364,50,50,246.54797245383295,5,5,7,5,3,4,67.41171103318352,21.64436401422251,LOW
41321,2100.319230069221,3586,0,0,0,13,14,13,0,28.562270243794007,146.37450351508386,86,14,93.44783939121774,1,1,2,2,10,0,23.90831156654476,2.440852222418296,LOW
3830,516.34388899636,476,2,0,0,12,11,14,152,134.77990953374834,139.1654437917943,72,28,216.95758570735978,3,1,6,4,9,2,26.43237754529867,7.223102800939932,LOW
19587,295.1933235848827,1418,8,1,3,13,12,12,880,104.4735124707042,167.87527325615162,88,12,88.88288279839279,2,2,2,0,9,2,69.8540359114473,5.19651663526186,LOW
41930,640.0967716824775,11644,0,0,0,13,11,11,0,41.23574963734902,17.903231688729207,100,0,58.769210840242536,0,0,1,0,0,0,53.233044504600805,4.190432607668131,LOW
25004,669.3186033893179,1288,131,74,81,2,8,8,3847,14.512110917029283,14.391027008880517,61,39,229.2539738616282,4,5,5,3,9,6,55.73856471163983,20.573563459063884,LOW
7614,644.5643654813923,1301,0,0,0,8,14,14,0,105.13922029606226,80.87134897692654,52,48,390.98971132022814,5,7,9,3,7,0,21.66233754971639,0.0,LOW
13823,314.7689914916655,1117,48,2,4,5,6,6,1815,87.99912026532594,38.269773931339046,71,29,94.77333966869801,3,4,2,2,4,6,38.54117440617317,16.039479010596516,LOW
34621,1001.6009520930901,4394,77,19,29,12,12,10,3274,63.655331046444076,116.09305073834216,91,9,142.13445974206076,1,2,4,0,9,3,22.91818045819028,6.198665984421006,LOW
11475,165.52121472450602,3230,37,3,4,4,8,7,3301,57.72366013255925,184.29629128628227,54,46,102.62929039601869,5,5,2,4,3,8,19.08062541044075,11.22739154964572,LOW
11523,184.22348419884284,1041,59,29,32,9,10,9,2230,36.438070009720704,84.38114876346299,82,18,106.5839286585979,3,3,2,0,2,6,38.769744915346,8.038086994904763,LOW
21947,553.7081492310867,6396,159,51,73,10,11,10,523,102.09363219794005,170.54057168179477,71,29,161.67685367467226,4,3,4,2,8,4,71.12488463386669,19.99150756478398,LOW
25433,989.6188791165127,2580,80,10,47,5,11,9,2322,145.74686403011123,10.04576615839463,22,78,280.74220426024806,7,7,7,9,5,6,15.84551927582642,17.418901186789874,LOW
24459,247.4019287968323,5757,274,7,13,6,9,4,7176,30.47871064633975,42.017782257245,71,29,15.521809612378057,5,2,1,2,0,8,17.840169924759056,25.22942870128182,LOW
1167,24.246753909607158,217,3,1,2,5,3,6,462,91.58190990224799,15.780472534276267,6,94,382.84967827422406,9,9,8,10,7,9,17.883722666645685,4.756728601613631,LOW
30203,429.1049003392685,8188,116,0,0,10,9,8,356,66.50683308316655,72.34796429786304,87,13,18.511951795698998,1,2,0,1,9,5,57.106711705350236,8.985319501022115,LOW
9837,536.0023370568189,1854,0,0,0,14,14,13,0,69.76986465297641,182.55602318233554,67,33,352.5012727778239,3,4,9,3,1,0,36.99946736969851,7.237870173390588,LOW
46927,917.7794351262233,8617,441,176,239,9,9,7,7548,41.85135561853309,28.420903483807674,44,56,357.75123950479957,6,6,7,5,8,5,28.010887456262317,72.88482125792154,HIGH
36987,4856.493749415939,3656,0,0,0,12,12,10,0,124.64455697090577,125.21785758132206,76,24,209.7956750366093,2,2,5,3,10,0,60.83097315725417,3.3480956798208097,LOW
19629,370.23110171755087,1797,83,4,5,9,12,13,457,75.36206260134996,95.78422843269439,91,9,54.79873144758698,1,2,2,0,6,3,21.770580642778317,8.46531794338149,LOW
40751,421.9331358378856,11374,355,19,21,6,5,5,7820,83.79384856874829,188.30896034950436,50,50,226.05838822277752,5,5,5,5,2,7,28.543579755234948,34.63835547579085,LOW
32421,781.2357353112657,4278,47,6,21,7,9,8,6318,49.190332355612234,33.27863708204783,51,49,251.45286396113988,5,6,5,4,3,4,5.763869989480137,14.807369979871954,LOW
33807,3883.7991044237565,4835,254,52,182,13,11,12,4265,31.362227521707712,50.2852915954235,43,57,343.1035831228445,6,5,9,6,2,4,9.002072284063702,29.547714656113524,LOW
27855,3507.8329032644724,6683,189,52,83,4,3,4,5629,17.457006289408973,15.612974036183722,45,55,220.35815030782788,6,7,5,4,5,9,10.276271270562868,29.08328212270769,LOW
38232,913.3575925893463,5150,70,26,33,5,3,4,15819,108.5472754341128,92.44769742996101,23,77,164.2837583613353,8,7,5,8,8,10,25.308729548624573,19.458386846638945,LOW
5335,264.07794103285113,1536,25,3,6,3,9,4,397,33.45397084473906,62.788250917284316,23,77,335.31647754164555,6,9,8,8,9,7,37.97209612487009,7.89721338165588,LOW
20659,2861.9720894798525,4844,106,0,1,7,8,8,2995,105.06092635737568,175.28212743916097,32,68,392.3807189410476,9,7,8,5,8,7,0.5532185145692994,12.454810859562176,LOW
39310,511.5805562271845,7836,0,0,0,12,13,14,0,61.604584676808315,124.93875450757346,51,49,258.0412820631733,3,4,5,7,0,0,14.080160272237999,7.516098804570843,LOW
48105,990.6365571383149,12999,245,81,174,8,7,10,4854,65.28734614349946,126.67724021538332,26,74,349.7548149211238,7,7,9,8,9,4,13.05897644365872,51.15365470966169,MEDIUM
40580,1249.4514276501377,2532,123,4,10,10,9,11,7474,73.03073693345189,111.06303240744747,55,45,239.49404513162568,5,6,6,3,5,4,18.61429968837895,17.468131383013382,LOW
38588,426.34951183807044,4409,349,199,279,5,5,10,3952,58.31773367849376,27.45156407354819,40,60,275.91519656412225,6,6,6,6,0,7,12.374786212805898,61.08317577491736,HIGH
13716,855.4748245598803,2280,0,0,0,11,11,14,0,19.589896697275563,94.5535499078175,76,24,275.26684701956754,4,4,7,0,10,0,14.451664953219664,0.0,LOW
36047,376.22522611658025,3847,425,148,229,6,8,7,9909,49.89661245041264,199.90598604461815,56,44,281.9147947361061,6,6,7,2,3,6,70.84744580892584,56.32571451116452,MEDIUM
31971,917.9989254700994,7544,81,45,61,9,7,7,2081,101.24148230062107,168.69356526074282,59,41,128.40537757145344,4,3,3,5,6,6,43.023213529554816,19.342280997257152,LOW
17808,199.1983098706923,4982,192,40,55,8,4,4,2699,101.53873821298629,179.75722029175202,52,48,230.26455850868493,6,6,4,3,3,8,55.03256128700357,28.27335853297416,LOW
28032,450.0994231363246,4371,40,14,23,8,14,10,744,46.50252454979918,166.4130082568349,49,51,237.65423358951816,3,6,7,6,8,1,59.08305146126923,12.093747626177423,LOW
34849,417.16744568861594,4723,29,3,8,12,9,11,3400,71.71488085086476,29.57792175188671,69,31,126.02865068529279,2,3,4,4,9,2,48.239162715955075,5.101953084209878,LOW
45945,466.53550563586793,13341,43,5,10,8,8,9,3688,33.049848061730934,53.21516827231193,85,15,139.94094708146548,3,2,5,0,4,3,50.84173930694788,11.310491161361616,LOW
6213,191.76803920042448,1001,0,0,0,14,14,12,0,35.50395182182619,10.593113757717829,44,56,304.89870600668587,4,4,9,8,8,0,45.708266284272824,4.88834901281877,LOW
49907,518.2027120199688,8597,170,103,111,3,2,10,8738,8.341827818958073,67.66692372684118,37,63,233.08953624689966,7,6,7,6,0,6,46.9302036803103,46.01026784282281,MEDIUM
5304,126.28336897585166,731,20,3,4,5,3,4,2317,135.02824973662297,30.63540644583359,57,43,59.684459185267436,5,4,1,4,3,9,66.884148490488,11.67211822539942,LOW
10636,255.52792385590888,2950,29,3,6,11,12,11,869,35.552466435861405,99.83073560730077,65,35,335.05479547314894,4,5,8,2,6,2,13.780300882096656,8.351451715243043,LOW
509,13.632671844483335,97,0,0,0,7,14,13,8,37.99241215578718,138.65422282904137,62,38,353.2457148297279,6,4,9,2,1,2,20.143197561578248,0.0,LOW
19755,350.0566515115421,4751,44,10,11,14,12,11,1586,45.54220773354412,176.15600605723463,82,18,186.45645918312565,3,3,2,0,8,2,7.167986240539725,5.0941672903919395,LOW
24293,1236.676500683146,6144,32,9,10,4,6,6,7151,23.474170395837206,152.35126136727067,85,15,83.56297280917077,4,1,1,0,2,7,60.368699101945445,8.095180650511848,LOW
30048,521.6432007916991,4070,417,124,330,6,5,6,8301,97.69311806129761,188.331263197916,19,81,379.04259816196213,8,7,7,9,3,8,32.586005639391175,72.56942241017553,HIGH
38392,679.9622598685429,6082,146,33,43,3,7,3,11354,15.895728210750052,20.24067517481987,32,68,352.90782580783053,8,8,9,5,3,9,65.35797607914799,39.12534348860676,MEDIUM
1515,19.578532429053748,397,1,0,0,13,14,12,33,24.459351817320787,12.314168729142875,91,9,97.75269853673541,1,2,3,0,7,1,29.93481349711562,6.312258590205615,LOW
28212,335.0723301267315,3972,60,30,39,1,3,3,8146,98.48972535556346,135.6542416288804,72,28,38.237494521078965,3,5,0,1,1,9,32.14691230282798,20.792201515333314,LOW
35461,757.035444575896,8811,114,11,28,6,3,2,11769,54.2507899698092,64.97695794222679,49,51,176.2614430196427,7,6,3,3,4,9,32.55748984206219,23.29763556480062,LOW
8915,264.37015101718094,2542,0,0,0,13,12,14,0,107.65243487167241,58.1651930600969,59,41,270.5587945974958,3,4,7,5,1,0,44.29325609094192,2.253198317262474,LOW
46818,1579.724393892248,9635,530,94,179,4,5,6,4819,85.82658797717059,72.86854666182091,72,28,70.15543408797762,4,4,2,1,5,8,55.27787436305915,59.86232662440106,MEDIUM
47780,2034.1207374338676,11247,331,160,185,10,9,6,2318,42.123070093919395,61.26125099954919,57,43,205.2850633726992,4,5,5,4,8,5,25.617397742381137,50.324373129043344,MEDIUM
24333,2322.622329029569,6114,223,5,7,5,4,7,8187,99.37005282095257,107.17291719730159,44,56,170.16619770900667,7,5,3,5,8,8,45.556829919695865,29.43476610625526,LOW
4658,124.10558324663636,1216,44,4,13,11,8,9,791,21.859683642467694,93.62820497258517,32,68,356.22045950778625,5,7,9,8,0,5,15.083671728120834,14.325648493955605,LOW
20809,678.402501751621,3095,22,2,6,13,14,13,469,82.77950554660441,107.3614247615647,91,9,171.82665312285144,2,1,4,0,3,1,40.11436797185366,3.2727571568195923,LOW
7470,77.16172790748854,469,0,0,0,8,10,14,0,68.38647523153003,137.81558618508288,74,26,213.51055749401505,3,3,6,2,3,0,39.580820338823116,6.033513802233214,LOW
7438,128.28044182456037,1119,29,9,15,4,5,6,1865,43.841669508528916,83.55479670451818,38,62,382.1144784007289,6,8,9,5,0,7,64.04318439385253,24.47255055495618,LOW
21668,570.3408235601815,4733,12,1,2,10,11,12,1979,92.58072467222752,57.74846055700979,88,12,119.87670634982584,2,2,4,0,9,2,64.5529335052555,4.263285711684299,LOW
47040,782.1174160783728,7648,0,0,0,13,14,14,0,131.34337088934097,41.57810199366164,97,3,115.59637277677655,0,1,2,0,1,0,35.33559781841966,0.23600464000418175,LOW
20884,1145.981075426015,4954,102,36,41,10,5,5,3721,149.84118146564612,76.40008271119885,37,63,319.8380319768171,7,6,7,6,5,7,2.2588618031544567,24.085181461943854,LOW
18517,392.4410544004036,2578,0,0,0,14,14,14,0,93.12560146779656,150.9432302967727,75,25,111.01559445758747,1,2,1,4,9,0,60.89046946919909,4.489919895792358,LOW
10844,168.1442069178948,2262,37,4,7,5,5,7,787,63.68235177772967,153.7739329211792,24,76,332.746348029282,8,8,7,7,2,7,0.5445066454097944,17.763548751348587,LOW
40534,787.9049147628356,3915,0,0,0,14,12,12,0,37.655029531349236,136.71202346999996,89,11,38.214243744657985,1,0,0,2,8,0,34.69513493878937,6.557437605240116,LOW
9202,213.1622917144651,2184,147,5,6,5,6,4,1542,42.2789329622912,54.46535330830617,39,61,44.50449892378736,7,4,0,7,2,8,1.9149962707921624,23.06678767976011,LOW
884,8.891964914568355,164,5,0,2,8,3,5,280,74.52097183171603,121.73638671239256,27,73,360.5293496651087,8,7,10,7,2,8,25.710277546455636,2.979313036410641,LOW
904,10.199717877131397,91,12,1,6,8,8,7,178,58.25526668570284,118.43103569960111,19,81,216.3249129929741,7,8,3,9,8,8,46.02867505376004,5.666292560024057,LOW
41443,645.2927260964137,5096,145,7,19,7,11,11,2042,137.50310578061692,102.01057764084784,50,50,287.5257066776955,4,6,5,5,2,2,27.04086456836677,18.499989042596308,LOW
48426,819.5177521319889,11484,289,135,142,6,7,10,3129,58.402842810077885,114.4960074129342,82,18,90.11555674501773,3,3,2,0,5,3,66.77273213824523,35.924345103402906,MEDIUM
29689,464.1608131301827,5066,89,39,69,10,9,10,1357,59.149465716088145,103.44022019849693,64,36,66.50974735284332,4,4,0,3,5,4,46.31459979130383,21.15736846353879,LOW
13263,549.7696284229563,1379,101,3,6,10,7,8,3060,60.61250430292666,117.43670955408056,40,60,333.9817048930561,5,7,7,6,0,5,46.72073688766393,19.140224937848487,LOW
18884,443.93159045953246,5510,80,6,31,7,5,8,2400,126.30993050331043,145.94613137801446,38,62,143.44936280929952,5,5,3,8,6,8,27.272248786809932,15.960222096340283,LOW
33106,3784.124260963759,7574,426,59,249,3,4,7,9393,99.36430652280077,30.82935693665355,38,62,182.01304764879777,7,7,4,5,8,10,3.255861987182563,49.123577410242,MEDIUM
10360,206.46961966161638,2996,44,0,1,7,13,12,231,94.05448329623944,152.4288929083145,86,14,11.188758910143592,0,2,0,2,8,3,53.27985022967485,5.4932103266474765,LOW
39257,693.7418005246963,6154,296,123,184,10,9,7,4261,53.45073824566001,35.8183685242429,79,21,154.35229367718657,4,3,4,0,8,5,51.71149823392929,40.001398929841436,MEDIUM
15606,585.8938359743871,2633,0,0,0,13,12,12,0,123.59610564070371,22.659319697971192,38,62,308.1751232499914,4,6,9,8,1,0,38.403939430772944,0.0,LOW
24074,249.25778539908737,6608,41,0,2,12,14,14,1198,10.562759896576665,195.45514038207884,52,48,328.51007091446775,5,3,8,6,0,1,30.263164806924895,8.682950303528699,LOW
24024,262.8498498212992,4354,151,47,99,3,8,4,3041,131.2655899890264,191.82843608538388,45,55,279.5019155530167,6,7,8,4,5,7,38.98966907561643,32.9039490276516,LOW
4136,56.192897982615634,938,6,0,1,10,10,10,95,79.34873547011979,21.48294353870717,28,72,276.8718934174969,6,6,7,9,5,3,53.89730139675255,7.560393203971866,LOW
11416,205.05919350468156,1290,116,4,13,7,3,8,1615,62.746284055194856,94.21815388024281,39,61,202.49570663886317,4,7,5,7,3,9,51.46415830133237,21.45861238173771,LOW
5309,60.57247538238143,858,55,19,21,6,3,7,521,77.08925570406443,45.3865382769572,22,78,215.33173170392922,8,6,5,9,7,6,47.5548408564656,24.504393462707636,LOW
32701,1878.0755421847612,2644,190,2,10,10,11,8,3161,101.7752519274055,102.21553045553944,38,62,297.0526987252574,5,5,7,8,4,3,65.12007461933804,18.708846124961546,LOW
13956,174.23562385091293,1416,169,23,70,7,6,6,2769,6.850986845095117,167.7336761699216,59,41,98.92071953108913,4,3,2,5,6,8,44.107018976971695,22.741986855425314,LOW
48712,2889.551875385064,2447,43,0,0,3,4,4,14973,131.3750191864459,190.61623720114915,54,46,92.6068272984224,5,5,4,4,8,8,1.5374397994701634,13.60530997072679,LOW
39265,488.06704391972494,2348,41,21,23,11,9,8,4130,69.77723117015196,130.5080041557921,18,82,379.96992956562184,6,8,10,10,0,3,44.69156424792072,12.777223325414848,LOW
35316,1131.9985803620123,10394,60,10,23,6,7,6,3106,54.730145356511336,77.24207677024523,91,9,11.075954703510149,1,2,0,0,8,7,44.29798606542498,11.175735469149243,LOW
45606,516.3512053025835,5043,66,17,24,8,9,10,8941,25.04560701693828,124.6318574724737,78,22,55.78618546607261,3,3,3,1,3,5,5.478985690638833,3.8444639623793435,LOW
17600,185.88146045769525,3798,0,0,0,14,14,11,0,68.7224792819741,69.28024816060557,81,19,228.1329704804992,3,2,5,1,6,0,31.082677433591215,0.0,LOW
22449,1173.152655089547,5831,100,8,28,9,10,5,4029,76.96680183623494,182.86649175809146,40,60,295.1339354793394,7,5,7,6,10,6,47.053382730020424,18.435236883562,LOW
5044,103.03511864253446,946,0,0,0,12,14,14,0,63.52877070155428,175.37608799010903,85,15,215.1564331940047,2,3,4,0,3,0,50.87183806998571,0.0,LOW
38244,389.47468821410996,3376,135,74,79,14,8,12,2994,103.40571360490007,116.06403255313559,85,15,142.02559846595366,3,2,4,0,3,2,64.35304820451441,25.572450896989306,LOW
46043,904.1564968299998,10683,409,22,65,5,8,5,9594,66.02999667008777,71.7117939222685,28,72,391.19044774118703,8,8,10,6,3,7,60.658740120756455,50.75180434731213,MEDIUM
43283,497.2941705271255,8659,558,207,275,7,8,4,15688,144.40554878775313,65.74403836076588,17,83,281.54107405313835,7,10,5,8,5,8,8.83345436573167,99.55766032955452,CRITICAL
27157,445.71188678293566,6322,43,8,9,14,14,12,1630,91.89524008442082,16.349418993961297,57,43,332.55633642683165,4,5,8,4,4,2,44.028086504575136,5.111429039967637,LOW
36687,902.3684588900003,8894,0,0,0,11,12,14,0,122.0843006695268,165.0059616948061,100,0,16.09874967528162,0,0,1,0,1,0,43.14842090056022,0.0,LOW
47698,1483.6340322303756,14016,0,0,0,13,13,10,0,20.85660595087443,95.57281047741151,100,0,94.36804418935347,0,0,1,0,8,0,22.21797611394836,0.0,LOW
7739,318.3962125220723,1496,43,5,14,11,5,7,2049,62.607237477156325,71.77525639605024,50,50,149.66843743663202,5,5,4,5,10,6,13.663557987429318,10.92819281339213,LOW
14989,193.72934673722241,2029,75,15,40,10,7,10,367,53.84291670983714,99.51096744957324,68,32,73.04055923291122,3,1,0,5,5,4,14.764869118063947,10.503727464976617,LOW
49901,1196.0543514260257,10584,0,0,0,12,13,14,0,87.57494627980581,165.56021818638388,100,0,29.159709083658882,0,0,1,0,9,0,13.194665486368821,0.0,LOW
43625,814.3372804511057,2927,369,174,242,7,7,9,5861,129.8614604089067,33.67669946442902,69,31,90.03666583787209,2,3,2,4,5,5,58.147852577671536,60.71347508489831,HIGH
29038,560.8940243557697,7966,262,121,152,10,10,12,4027,16.359041575490966,172.95463776594718,47,53,213.45425249481704,6,5,8,5,8,5,11.110103122053312,47.50426349691242,MEDIUM
32549,543.9201184771944,2598,96,30,41,12,9,9,3182,15.523345716483064,180.52667867058727,56,44,278.2980993426821,4,4,7,5,0,3,19.404026379939086,13.47629007054325,LOW
37631,431.400594302083,4965,125,81,87,7,8,8,5710,128.29606768285186,189.87450385643876,29,71,309.6083691860324,7,6,5,8,6,6,16.07187092330255,35.42363778612748,MEDIUM
43444,442.53738245113584,11032,494,103,327,5,6,12,3347,35.863262475561825,85.52271856029928,77,23,17.174461947086826,3,2,0,2,2,6,51.46926351724577,52.97987487903192,MEDIUM
8927,204.18339309645236,1779,106,20,45,8,5,7,3059,101.96922189522299,51.25667676715766,58,42,171.19446888503646,5,5,5,3,3,8,11.825306449037413,19.106977810159666,LOW
41848,500.48856716043923,6210,0,0,0,14,14,12,0,83.71732919231675,80.99175550867271,91,9,48.88463343414693,1,2,0,0,0,0,2.220644111506238,0.0,LOW
24785,319.27032262025716,4172,150,25,67,7,12,10,4254,125.76957125864827,73.25329828396661,62,38,172.48015457786875,2,4,3,5,2,4,27.25711766715359,10.561331681538558,LOW
38126,640.9319915632744,10051,83,7,23,2,6,6,4735,23.137891926278513,43.469243375543414,33,67,173.59033964811803,8,5,3,7,6,9,22.31423967229555,19.569865021494877,LOW
43308,451.9513240587118,5846,19,4,8,13,11,11,2758,23.818530029778636,125.38066731928271,46,54,199.28467468489748,6,4,5,6,5,2,28.935886404336184,2.5687321686136753,LOW
23428,974.3365793959437,6264,54,23,27,8,9,8,5019,85.7386622403546,100.55859049663948,33,67,357.13225050529576,8,5,7,7,0,6,54.39782534660638,15.686317844818213,LOW
19698,1280.745900635587,1418,22,10,11,6,11,10,1132,142.2249047369638,174.4831885415607,39,61,322.0382010496358,4,7,7,7,8,3,1.3842339860040678,5.722804461445693,LOW
20258,235.21246784391155,4946,54,8,29,9,8,10,2468,65.17467496375937,16.10082029159107,73,27,254.68833805455674,2,3,7,3,3,3,3.1960935242354562,6.3268238206388165,LOW
15754,337.2058813884418,4125,0,0,0,14,11,14,0,52.406604536930764,132.33490623547402,62,38,354.1629291734123,4,6,8,2,6,0,18.778591178405257,0.0,LOW
44738,523.4838695421489,4270,0,0,0,11,13,14,0,92.96995186369344,154.9602869171966,70,30,271.3874466018493,2,4,6,3,3,0,64.07840676900756,0.0,LOW
1752,19.500560918002012,276,18,1,2,5,2,6,483,139.9150470790295,154.30244814577833,15,85,327.5419843052301,8,7,6,10,6,9,12.588826792740107,5.802267033095983,LOW
40264,3682.6364244012148,3679,32,4,16,12,14,14,1074,126.35453576247043,178.35405374814977,60,40,225.51132039365064,4,4,6,4,4,1,71.78821390988487,10.019525421725408,LOW
12673,142.50669939001514,2872,2,0,0,13,10,14,399,149.34512355631688,148.51641113760388,82,18,210.08730065236026,4,2,5,0,0,1,58.10701847410274,10.037838412329561,LOW
37941,797.2421232944527,6974,0,0,0,12,14,14,0,8.272444564344678,186.2839117130623,53,47,289.63889710895387,5,4,8,5,3,0,33.11376354873871,2.1647611687294908,LOW
27198,508.45854519474386,5679,61,5,6,5,6,8,6518,21.364430983350523,73.20475396596939,54,46,7.875724790300431,3,3,0,7,2,7,53.972150535275375,10.13574360479266,LOW
16281,252.3157671839678,1613,123,10,18,8,10,8,1366,93.37282568816019,105.60978918279318,48,52,276.1510286525694,6,6,7,4,5,5,37.595281432989246,21.108468827351082,LOW
13551,145.6997328025976,1394,110,25,49,7,7,9,1531,123.98358370340821,12.675136023749229,43,57,373.80728736174586,5,6,9,6,5,5,40.96844692174993,27.812887849909806,LOW
40149,5890.379893019325,2423,409,64,163,2,8,6,6018,46.36042963448115,11.32194158762533,26,74,285.57683193070164,6,8,5,8,0,9,42.025179547197844,62.57933461486564,HIGH
7449,148.0910700528591,972,25,4,5,4,8,8,1588,39.685607764961716,55.62405788578878,67,33,14.7174897188874,4,3,2,3,10,9,46.883516669748914,16.42340937095319,LOW
42789,608.372152590401,8127,546,71,178,5,7,7,10638,119.11149091027413,29.1533674564262,43,57,151.15425630908956,6,5,4,6,1,8,4.844639587187175,54.89222048081139,MEDIUM
8517,115.6303051397626,2252,23,0,0,9,11,10,1428,13.175368808718579,59.44015990779319,51,49,323.8325209085144,5,6,8,4,1,4,44.57961450294903,5.013844285538742,LOW
7441,105.11285393204778,1612,11,0,0,8,12,9,539,58.56048389947484,43.63822596039551,36,64,383.443420017768,7,5,9,7,9,3,51.76182360288352,11.95233305113009,LOW
26434,1487.4513697550763,4199,262,9,19,5,5,4,4272,78.34233727588781,15.418804719343164,42,58,148.0653422545509,5,5,5,7,3,10,22.716704155124972,28.475549051810937,LOW
23886,714.2391334799756,6885,221,41,101,8,7,12,2913,86.2505577807969,182.76778781714938,44,56,336.4776223507632,6,6,8,5,8,5,70.46838637884503,28.554611365744677,LOW
10709,274.0418361851839,2461,49,23,33,10,7,6,2581,110.64919773495265,11.562394963889389,16,84,345.5239501206052,8,8,9,9,10,7,10.82782364981827,19.18291810188955,LOW
18215,223.7123146904849,5146,0,0,0,14,10,14,0,56.45262989744544,149.85560742404624,97,3,49.31455973042,1,0,0,0,1,0,65.59664036077969,4.670721291877443,LOW
29420,934.4966783349562,5351,35,0,0,4,7,6,3656,93.83922997781805,38.90809851470814,42,58,338.3153866874749,6,8,7,4,10,6,48.86613266811873,11.910040936992218,LOW
32203,1287.2461366180883,3694,58,6,32,8,5,9,6343,89.87943630468867,183.32362817992401,69,31,129.69995825544603,5,4,3,1,7,7,47.99848519049445,12.43974331606999,LOW
42818,446.2180905075267,2706,488,223,333,9,4,3,5035,84.40433459479333,179.6312285220783,36,64,237.29508862616692,5,7,5,7,10,8,63.13562018425608,92.10077456787121,CRITICAL
5137,879.3203308333331,1189,23,0,2,5,5,3,537,97.87007750562077,134.2412178101589,53,47,215.5848477425684,7,6,5,2,0,10,59.968638607995736,14.487094566069302,LOW
5354,53.65106774846788,430,26,2,8,5,8,7,263,42.62012980487106,137.72448846211498,44,56,265.22154549444826,7,5,8,5,7,7,25.198561909410582,8.528911335270365,LOW
43588,628.9934094336126,5478,93,8,11,8,6,11,4610,17.274069269771203,11.014436974240823,41,59,296.1858603778921,6,7,8,5,2,6,50.93394086557336,16.26125957091918,LOW
38160,455.8890138179642,6987,55,1,4,14,14,14,184,22.294392445762796,197.12559756158439,88,12,176.35243904743203,2,2,5,0,4,2,4.118084662115358,1.8876255626579597,LOW
40311,1221.9586004927808,7703,25,3,12,10,12,11,1176,37.56444548481566,176.78819467940474,53,47,355.32432885965295,5,4,8,5,0,1,33.6773179041454,8.772151187244926,LOW
49789,7828.518967821893,9965,149,76,115,11,12,10,875,77.52870065080386,180.07018288871748,59,41,323.7993686246245,7,4,7,2,0,2,67.55107414178849,27.78616000465642,LOW
20356,271.0605777598105,1863,87,17,47,13,12,8,1152,126.86419882917292,135.25646203966568,24,76,314.1684370591439,7,5,8,10,5,3,20.09739551779456,15.014135158890145,LOW
22333,265.09982665579554,3236,128,41,100,11,11,7,901,106.6875346028157,75.50951644436194,65,35,183.2987367737167,4,1,5,5,2,3,4.072911418184433,16.722542545666087,LOW
20463,271.5898446572006,4180,151,36,52,4,5,7,3224,119.41088760929684,179.79324332719136,84,16,15.029154337844064,3,1,1,1,7,5,42.180566923811206,23.198665077139673,LOW
37432,2015.6399168569578,10947,318,180,228,8,11,7,9549,55.891465469283254,65.38821634872654,53,47,196.90256255157777,7,6,4,2,3,6,25.889633059251935,56.19688551904956,MEDIUM
27669,361.32894797938036,6416,117,15,19,14,13,6,2628,63.67479253903977,116.91519323501855,40,60,359.3782136576732,6,6,7,6,5,3,27.647368112093268,19.86951707642195,LOW
8441,108.15185919632408,2368,135,7,12,4,8,6,2060,62.083873468638856,28.948884745337654,38,62,76.18006224300755,5,5,2,8,9,9,42.14568887456228,27.451561828003634,LOW
14888,220.36268107227949,3581,49,15,27,8,9,9,2490,32.82161173865272,185.17156972522253,22,78,393.03698880423514,7,7,8,9,8,5,44.94361774339769,17.285984709740234,LOW
6069,78.0267538038909,1201,32,7,9,3,7,9,72,13.876415430817943,36.74638697653053,3,97,323.07624800526855,10,9,8,10,7,8,31.768520539112625,8.9968426512445,LOW
4800,56.23075627388724,470,36,3,9,9,8,7,147,90.68283345994789,52.73039308877738,42,58,283.9319169128259,6,4,8,7,3,5,36.78977081654809,8.941761250760655,LOW
39537,624.6722468124578,8566,42,7,22,11,12,12,375,148.43641909598497,116.04549004436085,65,35,270.8639831689283,4,5,6,2,9,2,71.51778660732509,5.09248252167767,LOW
37086,2764.012983530394,7633,0,0,0,13,13,14,0,29.19030721778811,155.1776700404665,69,31,234.81035277350503,2,3,4,4,7,0,68.93607899947068,0.0,LOW
12515,243.83998664619995,2510,139,33,63,4,5,5,1629,11.769298885394694,127.6767481278968,15,85,288.2681292996528,6,9,6,10,6,10,51.07317064973775,38.63358953512831,MEDIUM
45502,3676.4281716157457,7846,274,49,65,4,0,6,10894,118.03209386447028,54.10544343202967,58,42,168.7622224877282,5,5,5,3,4,9,12.045786176137248,37.05803798644861,MEDIUM
6754,154.49513141376093,1230,95,23,59,3,3,5,348,41.62497096928501,10.179178080223164,31,69,338.1152432080519,8,7,8,6,6,9,26.237146005108695,13.662719950138777,LOW
17644,403.98289523412825,2357,48,5,11,8,8,12,3299,125.29835177617461,153.85861025841345,28,72,278.5383824381123,6,6,7,9,6,4,63.64080802220804,12.47678528309893,LOW
24714,2192.719554863637,4444,429,167,183,3,3,7,9500,107.07081672000473,197.18939192310782,9,91,308.5012449518196,8,9,9,10,9,9,30.784963006811722,83.02326834613903,CRITICAL
40618,1065.0283831621073,4036,719,6,13,9,7,7,17759,142.12266287236667,163.88349285815718,35,65,316.99496886639184,7,8,8,5,1,9,68.80878693040427,71.03216595956509,HIGH
15683,1008.8891746762188,3941,42,17,26,14,12,13,66,64.29444918471745,97.43925744975691,97,3,36.828018283561015,0,1,1,0,6,2,35.41357750302055,3.465311960546139,LOW
6738,82.38942040665732,649,14,1,6,6,7,7,2007,100.98562672034195,181.71577966583024,81,19,22.25630907509517,4,1,1,1,2,7,62.116493095666556,10.11282702549012,LOW
6590,69.3462576480696,469,35,1,5,4,5,9,2383,72.40394321792425,87.8710578924865,19,81,320.39434739389435,10,9,6,6,7,9,3.0295913162518566,13.643778252893187,LOW
12137,1022.4880695374264,1930,0,0,0,14,14,14,0,96.4353611097388,109.73747600625883,97,3,103.75360841529849,0,1,2,0,7,0,31.5427041776834,0.0,LOW
22915,239.35628434598314,4917,393,44,82,4,2,5,6048,70.19184137112191,100.65465580517981,28,72,232.7879230047257,8,8,5,6,8,10,50.56872232856468,50.05363510569247,MEDIUM
24571,449.6495617199072,3917,11,4,5,14,13,11,967,32.35167573149085,95.04853580644973,69,31,177.48434208759448,2,3,5,4,10,1,62.24486406254185,12.971281869908317,LOW
45915,1372.2872055451815,5472,27,9,11,10,11,13,235,78.64512532049022,157.2862461658421,82,18,8.815681467053693,0,2,0,3,3,2,44.08875183671779,7.475899308244899,LOW
43179,3509.9464309586874,8184,20,2,4,13,14,9,327,81.64470920842913,110.08609238120349,92,8,16.112503266508593,0,0,0,2,9,2,12.888234854789996,3.5270140326956065,LOW
41740,794.1505244290832,5707,310,152,172,6,10,3,1731,122.53755799772335,70.17625318479105,35,65,330.8500969115183,8,7,8,5,2,7,63.83428281412998,69.66054605615194,HIGH
18771,233.24103714393848,5316,133,63,94,7,11,7,3434,111.65050234006928,59.05005185511088,50,50,243.07102459548955,4,6,5,5,8,4,41.599141131187935,33.41289894474333,LOW
36534,506.19886931352767,10253,46,0,1,8,3,8,782,101.2497854715094,17.171990223812344,51,49,209.53723149473797,5,6,6,4,8,7,8.223299995175859,16.97477836760943,LOW
33934,3472.762667018605,5958,170,18,56,6,0,2,1699,21.44112885512302,120.80708075777873,0,100,377.7408333887001,10,10,8,10,1,10,33.665044583373174,33.97645022932813,LOW
4688,393.1014598003268,618,66,22,31,5,2,5,2180,109.48936214623868,53.6926689261965,43,57,69.24601037153795,6,5,1,6,5,10,50.47445263713015,21.751702923376804,LOW
10661,246.36631153028492,2497,88,14,41,10,9,10,286,77.54424767140465,38.145445183112784,74,26,103.18833586351941,3,3,5,2,2,5,32.74762586162112,10.804305705912732,LOW
29232,884.4085703123558,1729,47,0,0,12,12,14,1271,134.64443273539308,134.22769312725876,75,25,302.6956312942509,4,3,9,1,4,1,62.76149266941563,13.636321011417843,LOW
11814,436.31914522212,1992,188,26,31,7,1,3,4662,138.3812854489287,139.42975898609427,9,91,310.09409118317177,9,8,5,10,1,10,30.79414349109519,41.504025436897805,MEDIUM
24454,771.530848731613,3278,25,0,1,7,7,12,147,12.997705637258893,152.90942952895654,62,38,161.95887857566578,3,3,3,5,3,3,42.216867301621015,1.3288644381353594,LOW
22008,270.5983907469806,6165,150,20,68,8,8,5,192,123.99302625139943,105.67961030433239,10,90,380.391373857504,9,9,9,9,10,8,15.598686174136065,21.855963011097867,LOW
22469,240.88554170659492,1190,132,25,68,13,10,8,1801,10.466121611287239,179.87037498873846,55,45,375.30183108606826,5,6,7,3,2,3,37.15707402822547,24.306139836045958,LOW
46159,1061.498425358621,8687,365,29,46,9,10,12,9205,58.23959572577829,187.90512314566328,89,11,4.963886024063813,1,0,2,2,1,4,16.434297660190126,24.820120944198663,LOW
38045,417.70720536836774,8946,189,20,50,10,8,13,6687,83.63349646505647,163.400478560573,84,16,68.93116093629001,1,3,1,1,5,4,16.600881078386323,15.631389031645394,LOW
37168,1045.745996012308,6365,484,76,127,2,4,6,5185,26.474615800933478,130.76276158155557,27,73,328.0877766735485,10,9,8,4,10,9,20.5130317703918,63.23514128038132,HIGH
23561,468.76821377452825,1681,314,90,205,7,9,4,3185,113.21550282251614,67.70698118232585,68,32,134.08667393040332,4,4,3,2,2,7,3.66024762250877,36.245367768909766,MEDIUM
14216,537.004936260612,4166,67,6,10,9,8,7,1378,6.2114321049600925,196.75953510784203,73,27,38.18507147993135,2,3,1,3,3,5,12.176639384393399,10.13967437569673,LOW
40249,611.2668095092416,7224,130,24,57,3,6,6,13297,29.446862022935342,62.08587176646829,24,76,313.9996697694334,7,9,6,7,5,9,30.84178471131388,31.571364925317383,LOW
39644,404.5173789888164,8069,326,200,204,6,8,10,4057,89.21554032875397,48.5048151781819,60,40,181.83340223008378,5,3,5,4,4,6,9.87082565757452,57.0625930693394,MEDIUM
17407,279.2633563887114,1900,167,65,110,12,8,8,643,108.58619649540739,94.00928161945072,63,37,196.96431468614875,3,4,5,4,3,5,10.037009661971275,29.366130105895575,LOW
19277,494.3791778927092,3293,109,46,58,9,6,9,2880,137.91324989061783,20.799708435353807,78,22,74.5477555264685,2,4,3,1,3,4,69.70712572921839,21.40944430541282,LOW
28193,423.6831096723186,4434,183,32,43,5,9,8,2582,107.29701453052046,195.91394828764024,53,47,264.3580215755711,6,3,6,5,1,4,31.03746146860025,27.16821255839457,LOW
43428,2603.9929582360737,2984,78,30,51,13,12,14,333,102.40799418695556,121.80237571912072,66,34,220.49652724904706,4,2,3,4,9,2,29.366888022999376,12.627087660778182,LOW
26829,300.0247835795788,2053,45,10,26,7,6,8,6358,62.17946622084632,115.8208974161933,70,30,82.66917511563032,2,4,3,3,3,6,19.643099321058774,9.879022507985116,LOW
47392,897.6951897306592,12291,179,60,100,2,6,3,12482,5.186241701386205,134.60129318094678,40,60,136.13260337568272,6,6,4,6,7,9,37.139971876183985,33.54610602677332,LOW
16782,351.91076678233316,1845,132,5,7,9,9,7,1642,22.423092516665182,104.43449307766926,57,43,238.7517149344688,5,4,7,4,4,4,43.1186404685508,19.951953010030767,LOW
24124,397.7107076410755,2381,150,2,5,10,6,10,4873,82.51040898962567,16.0920682479629,15,85,369.94890217336405,8,7,10,10,10,6,30.400264820103732,22.523411493726982,LOW
23821,370.1530153758846,4197,2,0,1,13,11,13,601,102.89383344744085,126.33914487967539,50,50,368.1505401285967,6,4,9,5,9,1,28.65730892653857,1.6102981136232462,LOW
10988,929.7129566148906,2661,168,27,126,8,7,6,2849,65.53000116498706,146.07303662172183,67,33,115.1623617589932,3,4,2,3,9,8,50.58050788054992,18.808061808704508,LOW
23074,330.34288593181367,1511,168,47,103,9,6,8,7005,110.94845667161658,89.18232151857009,40,60,294.24839110395396,7,5,7,6,7,7,68.40903411335748,36.408716350010955,MEDIUM
5740,205.12080421290116,1114,38,8,25,7,8,11,704,80.67003282316593,153.88615869352665,40,60,310.2076322095238,7,5,8,6,5,4,63.264278075254914,11.325520584177626,LOW
43721,600.3528976401574,3489,49,19,21,11,14,11,1441,15.75554836117527,53.130246874299914,50,50,323.5292399931179,4,6,8,5,9,1,8.981349083735319,15.598812477618758,LOW
10978,132.0410590010888,648,16,1,3,5,10,10,1684,32.84235639035258,52.04255230257496,62,38,228.30491390059203,6,4,3,2,4,5,47.14006993125762,0.0,LOW
45662,561.1232713922026,2885,405,112,219,5,7,7,8489,126.79974237037172,40.66922766063905,77,23,4.20319923983512,3,2,0,2,3,7,1.0039042938222502,45.10489681388983,MEDIUM
19762,343.7611377614702,5109,236,103,134,8,3,7,1019,110.11234826054373,80.67900435994075,26,74,304.67051417849945,7,7,9,8,9,6,45.76606208058443,43.452156820463465,MEDIUM
4932,90.63487452232744,392,5,1,2,9,8,3,579,134.74048811681178,170.93228672392587,70,30,42.63897993174002,4,2,1,3,8,7,33.701281608132696,6.675944423280794,LOW
30221,1627.1279819031852,1852,154,67,116,8,10,10,3141,22.045801122535803,167.30329180832223,94,6,46.748554488160735,0,2,3,0,9,3,35.61458324258406,17.635789482604334,LOW
14068,178.85047541372697,2243,15,1,4,10,12,10,598,148.5822675191857,82.73659951306573,64,36,242.24992105846107,3,5,5,3,4,2,42.54383096142598,7.528250814894912,LOW
14678,476.8078191312629,3830,74,0,2,6,9,7,1788,35.36397352274037,121.93255983624495,19,81,393.40820841012066,7,8,10,9,9,6,53.59985976215774,18.067210819566746,LOW
22695,434.886208168166,2623,18,6,13,11,11,13,861,6.708082061563092,146.95510013023397,91,9,97.01578930631993,2,1,1,0,10,1,52.656232889328024,2.178451935829336,LOW
802,25.057771263325584,124,5,0,0,7,12,10,0,149.62632616276537,55.82928717932437,58,42,258.32435202048305,6,4,5,3,5,4,3.6802507555876742,0.6279130582748054,LOW
17522,989.1781759511833,1050,111,29,61,11,5,8,3569,45.755713389541405,41.94680632000194,67,33,121.4614582950404,4,3,2,3,6,6,53.15934862055677,11.784683808896698,LOW
555,8.563760044412895,90,0,0,0,14,14,14,0,101.86282061432118,194.6982387103391,52,48,359.49044544421184,3,5,10,6,10,0,59.8318426178445,0.494444297119343,LOW
46281,4554.524701258993,8997,229,52,56,12,12,11,2615,30.618935555564253,127.33588950982751,58,42,237.40675684554563,4,2,5,6,10,3,5.374342647145576,22.484355784275763,LOW
9217,121.08306523861818,1776,1,0,0,12,11,12,156,89.13313716887555,196.46898714839614,96,4,82.99093106258834,0,0,1,1,0,1,23.590681948454574,6.436371141304502,LOW
29199,830.2070241488238,3886,38,5,10,9,7,10,1261,136.08507303591108,74.17363755512353,78,22,104.85242017817131,3,3,2,1,8,5,57.132581493490186,7.5015758258796,LOW
8650,1725.5839423718958,1114,0,0,0,11,13,11,0,51.426269277123595,143.576022995085,82,18,172.9922921672484,4,2,4,0,7,0,35.75713732267172,0.3139881411352756,LOW
2625,49.01295541900583,201,22,0,1,8,9,7,308,102.18682652643209,52.29469094283517,61,39,48.81742481192508,2,3,2,6,10,6,50.18471141991186,9.759993079221944,LOW
44747,4734.665667506683,6340,98,24,51,7,14,12,1957,32.24602037577039,59.62803254204346,100,0,31.49334730539266,0,0,0,0,4,2,36.41558024326662,15.02313498972362,LOW
49013,1569.1135403618987,3669,0,0,0,10,14,12,0,95.59533281421515,107.26140304122856,57,43,272.02455829918244,4,5,5,4,2,0,70.44290516128387,9.111962585475506,LOW
17248,239.01522741400007,4167,126,47,49,6,8,5,2738,53.78530101353897,70.72744384653353,47,53,162.86602483564812,6,5,4,5,4,7,67.43780470994486,38.021259004129675,MEDIUM
40077,3658.157873941547,11685,125,14,68,10,3,5,9573,35.62519749525299,41.84809712971105,34,66,290.4903167481108,7,7,6,6,4,6,20.60188479629323,16.461678836622305,LOW
5121,60.4339370704747,1497,8,3,5,11,12,10,163,50.411397352027095,59.947333377971944,97,3,44.0232801750486,1,0,0,0,8,1,28.090764754659823,3.352326898395342,LOW
15534,2896.5711242736047,4136,61,31,35,10,10,5,883,30.931954933630905,16.792194948514283,28,72,243.9462191604383,6,6,5,9,6,6,31.341238845225277,20.186592068178424,LOW
46891,1648.2901771690897,9387,176,29,135,13,12,11,1299,135.777835636493,143.84048808072245,78,22,177.32271734789617,3,3,5,1,1,2,7.9506098054663195,8.080247013480367,LOW
5626,74.62935501838908,1267,25,6,8,6,4,8,178,62.59209851598368,103.5021648463137,57,43,23.199461782811426,5,4,1,4,4,8,29.391358701880396,6.235582966088711,LOW
5622,160.41927366593768,681,16,5,6,7,4,7,1860,40.56549922128326,27.90618261685987,41,59,217.92079131039074,7,6,6,5,8,7,55.90161921484387,16.132912417476913,LOW
18530,1262.280766853828,3848,76,11,16,8,10,6,3285,70.01913694731027,42.621858694413326,86,14,33.121709885818305,1,1,0,2,10,4,61.05308412361182,13.852843231098973,LOW
17802,453.87535336914874,2917,20,7,15,7,8,7,452,51.477744186941855,29.48156224140236,37,63,331.08789911640326,6,7,7,6,1,6,63.85849165633567,15.406802171550916,LOW
19681,641.3389286294572,3355,6,0,0,14,10,12,1129,112.94079180293227,126.39263357241653,64,36,252.78298615601153,4,4,7,3,7,2,1.54096851226045,3.8942222223978646,LOW
39138,460.1350834191886,9371,0,0,0,14,14,14,0,145.82688722339668,27.899969086373822,62,38,222.78701350417936,3,3,5,5,2,0,56.899631770507625,0.0,LOW
2031,58.41569697476719,244,0,0,0,14,13,14,0,68.51488022115879,153.31364327669107,100,0,53.387601787863616,0,0,0,0,3,0,36.43787944069427,0.0,LOW
41440,518.333127396352,5366,48,9,14,3,3,2,10190,129.84984299597485,13.897074670874323,45,55,114.9828454016332,5,4,2,7,1,10,15.240378855247693,17.612237998920868,LOW
40941,456.2797201286786,11510,27,4,19,14,11,13,493,87.05014566614483,57.3813997192195,72,28,197.15035885411973,3,5,3,1,8,1,36.16026910956768,7.840007186634603,LOW
23833,515.7245363271142,1526,167,18,49,7,7,8,2327,27.799171438663855,179.22666841946236,34,66,253.31340545587523,6,8,5,6,5,7,60.86462336774815,27.271248423531503,LOW
40150,439.0636580578568,6882,0,0,0,14,14,14,0,105.14029760179453,146.52095044322675,94,6,73.29228749686223,0,2,1,0,8,0,31.548829794884764,4.727793647481835,LOW
35174,861.1535008705725,9785,125,11,42,2,3,9,13727,79.44800208324392,23.86398325588067,47,53,3.546511253449358,7,4,0,5,10,10,71.31796726283021,31.65801117744673,LOW
36354,376.3843042045308,7364,174,25,118,11,11,8,3844,99.337945871555,166.01395985218414,79,21,137.90407490771824,3,4,3,0,7,4,44.59284770379811,11.731439118125751,LOW
46771,3469.0141475918026,8727,542,121,226,7,2,6,2262,134.00467482289142,103.67667309263891,36,64,193.14858182249742,6,6,4,7,8,8,35.51810234392054,73.19948893520314,HIGH
8652,123.1306430198728,972,95,7,23,5,2,8,3231,68.86301274512668,170.88877516207756,46,54,73.77340223872122,5,5,2,6,4,8,21.58458694251559,16.336495827109722,LOW
39018,751.6132893908499,5299,33,9,11,12,14,10,1648,135.67075536651657,124.14055714557475,65,35,196.86620234208232,3,2,4,5,5,1,1.2901509786907241,1.2921018938831166,LOW
46040,1100.733977972899,12109,99,26,33,10,9,7,1941,113.84700707083996,139.54827608624316,59,41,135.3943434277075,4,3,2,5,6,6,44.154207503285264,20.344678660444078,LOW
10767,165.37232657956065,2043,112,15,23,2,8,8,305,75.8477142523078,198.76529647518456,39,61,182.0358664425631,5,6,3,7,4,10,41.79093156448029,33.722626851560804,LOW
25789,358.84629664842976,4608,0,0,0,9,12,12,0,92.46720967040473,54.14375372556345,86,14,138.9831002314376,0,2,1,2,0,0,37.45222639912558,0.0,LOW
1562,288.4840589580564,116,3,0,0,12,13,14,44,52.20926421525666,128.54965920466378,67,33,251.38713991472005,3,4,6,3,8,2,38.94586845947441,5.379169271146594,LOW
30426,1458.5430192968358,1643,71,11,19,11,8,7,2154,147.62160846212225,97.46106411090568,68,32,17.158804397428675,3,1,1,5,1,5,60.81184953679345,9.397399129885537,LOW
6729,92.50835627268602,1957,14,4,6,5,7,4,234,101.76591864230741,17.495871055311373,53,47,68.36211597770942,4,5,0,5,6,8,23.1561996117765,4.590724748721571,LOW
49777,728.7288429890542,7180,848,216,262,7,8,4,21355,11.357793612011335,12.749421885544356,34,66,173.10034764439985,5,5,3,9,7,9,39.843156996014805,100.0,CRITICAL
48415,500.28668195304164,9721,73,10,41,13,12,14,2009,52.36017633346127,32.65342978539314,51,49,142.5186862207427,3,4,2,7,7,1,49.11625524888606,10.967410463730985,LOW
5132,66.39189660637612,358,21,12,16,9,5,10,175,95.38059289506333,133.32743070232414,43,57,156.65278238152683,6,5,4,6,0,6,15.50205327539211,11.360177832111441,LOW
39556,414.9662831784842,8733,78,18,23,9,11,11,5201,13.168325280889771,117.76098670354452,46,54,321.5042779521919,3,7,7,6,9,3,66.62458817586221,22.030849951388667,LOW
4096,57.0939929958148,1159,7,1,2,14,14,14,139,8.463207741275701,115.15161662110822,36,64,354.53266329894626,5,7,8,7,6,1,53.20426052133462,5.30761945463141,LOW
44743,1343.0302855156385,8676,39,1,5,14,12,9,1456,70.25351473153137,16.052784880369416,78,22,99.46751339902802,0,2,2,4,8,2,4.310621111159254,4.46710474348758,LOW
6668,444.2470127623251,543,37,6,11,8,7,9,1452,53.24007605543715,99.16756930840134,39,61,334.5564241145222,6,9,8,4,10,5,62.35512890256193,15.583762957869407,LOW
43063,543.222218788429,8415,564,196,327,3,5,7,11588,68.55329816480906,185.67833539008043,22,78,183.5159461161431,8,6,4,9,10,9,66.98571539324867,99.49751748343934,CRITICAL
8061,121.77808505544442,1947,55,5,9,10,8,4,2736,43.09052993260075,85.54245516902286,50,50,109.52824771448833,5,5,2,5,2,8,57.24740844799848,16.210629000730556,LOW
8758,914.4185301223916,1327,10,0,1,3,2,10,1438,28.884073306732233,128.7352692598067,19,81,394.18242840187133,7,8,9,9,7,7,30.97505902109732,10.004618586327366,LOW
17116,436.57925829760836,4620,82,6,24,3,8,5,3856,104.92578676214896,158.16554836839728,31,69,329.92071657366694,7,8,6,6,7,9,71.59794832982166,24.92286300261871,LOW
27234,283.99521333684464,5778,493,111,322,5,0,2,3962,79.61281185883107,158.94580303695864,11,89,397.7013276346144,9,10,10,8,8,10,9.39716680788014,84.30113077120689,CRITICAL
6871,130.7812586212817,1888,60,8,29,5,6,8,1065,34.02236063115819,108.66321565510155,53,47,67.27631377130186,4,5,1,5,7,8,38.867317656780635,13.192674558335918,LOW
26569,576.2182137660222,5469,131,39,100,14,9,11,2262,51.340466807699755,173.0108696264439,96,4,57.53706957914346,0,0,2,1,4,3,12.682942491186573,18.691568299843738,LOW
14869,306.69454336337685,1231,51,14,36,9,10,12,2112,90.81214661118226,84.36183773911192,62,38,201.3511811776957,4,6,5,2,4,3,31.913439403504746,12.646237930518746,LOW
13410,539.7712214710639,1708,203,9,24,7,7,8,3219,15.473255499509287,178.8517108091117,31,69,255.45750401382156,7,8,6,6,2,8,66.81083792372897,32.83192314823786,LOW
8443,210.93166543582086,848,107,1,3,7,4,6,435,26.380686343596036,55.64316161515361,75,25,68.42403701334065,4,3,0,1,5,7,57.28967068071915,11.283642571459481,LOW
12699,316.4287337806797,3520,12,2,3,13,11,11,4,15.620612595571567,63.241117328208496,40,60,344.17226723541705,6,6,6,6,9,1,56.41885881941931,3.529296215215412,LOW
16228,1627.0748270660988,3896,80,28,33,4,7,2,4833,122.78601324354723,20.09291859781021,38,62,212.80539146534534,5,5,6,8,2,7,25.80054677020023,29.727110998615576,LOW
23775,305.12484725282883,5209,0,0,0,13,12,12,0,114.09933881574135,161.16054894303375,81,19,164.376733288259,3,2,4,1,1,0,67.30031768721315,7.136352352575935,LOW
7238,162.40380597934637,906,80,3,8,6,6,6,911,114.23037512249228,89.24049488421406,39,61,240.82146917081806,5,6,7,7,6,8,26.830656541760494,10.7960784262116,LOW
16413,197.49217724505783,1575,137,11,13,7,10,3,5256,108.86717480402407,53.53215664316582,30,70,253.98148518891568,7,7,7,7,9,8,3.3581006539755394,25.300774634406384,LOW
35740,416.6323742202068,8545,415,10,15,6,10,9,11825,102.06088643213103,54.04015274715014,77,23,17.113312393517653,4,1,0,2,2,7,46.102790265958944,35.131935087105845,MEDIUM
19623,780.566462480887,3307,87,25,59,4,4,5,7339,74.16382772983538,181.2659888335543,11,89,399.95706668201973,9,10,7,8,3,10,26.429304581601368,23.83112424803754,LOW
48947,725.6935492930064,5210,143,83,108,10,10,8,1701,98.13033370853167,168.444154087597,73,27,145.56783072179022,3,2,4,3,10,4,11.491329508839401,28.251245186116265,LOW
35029,702.451733283314,7151,196,8,18,9,10,11,2741,10.562425444256323,115.17086821786484,87,13,24.617058763958475,1,2,0,1,9,4,67.32805143686754,16.416416966590127,LOW
10667,120.37480368882292,640,12,1,2,12,12,11,810,95.11234128523377,127.061052078987,41,59,340.9292699102061,4,5,8,8,7,2,46.0626266834484,11.452736966690612,LOW
11054,433.5690117536534,1454,41,1,2,13,12,11,2005,117.7922673028472,100.1218584045553,41,59,397.2074716849249,6,7,10,5,0,4,67.7478727999815,9.354221955554891,LOW
17760,255.93634690784936,2968,102,31,71,11,13,11,2660,77.55196225573658,84.41664314697368,42,58,326.5434036864361,4,6,7,7,8,3,42.18297578402686,11.680574806394384,LOW
47545,757.8528714458487,4135,0,0,0,14,14,14,0,56.839432621949356,183.940607431483,41,59,340.7529959439383,4,5,7,8,5,0,5.066251663242714,2.3814762244626357,LOW
4312,130.45461715623344,1277,65,5,13,5,4,5,1418,45.22687654614197,33.86641366885739,22,78,250.37404568778038,7,7,5,9,1,8,2.6407467302918906,12.137322169552373,LOW
28524,1586.6865321211098,2917,378,57,91,7,6,4,598,98.20629727350196,89.5048900460833,28,72,368.93023128837314,8,8,7,6,2,9,64.89014260266369,53.36750507266258,MEDIUM
27785,415.2855126114643,2294,123,19,35,12,8,9,1191,105.45617380133677,75.46676251769631,97,3,14.295420690987015,1,0,0,0,4,3,3.269047486827623,3.095872421215156,LOW
27400,364.5228361386929,2764,67,21,26,8,14,11,1017,131.29030198006868,104.6486368477182,53,47,306.6895451816804,3,6,6,5,10,2,44.485069498568734,8.736574544428095,LOW
2105,60.16933567757158,509,3,0,1,10,6,9,513,54.63844195684366,96.95005616358327,57,43,268.2840913336302,4,5,6,4,5,5,21.805270232129093,10.82957831232685,LOW
6122,92.3948596023591,957,0,0,0,12,14,14,0,116.6169845709099,108.58901101370547,96,4,19.833988209600896,0,0,0,1,8,0,49.66755694586216,2.3973486693506567,LOW
7267,170.83775246555354,1390,16,9,12,11,10,11,447,86.396594507454,36.58460567312888,49,51,217.58943159059174,5,4,4,6,1,4,20.857653653275943,5.973904331573482,LOW
27639,379.8932235110085,1527,331,15,26,11,8,13,7714,133.01129114832148,107.49688528752264,50,50,206.02413830314782,5,5,4,5,4,6,3.161385187138531,26.044823558968595,LOW
12113,506.2809449991383,709,7,1,4,13,11,13,185,81.532755702865,56.05957463857006,78,22,276.6136900307907,3,3,9,1,6,1,52.7549508051224,4.313599694597047,LOW
11089,123.8020247084397,1790,53,5,14,3,4,7,1123,80.05632511770524,45.02295630775634,67,33,31.012564643669016,5,2,1,3,10,9,22.729538063843464,11.892511029190706,LOW
14418,446.3236573286252,3664,148,32,44,6,5,7,4210,88.79217680893181,22.31850156937633,15,85,322.1115141313648,7,8,7,10,10,8,39.88212329908161,40.74144025109296,MEDIUM
20619,516.253654586741,5594,110,56,62,12,9,9,3842,113.65072649565299,154.9039861636668,80,20,55.761376804601866,1,3,1,2,6,5,55.831406125366776,19.414557335276697,LOW
27946,2656.783235886781,2003,3,1,2,14,14,14,659,144.88011943012683,91.21396496274639,61,39,167.46584538474906,2,3,5,6,3,1,50.751866080845396,5.127314482250939,LOW
13546,868.6863668869597,2500,32,11,18,4,4,5,4489,15.66668636128602,129.0622998292341,16,84,352.5152030006544,7,9,9,9,2,7,25.42283402213229,14.6308948888374,LOW
25318,468.7921176859268,7046,290,68,179,7,6,7,1796,12.748017346697488,148.24273522790125,46,54,224.21264219819855,5,5,4,6,7,7,53.969606134680255,41.88218212338484,MEDIUM
35858,1178.7134325065888,5270,0,0,0,12,12,10,0,140.9447989240641,139.07016640957517,94,6,151.8363655018937,2,0,3,0,1,0,66.68619200229362,4.809601045498017,LOW
4824,57.176300439076705,1241,0,0,0,13,13,9,0,81.83196570013989,99.39513662703963,87,13,19.280896818334714,2,1,0,1,4,0,44.11318336489718,0.0,LOW
11287,1764.7320236020626,941,0,0,0,14,14,14,0,94.16093711220573,83.70072050082867,83,17,268.90940688068866,1,2,6,2,9,0,50.80068333608486,4.3479425861183145,LOW
9611,234.3349909768197,2728,16,9,10,11,6,12,1163,74.95142223123568,81.4323828317261,44,56,394.6187061227136,6,6,9,5,4,3,62.41243198714691,9.489785061947394,LOW
38610,1042.1663883103586,9183,60,21,25,14,8,14,771,18.5803306280838,131.6092714167107,32,68,364.71855950335316,6,6,10,8,0,3,60.8203040639684,5.690035924857172,LOW
16889,2470.551687574405,4818,226,34,97,5,8,3,774,116.37295987070665,104.01092743895595,30,70,286.91843102937116,5,9,6,7,6,7,25.639494915233453,39.2069784136205,MEDIUM
41927,2493.4287971223594,9188,0,0,0,13,9,14,0,113.3475735378451,171.33512711781702,100,0,42.11714330237801,0,0,0,0,3,0,71.40659266951211,4.701499942748207,LOW
14543,328.31366788334105,2048,24,3,15,3,3,6,620,50.19698161645774,176.1933770220753,53,47,95.77603736015767,5,4,1,5,9,9,2.5424690033641233,12.619529058844986,LOW
29246,564.3534313111788,8321,113,11,30,9,14,13,11,49.404690558118055,42.40647182123851,84,16,74.73960778131482,2,2,1,1,1,2,71.04959138146656,8.758809922387474,LOW
22850,526.4064117747364,2716,367,79,235,4,2,4,4444,126.48700023130019,35.88439379368787,36,64,142.18465610225812,6,6,3,7,7,10,18.08879503714249,64.81447551974523,HIGH
42105,759.4823077576622,5601,0,0,0,14,13,14,0,15.49180237249236,129.7761759468399,97,3,94.2068911166142,0,1,2,0,3,0,31.99124910755022,0.0,LOW
617,10.026405177312888,138,4,0,0,6,5,4,212,132.76024651170206,67.2328921318331,38,62,97.77577838867728,6,4,1,8,0,8,63.683744754467064,0.5754133899867817,LOW
47185,7939.909423154555,11387,738,253,423,2,2,10,19591,42.21594503490759,13.528436565368782,46,54,246.69197415016225,8,6,6,3,7,9,17.969511954710413,100.0,CRITICAL
19435,395.91322098317744,5487,121,17,18,9,5,6,3750,90.98278842454661,178.84210717896147,51,49,127.48106238455338,6,5,3,4,10,8,16.571886908939227,19.617167513075042,LOW
47577,492.8602858410817,4814,336,9,25,7,12,6,6072,140.71915595525778,53.11114577632357,60,40,270.86515058898925,4,4,7,4,6,6,46.482276496447895,25.236210448368176,LOW
13734,252.8906082782119,3426,107,24,49,5,9,8,2591,103.32776272281373,186.56332382030374,21,79,379.1558636584722,7,10,9,7,2,7,50.93971258006229,23.283665935851214,LOW
38828,559.751340705026,9110,0,0,0,13,14,12,0,65.09232280772031,146.3125456668682,76,24,255.3911666452956,4,4,7,0,2,0,1.0341539203734489,0.0,LOW
1346,38.871326276461176,88,7,0,0,7,6,9,80,104.9824602912852,154.90416308318203,34,66,300.6626708841485,5,5,7,9,6,4,32.706762872268754,3.731566104636538,LOW
11454,145.8566085263306,1681,11,6,7,14,11,14,57,54.87704726587368,48.27768420070048,56,44,300.63216611313516,4,4,7,5,1,1,35.47129191846434,4.680853426970004,LOW
14203,181.09709751274409,1714,0,0,0,11,12,14,0,45.20247037063199,54.49694086719445,97,3,132.2811153597244,1,0,2,0,4,0,19.93621678011972,2.3781555528331477,LOW
48653,892.3369748514525,6136,160,104,110,13,11,11,2976,149.51907530052856,109.0408732265725,94,6,5.983197837374199,2,0,0,0,6,2,39.54684459596669,22.412123731808393,LOW
47014,481.1028265475166,13903,88,30,59,12,9,7,13120,113.86458352106922,42.69897200347381,88,12,22.019185197685776,2,2,0,0,5,6,11.55229880555919,9.715825940790802,LOW
23200,1370.5694685800768,4888,0,0,0,14,14,14,0,98.48439672036356,68.03202160977614,77,23,112.82410035382338,2,3,2,2,9,0,23.63781483280402,2.8405754290891414,LOW
32543,4923.277055720601,7465,391,70,240,5,2,2,11765,56.516998266801224,71.07787081008286,12,88,275.8172734630392,8,8,8,10,6,10,51.49660519915021,60.77788396676623,HIGH
6969,89.15751698138331,2049,10,5,6,13,9,13,107,12.128320227481982,40.32968731802518,74,26,362.67325545931703,3,3,10,2,1,1,62.97573745765524,6.513990063053576,LOW
30605,374.694954861179,4416,26,0,3,14,11,10,1359,9.503247025097565,48.984738345080544,61,39,383.5193048762985,4,5,8,3,6,1,42.64059576249419,6.209342760700406,LOW
42601,2594.50747178889,10669,191,44,46,11,11,10,6051,85.35628204007583,159.82484998156875,92,8,10.33946553602938,0,0,0,2,1,3,5.851384562895653,16.015835302957353,LOW
26886,889.3705493119306,4264,18,1,3,13,12,9,2506,115.4947445506624,41.76721236398099,46,54,396.03489825310845,4,6,9,6,6,2,49.03032968820048,4.381200304680172,LOW
49876,7480.493528946187,13336,133,31,78,8,10,11,193,82.91998261435899,15.406904450345273,77,23,128.9988873426775,3,2,1,2,7,2,64.67824419361335,11.279568740883228,LOW
46087,1402.3415902355964,4385,692,58,85,4,5,4,12533,126.9138354311716,129.5774390994983,29,71,337.18249129404614,7,6,7,8,9,9,36.55845407426276,76.23871500646273,HIGH
37476,477.7148128910733,10752,268,11,39,9,10,13,4821,9.846847298517137,195.4367926845655,88,12,72.11818427871215,3,1,2,0,7,4,35.79897557636917,15.399446859556999,LOW
39551,729.6391080951097,4140,95,17,66,12,13,11,1167,58.179051081761315,72.93062477839305,96,4,25.159303042743673,0,0,0,1,4,2,71.38607093083863,6.111590153982363,LOW
2548,66.93095576717704,335,17,7,9,1,5,4,1264,39.37520672025582,32.54458360728793,15,85,151.342169625075,8,7,5,10,6,10,45.99529180954207,13.53400448177402,LOW
39501,979.8033409412224,9442,97,36,67,7,8,4,3450,69.8545803827827,118.37359181983085,45,55,343.5701554122772,6,7,8,4,10,6,58.13106646913093,29.981035006993896,LOW
13441,2620.796038654523,1995,40,2,4,6,13,9,582,15.49457701314776,182.20730010817277,91,9,88.32996635112642,3,0,2,0,7,4,46.72428419724915,9.81937743896429,LOW
45875,1370.178051087508,9269,154,16,49,8,9,9,3331,143.34908802780552,158.97173816741096,94,6,61.58293030073687,1,1,0,0,3,3,16.295471589319625,22.18545719676771,LOW
43033,647.9548264796083,6934,40,2,9,12,14,9,1390,37.37203315505734,128.27801499841604,54,46,363.9217315800762,3,7,8,4,1,2,20.811590155733008,7.181260178862607,LOW
2328,23.865058553870952,548,13,0,0,9,8,8,322,138.7346274451198,69.86073435544388,54,46,375.3348810485836,4,6,9,4,6,3,48.09796175054933,9.629244031038056,LOW
2417,28.27867068281284,258,4,0,0,11,14,13,53,66.75450748031886,112.9572329224818,88,12,5.0192796755635705,0,0,0,3,0,1,33.109085800141656,1.7034423334664175,LOW
21118,2916.2379187663664,1364,0,0,0,12,14,9,0,147.9009993220066,27.336519847808518,71,29,290.97429496619264,3,4,6,2,1,0,29.41086700045411,8.136635702800923,LOW
32754,362.4703328148453,4093,76,3,5,11,10,13,2049,85.33846560173056,138.9996306133273,80,20,123.68309461173067,2,2,3,2,9,2,2.105314666769611,5.92636123362833,LOW
40256,506.9779409116237,6786,643,240,291,6,4,1,1632,139.97076530549208,147.76824359055365,25,75,149.88174798687584,7,6,4,9,6,10,63.73238831900678,100.0,CRITICAL
47862,604.8089649023286,4403,27,2,8,13,14,14,1810,5.775603360662313,193.35600835288457,82,18,187.64118998059595,2,4,3,0,9,1,63.74159197333027,5.530277558340772,LOW
20628,425.2354426940715,2861,0,0,0,13,13,12,0,113.49462689623051,59.475498161563614,90,10,170.7163880698078,0,2,3,1,0,0,33.459435417817225,8.801113321411908,LOW
46245,1080.2255741518898,6936,0,0,0,13,9,14,0,135.94234469986475,13.506719618174301,78,22,205.9895139928421,3,3,2,1,6,0,50.60285341673625,0.5825995916910736,LOW
509,15.069428510899948,32,0,0,0,10,11,11,24,25.25948221194834,113.66560824115862,68,32,232.94468629600652,4,4,5,2,4,1,13.214083792074751,6.2958832942461385,LOW
17144,1525.1296421565985,3357,173,92,115,7,7,7,3972,18.938248501161965,144.29019583539474,58,42,186.23820193516968,6,4,5,3,10,8,36.52248825774128,34.18759659643616,LOW
22922,859.0694527069268,6213,182,21,70,9,10,12,3187,66.56302804196355,160.1774204177677,41,59,280.625416195807,6,7,8,5,2,4,31.878893395839647,18.599873371045454,LOW
10365,364.61371550040053,911,65,11,50,6,6,7,3832,140.3834413892756,46.81039727471401,35,65,287.4406651368568,7,8,8,5,10,8,47.44787031303067,17.81607361881346,LOW
2719,53.326982345387364,542,21,11,15,5,9,6,634,83.64605122761361,59.73304511703449,61,39,176.14367897047805,5,4,4,3,1,7,34.07968193181059,1.9625579876251553,LOW
40309,530.3312070657407,8714,291,113,128,0,2,3,8703,81.48118723965116,107.39227580078631,49,51,56.98525923484343,5,4,2,6,6,10,36.1380512108308,57.19381939664229,MEDIUM
5787,115.71238246790679,896,51,14,18,7,9,8,35,25.46328715340167,72.81415389430035,46,54,256.2555685280491,4,6,6,6,8,5,21.643440676455025,14.810638627970658,LOW
34887,3324.0838241932524,7859,0,0,0,12,13,13,0,5.114479108516724,173.49718245161455,50,50,309.1826849402836,2,4,7,8,8,0,3.962256533777489,8.05764407191471,LOW
9012,93.88474925261936,1375,35,12,19,7,10,5,3912,122.47031315809188,100.01442921035685,33,67,255.2438084815799,6,7,7,7,9,9,66.06734176974342,14.646722626863674,LOW
1842,19.479940514103916,324,13,4,5,13,8,11,173,17.698311633004543,161.91994237938056,36,64,235.22190633872623,7,5,6,7,9,4,1.374561080780825,2.010217821277312,LOW
43836,550.751904885276,2272,0,0,0,13,14,14,0,96.90822371662198,120.31775449164721,85,15,91.76479649384252,0,1,0,3,7,0,20.61469664213488,0.0,LOW
19716,198.7977943392596,4395,33,9,15,8,10,10,3071,137.61938590470277,156.8871269072513,55,45,258.0548163277033,5,6,7,3,1,6,32.50417092689254,11.688984605471179,LOW
28034,494.2017444852738,6036,338,121,268,4,7,2,9189,35.254527407972496,73.20786744076153,35,65,133.94248583048477,6,5,3,8,0,9,23.315103331906784,59.92958477335803,MEDIUM
14731,152.7114129472298,877,122,31,83,5,5,6,5,101.46456125435206,167.96915816675912,8,92,367.823545125314,10,10,8,8,7,10,39.962127709523834,29.014909149273098,LOW
32793,2691.816696802534,4658,254,188,193,4,7,8,10183,16.41129362258887,62.1687399546941,43,57,261.4880371039923,5,6,7,6,1,7,33.50533058469191,61.43997826240557,HIGH
27114,682.2904986334967,7992,254,61,66,9,5,8,8411,92.54449585645388,113.75877352062525,52,48,111.27187068332107,4,4,3,6,3,7,18.766550864245925,39.059764292146575,MEDIUM
36758,1391.7569638546513,5704,44,2,5,8,8,10,5969,28.770099538214396,50.6613515030361,56,44,189.17076374557206,6,6,3,2,3,6,6.793439359738954,9.366292194035442,LOW
28753,1218.1336136128555,5045,18,3,11,13,11,12,175,111.71326627470081,100.35003910897673,54,46,338.63251035401777,5,5,8,4,1,1,10.333771846768117,1.3842832486324885,LOW
42578,2317.0086472608905,11814,166,81,104,7,9,11,5720,48.67853774511669,70.4532898066536,77,23,134.185580473059,2,3,2,2,3,4,35.27188495187651,29.56466669641742,LOW
41252,643.2629485431208,9459,75,4,12,11,7,11,852,72.19169627667371,60.673651821070706,82,18,210.17622806095244,3,3,4,0,6,3,60.98510567998036,8.42484535587829,LOW
18488,233.35898411047395,3614,14,2,8,11,11,10,1876,91.91742859400514,193.72715342532712,53,47,271.867989300609,5,4,3,5,5,4,7.695680772421582,4.105671490029711,LOW
31537,526.157311325518,7866,75,17,34,4,4,4,1328,29.83464454660474,40.414080042478815,12,88,301.8117355306967,7,9,6,10,9,9,48.920256542051014,28.902843663055293,LOW
12719,670.7817719065175,3384,165,8,14,7,3,5,2996,112.53748369955503,159.5919091169051,65,35,69.55687002589795,5,4,1,2,5,8,57.13451692796105,19.231819814117948,LOW
735,8.957214696600976,120,4,0,1,11,9,8,35,48.88284939233811,196.99134230181085,45,55,226.06092187091562,4,5,2,7,3,3,20.289217899503065,8.734079372464805,LOW
43429,663.8926415494952,7329,118,57,87,7,7,8,12631,101.04391968734926,13.781281910614787,16,84,364.87996019848055,8,8,7,9,1,7,48.27912373891081,29.500196447666006,LOW
2408,57.50345857229235,352,9,0,3,1,7,8,674,27.95104235140918,142.81520866799806,29,71,387.3439126038776,8,9,10,5,4,7,49.596043044828555,8.331571605943234,LOW
9067,131.32514048153163,2644,12,6,7,13,14,13,452,104.77706058492079,58.05324305569455,77,23,262.4580170237433,1,4,5,2,10,1,51.10718026838948,0.0,LOW
36798,1239.3665901488669,8253,351,7,8,9,9,9,2368,23.587270557516952,17.692686622377845,33,67,393.46432166399427,6,7,9,7,2,5,64.19285004936336,40.01307954941582,MEDIUM
5756,152.3022895987792,407,15,6,8,9,11,12,71,66.67669195914763,86.54902000175986,45,55,228.2940995904563,5,4,4,7,2,4,28.994613611114026,12.140893397665527,LOW
19519,211.79205034205575,5186,33,13,24,12,14,14,432,40.84488069213714,187.69138393246627,59,41,177.0420119123733,3,4,4,5,3,1,17.92377334350698,5.062440005660393,LOW
8662,265.7224100161818,1473,82,12,32,2,4,5,325,113.51441116708648,12.23536792972956,48,52,220.63498357929836,6,6,5,4,10,9,39.38490805393978,21.35587584788502,LOW
5915,119.13661189792349,397,34,7,9,7,14,8,158,42.99507565349681,121.69828146665851,86,14,46.284957705408836,0,2,0,2,10,3,4.972208686332201,6.834440340717568,LOW
36659,409.3077831346219,6870,78,37,40,9,9,5,6568,132.84900942733248,105.26533093311163,70,30,160.6863678741551,6,4,1,0,4,6,24.375346509332317,18.74168119380927,LOW
44425,615.0191062329732,6854,0,0,0,13,13,14,0,134.31393065395886,175.94299123049902,66,34,183.3620212122115,3,3,3,4,10,0,63.65059656003941,0.0,LOW
6451,591.3299812859324,1738,48,3,6,6,8,6,111,33.483990707303946,25.960325758918877,28,72,339.45111948839127,8,8,9,6,1,8,38.54211555746123,12.892040603701862,LOW
22352,1176.8057314413174,2257,384,56,124,4,5,4,4454,94.00766202612002,139.48994567846356,35,65,303.4594370969789,7,8,9,5,5,9,31.72228425313086,55.03890944947259,MEDIUM
8507,1480.7784813782544,2183,0,0,0,11,14,13,0,17.719058049394825,139.22084270232267,74,26,240.5706340899203,3,3,5,2,5,0,19.496399615123718,5.876637107544172,LOW
42332,651.8876507576998,8018,187,38,74,6,8,11,2269,61.77287944223623,137.12520320383382,85,15,138.91089395050798,3,2,3,0,7,4,18.401861456491496,22.13141301032753,LOW
31023,652.7176260329957,1974,303,124,130,6,6,4,8116,108.43165077768448,189.04355403765703,64,36,74.81383427706282,4,4,1,3,1,6,17.417759527262824,45.7389968802937,MEDIUM
23825,1341.7915792728854,6979,245,75,185,6,4,8,1343,100.61637079323786,166.3866305113073,39,61,139.10600836585115,7,4,4,7,7,7,59.79020727057154,45.207901038298175,MEDIUM
21704,226.0745223133945,3866,27,4,8,10,10,12,275,95.58159706395816,17.974817986266142,82,18,271.9216283836528,3,3,6,0,7,1,70.92895661178588,0.0,LOW
16024,289.672339896728,1966,42,18,19,12,10,11,377,45.96842523105432,99.5057416338575,84,16,105.21511963401325,3,1,3,1,3,3,38.738087979027526,0.01894713138892179,LOW
19782,707.0084668358919,3310,31,12,21,14,14,13,115,59.81361766798829,85.61108067825336,87,13,170.75467828366638,1,2,4,1,6,1,6.208089327856146,0.0,LOW
24430,464.8256617270153,6460,139,31,35,10,10,9,3221,19.927190981541496,68.9279720072524,56,44,154.7080939526728,4,4,3,5,6,3,54.1992917843661,31.05788198059095,LOW
577,8.294528308667669,72,0,0,0,6,8,7,40,109.25830896287215,95.75397777927849,34,66,306.2360255164241,6,8,6,6,0,5,63.20939127455289,17.188384164534675,LOW
40845,3336.2668555921296,4009,248,144,150,9,8,7,7377,78.06387553473466,82.99689513593572,19,81,353.5148249040577,8,7,10,9,0,5,67.08281422575011,53.736342011341925,MEDIUM
21111,678.8787790995696,1736,36,3,9,13,9,14,451,107.77101669011992,92.14344097694641,62,38,279.74838272439075,3,3,8,5,7,1,45.45743724052904,4.981369760255415,LOW
17484,214.10276014466143,2176,234,29,30,7,1,6,5558,41.09681109554655,196.05975446564207,39,61,136.64090437321366,5,6,5,7,10,10,36.74197957800559,33.23676377494732,LOW
14560,299.16888568950213,3567,70,9,28,6,10,5,2027,52.0435431520846,26.840265202420344,71,29,173.2708195903549,3,4,3,2,0,3,44.867702984348526,17.145244895720026,LOW
17949,315.310567904227,3013,96,14,27,11,9,10,2273,53.461223902716625,185.22386526935867,64,36,57.34006162148857,1,3,1,6,2,3,1.4259763093280342,13.460307655804893,LOW
19020,412.4246037825158,2032,0,0,0,14,14,14,0,8.73264941334635,101.24497555949507,91,9,67.23897910664394,1,2,0,0,5,0,47.36252108386062,0.204307418730596,LOW
43803,4776.514478689173,4010,64,26,49,12,12,11,1851,54.45194156044042,128.51102664491282,89,11,65.717027010606,0,1,2,2,7,1,51.23971711777168,11.47494892818919,LOW
10010,482.49732324818285,1333,38,6,15,11,14,13,452,121.47916316011487,167.73476365736184,75,25,52.234543024524086,1,2,1,4,4,2,52.12516985610902,9.406009686497573,LOW
29787,629.3942694780334,8488,518,344,354,4,4,0,5214,135.1082818837121,78.48797553835855,34,66,71.83249140365207,6,4,1,9,4,10,40.75963233502305,100.0,CRITICAL
28673,1152.7937509751873,3892,189,12,29,11,11,10,3855,80.14165576720949,91.7801625367137,69,31,81.07528103134305,2,3,1,4,3,4,50.55317254947741,20.318449489660228,LOW
40211,4125.048024581198,11943,106,57,79,2,5,2,19104,71.04774580678693,87.80851125295565,58,42,44.73837751905316,5,5,3,3,3,10,46.17651593720875,30.53528268516315,LOW
12454,146.26517944683064,2133,48,9,30,5,8,7,410,9.469569711408687,81.19889428179437,46,54,256.1042887536908,6,4,6,6,6,7,8.760282018724395,8.07834742807517,LOW
8304,84.55067513898932,787,48,26,31,7,9,12,1594,132.4846289498805,185.85057111291005,17,83,396.16061383287985,9,8,7,8,5,5,64.73322401227418,15.725597689279205,LOW
7065,87.92937738159152,1927,20,3,6,13,13,13,143,6.886480946751544,167.4966793266723,32,68,351.6746978609024,5,7,8,8,7,2,45.02501679968411,7.236272917646073,LOW
6484,75.299414264689,1070,21,7,8,10,7,10,616,141.9887616304807,30.70999807396546,80,20,18.241089530434486,3,1,0,2,10,5,52.53729748953641,8.169039564593195,LOW
22026,786.9849881826055,5009,36,9,17,8,8,9,5774,75.93635605977315,30.543436970648248,62,38,169.2235236786899,4,2,3,5,5,6,25.01645767409774,9.313516296594987,LOW
37938,394.1218819846574,11226,131,29,82,9,9,8,5176,54.58050156833536,91.29520782206832,37,63,343.72423169310895,6,7,9,6,10,5,66.2256254103796,23.082120692330708,LOW
19074,804.5405232511839,1192,268,86,182,3,4,9,579,139.0116730521857,28.74490157923372,39,61,53.86992719679857,6,5,2,7,9,9,36.43702728249142,45.690636911640674,MEDIUM
9684,101.52451153947491,718,85,3,5,9,8,8,1229,8.536694000964026,127.62768810151273,38,62,339.0580586608171,7,7,7,5,6,5,49.04892840359401,8.445081241189289,LOW
19596,196.9292207822679,4509,0,0,0,14,14,14,0,89.30660975601764,37.301405379729445,75,25,237.08025513515972,0,3,5,4,9,0,68.5810173327498,9.708934434716308,LOW
2692,37.07291103802469,324,4,1,2,11,12,11,142,84.59521605240396,109.2509201536922,60,40,372.5194210384447,7,5,8,1,9,2,65.99991626269949,3.6529349242004474,LOW
34516,351.455787360293,3316,167,20,79,3,7,9,1728,36.8014581756504,11.371789930706374,26,74,350.4156457057701,8,6,10,8,4,6,46.60311210781761,28.897094025812027,LOW
11746,198.72677128431638,702,30,2,4,12,12,10,784,67.18867754578054,70.15330619840287,53,47,270.813728823487,4,5,7,5,5,3,12.350509494627,12.031528472988528,LOW
46058,1553.050680986167,2554,112,69,73,12,12,13,6386,99.57828086184668,138.66623749780453,50,50,263.1290639490782,5,5,7,5,0,3,68.46564281461352,29.36113761635864,LOW
18881,405.9154822496452,4599,154,19,67,8,10,9,3728,110.43402354787949,101.9673986432912,76,24,85.26568095676326,4,4,1,0,2,6,70.8657023577342,19.785371934686996,LOW
36955,601.9877844076341,3089,230,41,150,4,5,10,10789,5.103944512454069,195.87120233980775,61,39,46.70118686320342,5,4,0,3,7,8,7.892863719814105,27.519037211000523,LOW
27227,2279.793486811379,4545,37,18,24,2,4,6,10699,140.84374736319722,176.07972125258004,39,61,166.15737198751935,6,5,5,7,2,10,32.69628427145871,18.995220514485226,LOW
4518,70.45876626406366,910,4,0,0,13,13,10,20,28.856178996957798,78.22344801819872,94,6,74.63201579724989,1,1,3,0,0,1,39.700272815001625,0.0,LOW
11802,120.16874392857905,1853,49,16,23,6,9,3,2745,38.86916296224208,18.642442879732172,79,21,40.96668707110358,4,3,0,0,2,8,7.083830143528052,8.269773284347984,LOW
2470,107.11082891674886,140,0,0,0,7,11,14,92,43.203649625607994,170.66899702185358,91,9,120.9306933091574,3,0,5,0,3,2,14.062116386365686,2.7798359602897564,LOW
41657,518.7895026431929,10242,207,154,156,6,8,9,1449,10.48391980004512,183.13451895978756,32,68,344.1959771186594,6,6,8,8,7,5,38.94593546217517,50.87160700385951,MEDIUM
27702,303.58227941520977,1457,40,8,9,7,10,10,842,22.842557920597113,165.919204749617,83,17,6.859261607344491,2,1,0,2,8,3,69.36089552132184,2.492565688772717,LOW
31610,333.9614212733242,7601,0,0,0,12,11,13,0,148.02073882690348,34.31048877475533,85,15,117.05507268887025,0,1,1,3,3,0,2.4884132789061972,1.6108026143731957,LOW
18086,187.97898519792295,4943,90,26,64,6,7,7,1168,50.70642691970648,199.60387553833468,36,64,169.6208740857969,6,6,2,7,6,8,65.73967980221647,26.684023435098112,LOW
25019,458.73876246746187,3958,311,15,37,3,3,7,3908,21.718658099162155,59.13100209502703,35,65,204.2278998461146,8,7,2,5,0,10,64.75048415853144,44.88548067502424,MEDIUM
31773,324.73037088129183,5842,314,155,172,5,8,7,2262,20.513732870320382,147.5989334335903,61,39,72.6310033531957,2,3,2,6,8,5,61.788272415838776,53.981833617028876,MEDIUM
22451,291.7818537709126,3799,179,28,42,5,6,8,382,109.32169531214592,182.5266265037871,31,69,385.68807993521244,7,8,9,6,10,7,27.49489139949346,25.83050066608105,LOW
15874,779.7124865386546,2338,21,7,9,14,13,14,366,128.9124562847329,54.780551722834794,81,19,231.5492174288758,2,3,6,1,3,1,35.59388291037219,6.762657788467612,LOW
6288,124.99624764152647,1709,69,19,34,5,6,8,1444,42.258083428728135,182.56912538864256,53,47,208.84421882281762,4,5,6,5,8,6,29.35701671179989,16.10181706558177,LOW
5908,80.66469273099081,1615,23,1,7,6,10,9,32,8.03187928860907,68.80150004702472,90,10,3.529035572136463,1,1,0,1,2,5,68.25241232966124,3.4436538679812956,LOW
25553,896.6804959439257,3422,10,3,7,10,13,14,143,37.34805267457659,195.51851225297068,69,31,194.28615175840284,3,2,6,4,10,1,37.77656931383429,0.0,LOW
9946,151.02088102816163,2026,6,0,0,14,13,12,358,13.194775165529814,63.43940387229017,57,43,335.0682517820736,4,5,7,4,4,1,6.263801519693575,4.879142474894357,LOW
1422,20.81167112375392,400,3,0,0,10,11,11,126,19.99226581135602,191.1528067039887,85,15,87.85781722049708,1,0,1,3,0,3,20.09527886824918,3.9471718653589964,LOW
33687,1646.7646019242577,9786,133,34,45,8,10,8,3614,67.56867737790814,20.17348366960823,71,29,140.4830273545652,5,2,2,2,10,3,33.535374723404935,18.42674434590284,LOW
11289,192.3722349214432,2000,2,0,1,11,11,13,259,38.338163774936724,144.76168221726448,100,0,8.22858587507822,0,0,1,0,2,2,68.6792491607223,3.8050430089450136,LOW
32684,417.3958891149003,5334,393,89,128,6,6,8,9194,79.8121523861864,111.1011154290307,36,64,390.7710056935181,9,7,10,4,4,7,41.18000297949486,57.41281040795008,MEDIUM
1620,30.91892881165243,193,2,0,0,6,5,6,233,41.756594222292605,100.79664465331882,77,23,26.660718851216323,3,2,0,2,5,6,50.26919255651241,5.447279153395876,LOW
44528,7240.565267748772,12900,80,45,60,14,13,8,1358,141.3779086599274,52.463919708609595,49,51,359.2884495638278,5,4,7,6,7,1,6.8291690843686546,14.729971420992154,LOW
32654,5573.634637691173,2798,124,24,41,11,9,7,300,136.36187534930835,144.06320005753346,86,14,125.19508567218188,0,2,4,2,0,2,63.228669283619475,17.48399978843425,LOW
17834,458.2480419479352,3476,317,38,86,6,7,3,1645,87.18688522651757,46.25380337479835,23,77,235.02256079435142,8,7,4,8,2,9,39.03980287398579,47.848481647761304,MEDIUM
2836,30.498415789246152,342,37,11,13,6,6,6,877,56.391478838171,115.03994123710596,31,69,271.72621598640137,7,8,6,6,0,8,66.36783149665352,14.212391056071617,LOW
38641,1445.9128428185118,4627,57,4,9,11,10,11,1730,60.26629789503666,58.116618977647654,55,45,56.3316669724458,3,4,0,6,4,4,32.35158300542475,6.690502243068341,LOW
2743,42.02894192006461,414,3,0,0,11,14,13,12,64.71858105595206,191.56806215845765,80,20,177.50375111213418,3,1,4,2,7,1,49.34050578156162,2.9126384511076155,LOW
19529,748.317605953207,5852,18,1,2,10,11,14,1166,110.49900170956688,15.439926828774038,73,27,130.18644009865693,4,1,2,3,3,2,34.16495945147814,0.0,LOW
32765,921.4354567781837,2088,413,46,55,5,6,5,6283,70.4876543502315,47.94837322113494,88,12,22.640986242186134,2,2,1,0,10,7,10.692891960273197,40.259708121064705,MEDIUM
37880,442.709558443848,7372,79,11,12,10,9,8,3454,129.22584224335512,56.039015213615066,66,34,333.2774617572723,4,6,7,1,8,3,19.951573423806916,10.143039102691995,LOW
47214,635.9487035598354,3335,34,8,11,12,12,13,1459,141.89374395990285,88.67288689588511,89,11,18.06710259899109,0,1,0,2,5,1,5.308896552544394,5.5926833923635995,LOW
44372,3155.2454401015925,3932,81,9,40,8,14,8,1109,53.71219223994541,54.21874595531017,57,43,261.30318379354674,2,3,5,7,5,1,31.979043518192277,12.822306441728804,LOW
46697,1021.2197288713178,7466,29,5,14,6,6,3,5764,86.30069979947362,103.3563271510692,70,30,125.63095056793881,5,1,4,3,10,5,46.92792035748629,13.156214323891403,LOW
24210,3115.3780266451176,4300,79,0,0,8,7,5,7830,18.78319784072184,175.76844941912242,59,41,76.85173088074664,3,4,1,5,4,7,17.925356220389922,8.28386444041498,LOW
29986,591.6199662488788,3439,162,41,119,9,9,9,4802,34.068011926122054,145.29205006774245,39,61,266.8344205342181,5,6,6,7,9,6,35.56274616177219,22.692696184068446,LOW
6871,101.1464077356689,887,29,4,19,11,10,12,636,64.95253617297323,120.1927763016711,63,37,229.81508581048234,2,5,4,4,4,3,33.31659339802865,0.20153549972181573,LOW
6859,421.891117766453,492,9,3,6,13,11,11,91,34.89939380575794,26.910603816709134,88,12,126.10250294993195,2,2,3,0,10,1,38.63956509958885,7.570350577144033,LOW
41131,1267.7509640067285,5174,451,28,129,7,6,3,14331,132.10127116436405,141.85850059396236,36,64,205.1842993036957,6,6,3,7,6,8,13.697803692436116,44.374370567356806,MEDIUM
36496,852.8202817823458,10643,194,59,103,9,11,12,133,27.951507128569222,41.61871401907857,75,25,98.49484048248378,3,0,2,4,7,3,38.67986232109002,20.24316857509163,LOW
20603,223.08375513176733,5896,54,6,7,6,4,8,4592,71.07081912519833,159.40980333272262,20,80,345.4785836010769,9,7,7,8,6,8,26.540697310282745,21.92089141719005,LOW
14882,149.7797489920586,1990,65,33,42,9,11,13,1142,92.82638986668198,57.5107841169291,77,23,125.52751213086464,1,4,2,2,0,4,20.951992200571944,7.013130757457362,LOW
19255,2077.8986103402513,3710,284,34,36,7,9,6,5814,105.32026668332244,89.23925838097117,43,57,98.06121182061256,6,5,2,6,0,10,42.39771400268852,38.56727312608225,MEDIUM
36159,467.8006063973715,10030,473,46,123,7,2,4,6511,60.545058610343474,76.58933844040631,17,83,300.73348442386043,7,10,6,8,9,10,11.084631450363398,65.96531311749158,HIGH
4256,105.57182516820366,219,24,5,9,9,6,5,916,131.01936496508563,173.1746437882228,72,28,7.036995197565954,3,1,0,4,5,6,64.89709351843452,10.697381369469188,LOW
21109,499.22513925188287,5333,11,2,5,8,13,11,85,87.4062769062992,34.04344715554755,63,37,107.20469283443012,2,5,3,4,2,4,67.34197612876463,7.804295016254925,LOW
49038,639.7219968488378,14078,10,2,4,12,13,14,995,68.72862816489501,117.47252765310984,49,51,150.15808826046927,4,5,4,6,8,1,47.73359282036268,6.486569589044118,LOW
16978,184.0423408613528,1236,27,1,2,6,9,10,3528,14.74989193754531,36.991705794181826,19,81,352.8951847165527,9,6,10,9,10,5,22.175560306666927,16.632213398226313,LOW
35942,376.9946756701822,3247,162,12,54,9,7,8,2697,72.37997292454892,143.91120886511547,26,74,380.17672101933766,7,7,8,8,6,6,45.2594197068886,21.111430549475173,LOW
40166,671.3730904973179,11655,129,36,95,2,8,4,1059,124.00669691828088,181.9648442809514,17,83,286.59118676557995,8,9,7,8,1,10,43.50892785676256,32.99087047630126,LOW
10647,273.5154002625108,1963,48,25,33,5,11,14,1321,94.10844764209074,92.57545423477815,82,18,197.0127124038639,2,4,6,0,2,5,28.474445186497558,12.552453928704598,LOW
34061,426.7377923865783,1823,29,10,13,10,11,12,3326,125.66355579072216,102.73752945034542,66,34,256.24861962307546,2,4,5,4,7,2,21.038178187191633,5.21684121282,LOW
35384,1226.6888126511726,4048,503,150,230,7,5,2,1021,76.63169223689931,186.21033893172483,39,61,165.60042067253323,6,5,1,7,0,9,12.54438609032466,74.36567856117851,HIGH
6279,107.17388654845594,1020,77,2,6,4,3,7,153,22.176947238699867,108.98836384337785,79,21,119.53033273946714,4,3,3,0,4,7,16.04294456183402,15.178940614736575,LOW
12798,327.60822016644823,2856,21,1,3,11,10,13,761,6.977777646202755,102.64370322941657,36,64,380.2752272558514,6,6,10,7,9,2,47.191639533722096,0.0,LOW
14653,217.46824633402946,3418,62,3,12,9,11,11,732,48.966834274195726,119.88252951381779,87,13,46.156091603969514,1,2,0,1,0,4,63.84144467120405,13.010316741482317,LOW
44379,1594.1937150852143,13262,678,254,264,1,4,5,7282,106.20861836717991,140.95364990896087,73,27,138.5574272200436,6,3,3,0,8,8,28.02435792788509,90.07089389830728,CRITICAL
11289,486.56693713296085,1375,126,65,73,3,0,7,4687,119.58768607154559,30.307841266535963,16,84,359.63558398423726,6,10,7,9,6,10,9.215813141880977,35.468485284728445,MEDIUM
44665,484.2641882018752,8243,355,32,130,8,10,12,1776,47.88416101994777,166.01100027088805,28,72,289.25657223496677,5,7,7,9,4,4,1.4156505680643328,32.29190897000095,LOW
13499,920.0925688652758,2474,29,0,2,7,7,5,2912,76.86981852807084,92.74595521611926,70,30,11.640580529190636,3,3,0,3,5,6,29.522254336960557,10.280730170787946,LOW
1314,24.761617032071328,198,22,4,7,4,2,2,331,66.06224114294184,23.74621688052225,70,30,9.23986936969885,6,4,1,0,10,10,17.12853700982823,14.403344683841649,LOW
49997,1924.3667420325212,4614,313,15,40,7,8,9,13573,64.52580373095704,159.3747071476605,53,47,206.60498504982985,5,4,3,5,2,6,23.562723041132095,23.49451551075959,LOW
11041,1269.3217015175278,3250,6,2,3,10,14,9,2148,38.54556341402182,81.6204946203917,49,51,193.70122249200867,5,4,5,6,2,4,17.779396027164385,5.550645891456739,LOW
25438,3020.4988290278284,6698,49,4,6,12,11,14,616,24.773810229271465,29.06982406806025,78,22,177.1966154625273,2,4,5,1,6,1,47.98655569334546,13.831635479973215,LOW
2943,135.96002527603184,513,22,3,8,10,8,11,344,33.51984094352591,130.4180175132176,67,33,120.93750473560357,3,4,3,3,6,4,46.15377251040266,11.741016654748321,LOW
10957,125.4476827909705,2200,54,5,29,12,5,9,2451,13.023196138685185,177.2249571523919,27,73,394.65548792545565,7,8,7,7,6,6,65.72977350252317,17.394872344955594,LOW
10880,341.7570512004556,1162,124,18,22,8,10,11,1040,33.72895756441867,178.6731667886574,50,50,108.79492919335259,6,4,3,5,1,6,50.531761411394164,20.185441432159475,LOW
8283,86.92082319142206,1540,9,0,0,9,13,11,281,6.334130155680021,191.95606021370492,64,36,196.01608257622476,3,5,4,3,1,3,12.293308712530836,3.546548534023578,LOW
44741,742.5384622388987,10010,0,0,0,12,14,10,0,95.95246809221685,174.86403735567072,68,32,161.9572387292265,1,3,2,5,10,0,54.23900169552528,3.566418860875632,LOW
17868,384.4370714127611,3194,41,0,1,9,9,12,1932,50.87443407121402,10.406774675640293,55,45,68.09977038469684,4,3,2,6,4,5,13.460652172499412,6.9777301020980325,LOW
15828,263.3240886972381,4709,18,2,8,11,10,8,2,146.10598315690174,82.24582161854414,91,9,81.04752765011143,2,1,2,0,3,2,40.43996334497884,5.630924522158424,LOW
26715,493.9324188284334,5418,422,188,254,5,6,9,11189,33.08897236256319,165.5230901820456,3,97,367.32109680390914,9,10,8,10,6,10,6.0110919782055925,83.5268945093276,CRITICAL
34095,442.3111564572764,4866,111,16,29,11,8,9,4089,55.14514269489111,79.5880711397101,56,44,343.31188914238203,6,6,9,2,2,4,3.883741573186879,5.38406453396432,LOW
27806,873.3828476364079,6757,9,1,3,10,9,14,703,56.88696800302232,124.29421621214416,94,6,79.61772232814096,1,1,2,0,4,3,33.692444472630015,0.7042079591656893,LOW
20415,529.7123176363921,1890,18,4,13,13,11,11,30,6.225466929056778,125.20022000116109,46,54,350.2650495638054,5,5,8,6,1,1,8.006324643138996,7.807932512806174,LOW
40415,449.3603280035478,5905,129,31,48,9,8,9,3534,126.68515319072155,79.35480776737639,70,30,83.67445203233702,4,2,2,3,0,6,22.426662249068812,20.425873959850076,LOW
37719,397.4045015685184,5157,210,130,167,10,14,8,6999,9.639196720927085,181.85004618344465,53,47,250.61852869907884,4,5,7,5,8,4,24.726586549404956,43.607530991759596,MEDIUM
15843,176.4390812484966,2502,44,2,5,10,4,9,4436,141.32607603574,105.61338562336235,73,27,32.51220932827752,3,2,1,3,3,6,55.51402471187013,10.516226958976254,LOW
46903,1045.8317152675675,11512,637,284,361,2,7,5,5834,134.350780908575,98.30899912812515,24,76,352.14785050364725,7,9,6,7,7,8,24.286627520348308,100.0,CRITICAL
39227,495.6989627202108,6709,71,12,37,9,9,11,4918,82.65067783246471,199.52761167576023,92,8,20.600119786186788,0,0,0,2,6,3,35.842463221910975,13.779438580669368,LOW
626,12.457241745620967,155,2,0,1,14,9,7,55,83.82135836213735,103.76506917379716,46,54,221.97715570045466,5,5,6,6,0,4,55.739893995035764,11.707772054880175,LOW
28132,538.2437165101794,5461,149,8,11,4,3,6,7363,99.79779882864267,43.8956678664304,34,66,311.884610072154,7,7,7,6,9,8,15.150228939766562,20.8640854563508,LOW
42063,1720.7474113831395,5700,501,81,112,5,5,4,6330,61.12225173055861,107.48319034405323,56,44,46.73389456427248,5,3,0,5,10,9,58.050163545014684,58.609516881727075,MEDIUM
44909,734.3185871298429,11339,131,5,13,5,3,3,11585,98.84723109268904,164.66317974878672,43,57,161.7921070000754,6,5,5,6,6,10,59.973327982780596,24.686222481790974,LOW
21030,927.1297084154654,2304,63,13,47,9,10,9,926,11.491416359830597,157.60346211067346,87,13,16.780060596020043,2,1,0,1,1,3,71.20254585459666,16.02487734361717,LOW
40464,1108.6438533616374,4293,119,9,40,10,9,8,494,12.836905965710352,159.83053537060948,67,33,273.10103093598366,3,4,6,3,2,4,32.24940903879788,18.490552810691298,LOW
44827,519.8667256869785,7895,319,201,232,10,12,9,1249,71.29841084483394,144.52451895960323,78,22,122.97983798454078,2,4,3,1,0,4,27.001426999221188,50.689190429295884,MEDIUM
3868,156.77563030620678,445,6,0,1,9,3,10,393,84.69523366037507,58.30138752267076,51,49,223.758097855388,5,6,5,4,6,7,50.693376846127585,11.425428884998505,LOW
4297,365.39000400896197,224,21,0,2,9,11,12,629,133.73355784869375,173.79597630964398,34,66,373.0929081681447,7,7,10,6,2,3,4.657804884860987,5.6594244985827835,LOW
48382,4186.843793771908,10260,60,5,14,8,9,9,7008,20.175791916644958,179.75425842149036,80,20,122.34324319793694,3,1,2,2,5,3,3.342233074384657,3.3577027112176827,LOW
14218,150.65505579940304,2527,22,5,10,7,4,11,3530,124.28394944311395,46.88901235752432,85,15,19.45098865411108,2,3,1,0,6,6,24.45184673779804,11.253137434461788,LOW
35060,659.55017661715,5657,169,94,114,6,4,5,4075,35.45686390735009,34.78657094476485,27,73,270.25110707948016,7,8,6,7,2,10,52.66032880462711,54.94396608578959,MEDIUM
11553,263.20137959823023,3370,13,1,4,9,11,11,1020,62.14212903395462,195.3649440319313,51,49,314.736453805667,6,5,8,4,1,4,8.82649272298441,6.875491114870687,LOW
22616,275.6923646469474,4360,123,57,90,7,11,9,2486,50.90735304997487,174.98155309356991,41,59,383.1474239510304,6,7,8,5,8,5,45.94159964718916,25.86642391689118,LOW
36744,435.3375872035817,9768,363,19,70,9,9,9,3554,63.02251456548285,179.71486796988987,73,27,63.12035081026632,4,1,0,3,8,5,19.769626468924443,25.38349987082759,LOW
36685,1003.4698654185388,3113,30,9,16,7,8,8,411,26.821847220524905,178.41151307863507,60,40,156.85597004645993,4,4,3,4,6,5,47.09473909701327,9.786279228152166,LOW
2145,30.256560628564362,412,18,3,10,4,4,7,515,78.01766078851547,112.92049656640839,7,93,337.6561840101899,10,9,7,9,4,9,33.173792858086756,9.343115886047379,LOW
48023,613.6601714654086,12821,160,12,35,9,7,11,699,121.23817552554826,132.81632996650194,46,54,322.7485573075518,5,5,9,6,3,4,8.733344783571125,14.054140292519225,LOW
19756,294.02390642115944,3867,58,0,1,7,13,6,3168,69.02243150494006,113.61894190539192,65,35,249.918282933545,4,5,6,2,3,4,18.18072125555256,8.402399944547653,LOW
36340,1873.0479531945846,8340,212,49,61,6,5,3,10048,76.13896850523886,19.729206346162524,55,45,107.74741808107757,4,7,2,3,0,8,16.209533403354897,34.194701645649005,LOW
35122,398.1684706805149,5022,442,11,15,10,5,5,4336,128.07129986579056,151.64558621702682,61,39,113.61411626031104,6,3,2,3,3,7,12.26779837869136,31.65585562627683,LOW
37930,674.7431565323803,2773,15,5,10,11,9,9,3681,107.37842662251447,106.01308633381726,84,16,49.60119784965702,2,2,0,1,6,3,33.98669956094155,6.299486022501713,LOW
39782,1249.6355999691577,6543,375,84,286,9,12,7,2781,76.11588923536878,133.06472421014365,36,64,368.74146951436387,6,6,9,7,4,6,68.75858606116519,59.55328744095262,MEDIUM
3208,70.66596430458367,476,13,2,7,9,7,7,297,42.36586898743105,105.50156294535171,81,19,69.17260585577813,3,2,2,1,8,7,47.55334922080558,9.658293049198004,LOW
12194,1422.9944154323591,3252,80,27,46,4,4,7,1532,133.31437829252016,103.44415124126662,38,62,229.15464047196258,7,7,5,5,3,8,60.27414525211472,24.76406398573733,LOW
10024,584.5802570329478,1112,36,5,6,9,11,7,1597,88.66795824513096,42.639930800775694,59,41,233.74056679284516,3,4,5,5,10,4,70.64723351575037,12.387552295270197,LOW
32380,416.58657164235746,9444,43,1,2,14,14,8,682,37.066403466050545,62.955605876818304,78,22,147.84217647810755,2,4,4,1,2,2,39.1545204183401,0.0,LOW
39724,7943.044107873906,11501,33,14,21,7,9,12,3353,44.0223641325115,40.1820114693516,69,31,141.00738440218205,2,3,1,4,5,3,17.522010411575824,1.4615684044451083,LOW
37480,840.853571529205,4194,107,22,47,6,4,2,3381,121.45429789575566,47.17659616881506,37,63,267.43536742331185,7,6,7,6,3,9,66.83848700361644,31.412601730381972,LOW
32909,602.3045975585904,4508,109,44,59,10,8,9,2345,11.401106502681042,194.86570227985794,75,25,155.31911117941561,4,3,3,1,10,5,50.4773552186307,21.3554222704454,LOW
13724,1346.7749269207877,3758,205,59,127,3,6,6,1454,148.8533671191789,39.0915546967177,62,38,102.04615733520028,5,5,3,2,1,9,69.0643001291117,37.49797279471812,MEDIUM
41238,423.2037513009197,12027,146,32,47,3,6,4,13299,23.900993558644807,61.16138061798945,47,53,159.65268096001236,6,5,4,5,4,10,47.04878525836995,35.25999964076042,MEDIUM
25650,968.5858542812427,4126,155,6,17,7,8,10,2702,120.42993618255592,122.21203497033115,43,57,323.0648310662184,6,5,5,6,3,4,55.92286821709292,17.167398850308157,LOW
34893,1029.3260922628826,4544,181,47,115,10,0,4,10067,62.24242093189402,125.93392948496195,17,83,386.5913820524742,10,7,9,8,4,8,64.1804879266898,44.846544805649216,MEDIUM
43582,1286.5710270476313,7911,775,73,281,4,7,4,4792,76.3713465766827,39.25508465132752,9,91,254.38009218153792,9,8,7,10,8,10,54.786325773685824,100.0,CRITICAL
8473,315.10343731059453,1880,77,26,50,3,1,2,38,132.6943337323638,160.80631089919035,19,81,312.84049019364255,8,7,7,9,3,10,40.729172698909636,35.449714536536014,MEDIUM
9077,1765.9488072470947,1074,7,1,2,9,12,13,617,64.87212249043591,159.18854490343676,56,44,213.12994452504407,4,4,5,5,5,2,34.24234665669528,10.361584597323132,LOW
8570,115.36221480148188,2006,16,1,2,14,12,13,49,82.936594282619,55.090363798739304,66,34,249.92925683737514,4,2,5,4,3,1,59.371479446268445,2.9279396870200234,LOW
9166,94.64088260320044,576,19,1,2,9,9,11,564,12.14845104932964,64.84659750833748,41,59,395.2346626946239,7,6,10,5,0,5,55.69698561667922,8.548577896568998,LOW
36868,1401.4051577628982,2297,260,153,154,7,3,10,3381,5.340383710780707,188.21769443730443,46,54,175.3675458807646,5,5,3,6,1,6,26.699803911067676,52.480610653326785,MEDIUM
7283,107.11950811998028,1067,34,4,15,8,11,9,1087,40.495981585250256,166.87757473610083,71,29,26.501878781679977,2,1,2,5,5,4,36.13073566496399,4.1014054230713715,LOW
46494,615.9765096704355,6433,0,0,0,14,14,13,0,103.68454847322126,142.58143628187952,49,51,382.80276712774184,4,5,10,6,7,0,45.901839045827,6.768152998076249,LOW
42414,495.4882750885557,5467,161,38,63,10,11,13,781,22.58340953707482,25.6243120870141,61,39,317.22468836141906,4,5,9,3,8,2,2.528470662228541,16.89729186192153,LOW
5471,121.17447219952999,945,18,5,7,13,10,13,327,21.495484026659668,89.47017537148939,88,12,159.32414714542853,2,2,4,0,3,2,18.20116204511271,8.093184920108957,LOW
13990,414.1695602826561,1821,70,5,13,10,8,13,1486,64.58928816520597,116.26735569459713,23,77,392.9580214491075,6,9,9,8,5,3,18.390329247601947,16.905490426706,LOW
46219,1287.3283966878248,4532,811,62,245,5,4,4,8088,98.93637059819284,45.608144716917614,46,54,138.21430013945047,5,5,3,6,2,9,63.651056502913825,79.66913293482027,HIGH
45580,626.9685043099116,5805,220,23,51,8,8,10,2802,108.25043887594992,95.16305060056266,60,40,148.84807840321147,4,4,5,4,8,5,24.20137437498483,16.105951114224744,LOW
2490,30.14745033763925,731,2,0,0,9,10,6,338,30.875347744264342,124.19491672285109,65,35,243.8925412759683,5,4,7,2,7,4,39.47775222755082,6.217810640613844,LOW
5799,260.5902486603092,885,0,0,0,11,12,13,0,16.540281368946154,72.20156922192585,76,24,109.73895446214269,2,2,0,3,0,0,59.95843239080231,8.175865675228806,LOW
46265,1149.7439041755629,7456,190,13,26,9,10,8,901,141.35756992210392,158.37951560059255,29,71,279.4285940522931,8,5,9,8,1,5,19.068107596848517,29.499145711339583,LOW
20456,225.5737297830301,3971,75,20,23,6,5,3,5455,42.796625471504754,169.68542051137302,68,32,61.14012158020237,4,4,1,2,9,8,9.348631038880788,16.755166785270514,LOW
22859,280.01166614568183,6762,232,16,71,1,4,5,5583,128.73524215326495,71.48579919247345,46,54,43.21012774326141,5,5,1,6,8,10,68.30772616535397,34.0578127222631,LOW
46740,474.2214466390848,5160,0,0,0,11,14,13,0,130.20626031710864,169.34485935356685,67,33,213.95120302566224,3,4,4,3,9,0,50.88482992644265,1.8443604824962732,LOW
37648,491.14467591016285,8294,112,69,89,7,3,6,2513,117.01577580556895,29.679547559572853,43,57,222.19747295776045,7,4,4,6,2,7,13.159344246130104,27.087116630182447,LOW
29234,690.237396251811,6694,350,7,20,5,8,8,2642,29.480872964622662,169.1685287383047,56,44,42.662027851876246,4,4,0,5,2,7,59.10937611190517,26.295497520435312,LOW
5257,86.02436396311609,1061,9,1,4,13,12,14,285,124.16121159185904,39.02258201684715,50,50,385.6705044524604,4,6,10,5,9,2,56.779552853494344,7.076676304935709,LOW
19597,289.05684154683445,1413,56,6,7,4,9,10,3776,116.54133109003007,25.75615897684795,51,49,229.3146630428335,6,5,5,4,8,8,60.38418846949723,12.642880518948058,LOW
10895,874.8683295973636,2388,186,85,124,2,4,5,2104,91.52483356540148,131.93732684379214,63,37,60.413996998770436,5,2,1,4,2,10,20.249199230777393,35.70267153795234,MEDIUM
16741,295.1141025794671,1105,325,234,237,4,3,1,6244,53.89429509949815,99.66809949350592,50,50,124.5770097329196,5,5,2,5,9,10,32.57344664731143,98.63913716675131,CRITICAL
38856,536.7927475952555,7733,177,17,56,4,8,8,7680,43.0637476186489,182.49921407843823,33,67,320.0936855732651,6,7,6,7,10,7,50.097672640810124,30.8416925482445,LOW
28196,1349.3799036477697,6623,38,12,25,12,14,10,2002,22.67393575165205,79.00594725726135,84,16,209.29261114621275,2,2,5,1,4,2,28.43273155740246,3.404243424102214,LOW
5444,68.77209569572577,559,41,3,8,4,5,6,375,78.91477470062635,64.55893005314945,63,37,75.25933941862223,4,3,1,4,5,9,5.503010313463007,7.353703247529495,LOW
46663,771.8197815298608,12151,307,30,34,9,10,9,6803,89.86282694892775,105.13963216739769,97,3,41.139588824721905,1,0,2,0,2,4,10.256157410673675,23.169091162260933,LOW
20316,212.8197397781578,1169,4,0,1,13,12,10,937,57.10415362478915,96.62977529604565,75,25,172.30976489499392,5,2,3,1,9,2,43.19361561446627,6.422702677776037,LOW
37511,4153.987647848942,9788,78,10,21,12,6,7,253,73.92706481372593,75.44132878126577,70,30,134.96588347457367,4,2,2,3,7,4,27.32452627130145,9.50058894038787,LOW
25417,841.4558116838997,4195,293,29,93,5,5,6,2384,57.70959631854367,141.81084675268244,12,88,262.3669409927894,7,9,7,10,1,8,0.8846794243941045,45.769445155139735,MEDIUM
31695,509.9954068702355,3308,82,19,24,12,10,12,122,97.94587831150169,154.31674844364258,30,70,370.09879478046616,7,7,9,7,5,3,55.33009867879101,15.819380469055957,LOW
22066,665.1756703560554,1841,80,10,26,11,8,13,2520,135.68258513050168,172.06695411572596,71,29,99.09211430966351,5,2,2,2,1,5,30.29431760985401,7.898052122564952,LOW
10416,142.93890145673248,3003,36,5,20,10,11,12,339,28.768437996807005,194.84275489496514,53,47,342.09357331313805,5,4,7,5,8,2,22.93450390938417,2.2343520193540005,LOW
21306,276.3226941227454,1452,78,8,15,8,12,5,2103,60.3042774359529,60.66467650517585,58,42,368.1847913780802,6,4,9,3,5,2,51.51662130215361,14.91526434676601,LOW
10484,711.3093291267626,1046,79,0,1,8,11,10,1821,25.42594757287489,146.0577616730927,36,64,360.8010397879606,6,6,10,7,8,4,33.04028055752784,12.534481069639511,LOW
2259,41.97622810973826,309,9,1,3,9,2,9,652,95.61684670913564,84.9090647441916,9,91,380.83093197817414,7,10,10,10,3,7,50.18042432154138,13.254127306855667,LOW
42449,795.7506061887793,8704,544,59,195,6,7,7,7445,110.68622387584638,138.64557467071054,17,83,336.8434488517101,8,9,8,8,2,7,1.4436628902574125,61.252568836701556,HIGH
27338,682.0573553335789,5090,82,2,3,12,11,10,2206,140.1273462266311,100.43652116635187,60,40,237.39440215866807,4,4,3,4,1,2,1.1735381570649488,0.0,LOW
2982,31.84949370925277,242,8,0,0,8,6,8,278,45.43642930783991,198.81688952590702,62,38,163.93843948409676,6,4,4,2,7,7,40.53298802434203,10.414775157785687,LOW
24942,298.30253733292676,3053,314,35,128,3,5,6,6991,142.78062485048738,148.4914058002425,26,74,196.6751144135085,7,7,5,8,3,10,70.7281604473383,51.997155060784124,MEDIUM
34219,480.36852986574866,3753,35,2,6,7,6,1,4705,14.173087413997846,190.97334708252166,27,73,349.0448699510341,7,8,7,7,1,7,19.973542511160737,11.269071252190553,LOW
28465,390.6752326415334,2942,82,54,57,12,14,11,487,92.43701018786528,168.6442144014253,85,15,120.55935096687298,2,3,2,0,10,2,49.32688933741728,12.631922241840654,LOW
2579,52.780185893219446,394,34,1,4,3,3,1,84,13.284244304782845,181.55119212104051,50,50,63.70467773643775,6,4,0,5,8,9,12.816414317541788,25.760527040458307,LOW
3217,34.78045411191056,727,46,0,0,2,5,5,808,134.597257225482,164.73964747078824,64,36,56.327687253518064,4,4,1,3,7,9,22.775727170899618,14.408262014770594,LOW
28452,400.8082341200628,2969,12,3,4,13,10,9,138,81.82231327515784,97.24023477142316,75,25,330.7978439620002,4,3,7,1,4,1,6.082354668977372,8.21057460558679,LOW
21408,288.31080347823945,3032,249,98,196,5,3,3,6916,102.05551086060544,57.839806135908034,19,81,304.5942745320391,7,8,7,9,7,9,63.47671093691439,64.03477434914059,HIGH
42960,494.5853731642255,6346,18,3,9,13,12,11,1979,125.57821925701562,80.36083333559922,81,19,199.0581364185366,2,3,7,1,4,1,22.696274211051165,1.3150057253291558,LOW
25361,817.1267396471508,7459,385,80,109,4,7,8,1644,26.79504026017547,13.844884201590585,68,32,109.94857123686126,4,4,2,2,6,8,16.97835098931379,51.31089488019767,MEDIUM
7811,95.63896147239693,2254,64,0,0,7,7,9,1103,10.595776481029407,109.55870181828676,39,61,271.04527021704456,6,5,5,7,4,6,52.73819875845288,6.408498168108319,LOW
28571,1213.3163395386591,7143,40,12,15,10,7,8,5276,132.43776615736357,105.96098205137766,80,20,15.373238972987924,2,2,0,2,4,5,14.759971126150234,10.799650101576123,LOW
24070,636.6464128747103,2657,65,8,10,8,7,8,2071,50.66531798154521,109.79758831779276,41,59,227.29112626666455,4,9,6,5,3,6,17.679688275634387,14.995666624531427,LOW
18949,513.7598220415832,1269,180,38,93,9,9,6,6106,23.701941649438965,195.06593274469213,54,46,159.37006749578546,6,4,5,4,4,7,7.908562136741093,21.09288190352283,LOW
34036,347.4482234650401,4398,0,0,0,14,12,14,0,72.92687937762754,183.17626065641946,58,42,391.1438535247874,5,5,8,3,6,0,69.3453415074337,0.4921934590795809,LOW
38758,448.73839286933145,4523,406,26,86,9,5,6,1407,91.75438097592273,40.725427882720524,45,55,203.0240996442104,6,7,2,4,2,7,18.206099090800045,39.368805441142555,MEDIUM
48802,681.4861786301557,8612,61,1,3,12,14,13,133,9.490737496263968,80.08767909561895,75,25,220.90710098010712,2,5,7,1,3,2,71.68992615037035,2.0470832047221235,LOW
29365,396.44720470590937,7177,79,32,47,10,11,11,2867,44.85987044727772,90.55167409801976,59,41,284.94506537712766,3,4,9,5,7,2,13.094685029246245,6.988204203102119,LOW
7145,122.352352734887,1890,15,2,7,10,7,11,1708,9.755981770149923,78.50125439181308,48,52,193.81539245025868,7,5,5,4,5,5,1.9766072734391582,4.429040157077263,LOW
38500,405.37575260887155,10056,130,22,87,11,12,11,2438,65.94863143334734,161.71423308474348,91,9,89.82744771070057,0,3,2,0,7,3,64.54209336126625,11.365046025003322,LOW
27237,522.3361508339209,3810,156,11,32,10,13,11,206,134.78950421460542,109.56715727484152,74,26,214.91113861937922,3,3,5,2,10,3,41.97123350656826,11.641341701152502,LOW
11985,291.25730549234635,2658,46,12,24,7,13,12,1112,147.48459966656753,118.69896522460876,15,85,377.70754835628816,8,7,10,10,1,3,25.625814998865202,14.30140886770574,LOW
39065,1906.692663730475,5008,68,5,6,4,5,6,5157,97.37189525802599,172.07257620770585,30,70,163.96439526738874,9,5,4,7,8,9,37.20378586567916,16.505513029526824,LOW
26022,326.5422411915145,1697,411,59,95,5,4,5,9750,28.43746559876581,163.12634914891814,23,77,271.8563819998692,9,6,7,8,6,8,19.141977275881143,57.42178907868392,MEDIUM
12842,171.748384335741,2894,35,14,18,8,9,5,3571,136.34816154989934,35.12018933585694,18,82,391.213675554274,8,10,8,7,4,7,45.88525779513614,18.106524673309778,LOW
41306,994.9961454559971,2166,120,26,79,8,14,11,2683,79.85593436400876,145.6437709758905,46,54,331.9689251933962,4,6,8,6,10,2,44.57750192149349,15.805958198375926,LOW
49270,6664.074863068832,7503,0,0,0,12,14,12,0,27.293650254923122,92.73286449138675,87,13,263.6136532333295,1,2,6,1,6,0,6.233748666337787,0.0,LOW
13587,160.40423494844538,1798,0,0,0,14,12,13,0,138.6503670704909,65.98329158187508,68,32,294.39859533220573,4,4,6,2,1,0,65.61419919297698,2.398879000267508,LOW
38141,6268.3365111839785,8518,0,0,0,11,10,14,0,114.83301235484994,19.503575971415405,64,36,374.59329920683,3,5,9,3,10,0,33.42756196909525,0.0,LOW
34749,483.6226122593896,8394,45,7,12,9,10,14,196,111.09726454485697,102.57741646563568,41,59,383.90084176014267,7,6,9,5,3,3,14.453520443878999,11.995723374801178,LOW
10593,109.01016346412516,1334,91,57,63,8,10,10,1346,107.83120205018868,77.53296933766096,33,67,387.5872521287983,5,8,9,7,6,5,22.477945949675117,25.982640015829542,LOW
47690,1023.8777529411537,12061,251,55,102,9,12,11,3495,34.04927405898414,57.78747753851616,57,43,250.2566512810088,4,5,6,4,1,3,62.43485547088886,28.062930913486753,LOW
16938,619.9292320930089,2091,166,52,86,1,1,5,6461,35.59597029759128,141.98762862342193,38,62,153.88465994609462,7,7,4,5,7,10,27.89773979672023,31.396134502524628,LOW
40911,568.5024863570684,6610,121,9,47,5,6,0,17707,104.80248477195198,156.20222358996153,44,56,53.261251582519975,6,6,0,5,9,10,40.68022374048743,24.009902659854674,LOW
26899,325.54665569884787,6233,95,7,34,12,11,11,953,36.85979876600754,56.51000861559071,76,24,154.21920053616117,3,1,4,3,9,2,68.25981604413101,9.731157971096312,LOW
20346,357.50633253616775,4541,146,26,99,7,4,7,3200,68.60739603644208,19.395012969075978,32,68,377.1821818942476,8,8,10,5,10,7,47.0977252871106,31.15563189938285,LOW
16208,167.3198708111948,4811,105,18,24,9,7,5,2668,118.3902647111215,171.26301310739464,38,62,355.91883223695584,8,6,9,5,4,7,48.813747190680544,27.000880001013297,LOW
44539,4495.016564922653,4734,194,2,5,7,11,4,3610,118.67311512418694,11.89235082881763,50,50,209.46386482515146,6,4,5,5,4,5,18.272671857088387,11.110507664117048,LOW
45868,866.1598722399505,9888,291,72,204,6,4,6,13639,70.72295701624965,188.05137384507967,51,49,214.80291463756961,7,4,5,4,7,8,48.2831057295009,48.84939624392571,MEDIUM
11498,156.96258692969076,2327,113,49,74,5,4,6,2701,119.86754104991054,129.24777605671412,49,51,123.5681398379878,6,3,2,6,0,9,28.65689620976384,26.09280347923719,LOW
47563,547.0102117091027,13259,0,0,0,14,13,13,0,126.60016044871823,71.15086068825084,62,38,181.80315602819257,2,4,7,5,5,0,65.63953764887668,0.0,LOW
31178,1415.297983790767,2777,215,8,31,7,5,9,7096,99.94248393621774,56.83080281957988,25,75,285.779397575758,6,7,7,9,1,7,9.762027625606265,26.753446273949343,LOW
11182,138.04881898679506,2660,100,38,54,8,7,10,592,38.121748584720926,11.711076210250296,56,44,160.97229025911676,3,5,5,5,0,5,20.923285000949406,14.669245768785588,LOW
49648,863.3357911105447,9535,0,0,0,12,13,11,0,44.73170815590439,54.73956923206666,82,18,75.19354883041353,0,2,1,3,6,0,5.219052097918147,7.232058586146702,LOW
9019,211.3534222097023,1070,32,4,10,8,9,8,503,50.651967534266625,36.168377288256806,60,40,216.34383153003108,3,5,5,4,3,3,27.73462521565507,5.22477584853093,LOW
31980,1826.0795979066052,5392,85,3,5,12,7,8,2218,21.93659562142304,126.31158193739768,81,19,90.13476458173119,3,2,2,1,0,4,11.108645630183386,5.284338317596115,LOW
20194,231.5743439443278,2694,185,31,88,7,9,7,2466,44.60814495364204,41.64366183282225,41,59,389.71502240504003,6,7,10,5,9,6,60.92777844406238,37.039755534518164,MEDIUM
3800,190.56259053197573,740,7,0,0,4,7,9,244,35.38028752531716,110.43966913195767,62,38,156.13596560478163,4,6,3,2,10,7,66.64058894222657,10.627037653643024,LOW
7222,209.7598655808255,1966,26,12,13,6,4,7,2825,71.02266872224732,122.12212024544945,21,79,363.86598864364646,8,9,9,7,10,8,48.36393360353718,14.678944066613031,LOW
40486,1243.6442571876405,7786,328,97,176,9,9,6,1474,136.72344444147842,66.62792268591376,71,29,90.22159864144972,4,3,1,2,5,5,7.888423898987508,45.92431045373884,MEDIUM
24660,280.91572935111384,5127,99,15,38,5,7,6,7242,20.149645929323924,16.662340313556555,64,36,75.68360212231057,3,5,2,3,9,9,24.92660803600305,23.1710216333155,LOW
20559,298.3595906287593,3694,211,15,29,4,5,7,107,109.43884897237236,17.07823731669726,34,66,246.76045161589494,6,4,5,9,5,8,69.46117030287765,29.016817848217887,LOW
36322,450.1719069965157,2280,211,6,17,10,11,11,2217,104.65603563990352,15.005993116844344,51,49,311.75163132132826,5,6,8,4,2,3,10.24553751310427,15.139983093249109,LOW
14075,488.8094688965363,1523,107,5,26,5,2,5,1523,18.88435880618686,150.4336867559438,44,56,226.7058255409503,7,5,5,5,5,7,40.288990857529946,20.026284681962053,LOW
8470,131.59726561566748,1465,7,1,2,12,10,12,323,138.77299871134102,70.42184391471665,44,56,91.91827344210375,4,4,4,8,9,2,25.734457533682722,3.2825970097259294,LOW
35411,596.9903325364158,4516,75,8,38,8,8,11,2645,87.42846931273884,161.2970353338561,91,9,15.157745153598423,1,2,1,0,8,3,71.94012676892962,6.80445937301082,LOW
22091,262.6164123698258,2108,330,0,0,3,4,9,5968,57.74020056467421,92.02923653014135,52,48,247.31552847640205,7,5,7,3,5,9,20.90531812188956,31.009387778104983,LOW
32321,354.87059356052754,5689,74,32,42,8,10,11,2828,114.69809460681947,96.06963915769313,87,13,52.41489014621932,2,1,0,1,0,3,3.9157169677662003,17.23360683723656,LOW
10003,1625.2109546205206,1307,73,30,41,10,9,7,1577,42.31799146823694,107.44769447681901,68,32,137.2705548129325,4,4,3,2,9,5,50.70607125996373,19.861645400639812,LOW
48417,701.3714730890517,5545,610,55,216,2,7,6,16356,105.55892637171645,145.47597671126974,22,78,270.3139014684926,7,7,6,9,5,8,23.86186211245386,73.00635354643984,HIGH
19422,1956.9947006025993,3223,102,20,28,10,10,4,4305,10.758125097975846,61.965544507644346,77,23,39.209376233172755,3,2,2,2,7,5,47.51707252775554,14.819706689631465,LOW
12675,221.8174840855684,1056,0,0,0,14,9,14,0,126.71416545334444,33.10159641137011,97,3,50.90059191358232,0,1,1,0,6,0,7.9826170572377935,0.10675001101884651,LOW
41624,1287.6677280903104,11735,116,18,72,10,9,10,657,69.98477281809119,115.65089368637769,93,7,24.666482922961652,0,1,0,1,7,4,37.89901886651296,14.656074512005938,LOW
21889,641.083147570434,5842,189,78,148,7,8,7,8416,97.32047258190156,72.12574841612046,10,90,398.4316515627306,9,9,9,9,10,8,27.329055710789312,46.596609946916935,MEDIUM
48338,1254.5204498617788,10968,271,62,80,6,8,11,9159,37.07948387196913,94.0733495969271,72,28,154.8307074406325,3,5,5,1,7,4,38.87885007947209,29.734893341259482,LOW
1322,20.648899424233914,101,2,0,1,7,3,7,235,103.17568833547496,132.919874584088,23,77,362.3180670938538,7,8,9,8,8,5,61.523276452791265,14.698895603000263,LOW
17827,485.28985722665374,4349,22,0,1,11,14,12,922,116.9748400045251,103.88389081684142,73,27,117.43425536971284,2,3,2,3,2,2,70.05143108923119,0.9173630086148563,LOW
47557,637.438527381417,11983,445,48,146,10,5,3,4171,73.61591209823781,127.85297524916015,59,41,301.2810260561983,5,6,7,2,6,7,54.34894866193722,51.35310845809381,MEDIUM
6650,153.11960484753445,1608,80,23,29,2,7,4,2263,94.57040398896018,113.39800040158929,59,41,87.62664652495155,7,4,3,2,5,9,55.33036953825845,23.140433816193482,LOW
4925,428.5010526232642,386,51,16,17,6,1,5,2161,71.16725895424779,150.56131066785883,41,59,199.3298838593001,7,6,3,5,1,10,38.31893041636656,13.50499171618153,LOW
16532,208.06173780900767,3487,79,31,39,11,14,12,1649,134.6432485423876,144.1279573652078,58,42,329.8462957183118,4,6,8,3,4,3,7.4640959858667495,9.716869991498722,LOW
2698,83.92685391287591,697,8,0,1,12,10,7,254,77.19103117457628,111.49607944363765,43,57,326.53375955803307,5,6,8,6,2,3,48.19475756200354,12.97068279123143,LOW
20579,446.2747023964203,3999,365,173,253,3,3,3,1985,127.06226280917873,138.9915739633443,24,76,317.71228694506976,7,9,6,7,10,10,11.066260832446755,79.5309285211179,HIGH
36720,523.6948463961099,7770,220,91,97,6,12,7,2627,121.19604844918604,175.97632443179643,44,56,329.49376521542115,6,6,8,5,4,4,18.064765545379224,36.75734031262071,MEDIUM
42374,1158.2869654199249,6974,266,144,192,6,4,4,13788,64.5231990955117,92.13154467975203,62,38,84.5889125223517,5,5,4,2,10,9,51.09214968451869,52.250476575739306,MEDIUM
14359,1383.9149864107833,2615,97,0,0,7,6,5,97,38.36225131933388,88.42498382227079,29,71,192.88650902415458,8,5,3,8,8,8,47.47497047944393,20.40246370270289,LOW
31919,787.6858639139514,1870,305,50,153,6,3,4,7163,63.881909221166794,155.20666796195223,58,42,193.94858983886346,6,4,4,3,7,7,22.974304823669343,38.82608429409865,MEDIUM
9205,97.17848230233574,1930,99,27,32,4,10,7,2117,124.80151948740692,120.68522903797887,25,75,356.200994939165,9,8,6,6,8,6,55.70116287211034,27.2754765412293,LOW
43380,657.6237813611439,3052,76,10,30,10,8,9,2903,38.00671769381189,23.491288242291823,77,23,118.75673175977153,2,3,2,2,8,4,67.66107858762123,19.227950486737896,LOW
23736,345.04754873889567,3768,204,26,121,7,6,6,723,81.04327014937365,179.50128298130545,9,91,372.5983573556193,8,9,8,10,10,8,39.486062911824604,32.49598792711795,LOW
22919,352.23798283093157,2822,59,6,10,5,3,4,7509,121.88402845430838,15.848789425151626,33,67,180.3182945224396,7,6,4,7,7,8,48.95459611972193,24.377361691319216,LOW
20478,856.6676326461366,3816,116,8,19,4,2,5,1307,56.25423389361492,152.1953076798512,41,59,267.91480127096753,8,5,7,5,7,9,19.932240289624183,20.264196485732548,LOW
38109,851.7554193010383,3176,481,63,270,7,5,6,6358,98.12039736539113,154.17088711381945,51,49,107.55324491173374,5,6,1,4,10,9,69.91270369195263,50.421820755620864,MEDIUM
15858,207.73053956715856,3534,3,0,1,13,13,8,560,40.61657823707811,191.0911062035668,91,9,164.1192427325229,1,2,4,0,10,1,20.069901192683908,7.565429821294127,LOW
34677,2370.197678184559,8626,141,19,26,14,9,11,4249,20.84551957838319,20.285537596440943,44,56,283.92037282765614,2,6,6,8,5,3,63.9497452337905,16.573426656814874,LOW
29878,951.6494755783732,2714,378,134,146,7,5,8,9018,120.18571263846417,123.40280354905329,35,65,205.09885674040373,5,6,3,8,5,7,66.84264149360843,67.85650099401529,HIGH
37834,1210.6757846007156,2878,0,0,0,14,14,11,0,19.350450394262488,91.28970841914006,60,40,372.28320467533354,4,4,10,4,5,0,51.95344451418143,7.011363926535003,LOW
11882,258.0698514130611,1026,24,6,13,5,11,8,1130,44.350302286539765,72.82026142331299,54,46,294.849986358991,5,5,6,4,9,4,58.528501082033365,17.599428234581822,LOW
15096,153.82886151950524,4065,160,0,0,5,6,8,4482,128.99086618962883,27.160526456823877,65,35,225.76117020423996,4,5,5,2,5,7,33.236761756996465,22.360731913051517,LOW
34072,2985.435068466762,6202,63,10,29,12,14,13,959,55.23804662640674,116.90428273754874,57,43,354.66790266088327,4,5,8,4,10,1,66.24759544567885,14.754553441461816,LOW
13721,252.7977323366438,2288,3,0,1,11,11,11,396,146.09157567955336,101.01773787817659,66,34,266.22255551549773,4,2,6,4,8,1,53.59920652029854,8.56070691470999,LOW
1779,80.71817930176212,136,11,4,6,7,4,6,270,147.06147854220967,29.86534704869461,36,64,258.9281893681729,7,5,6,7,9,7,23.862195394706262,11.457471560143382,LOW
46460,477.913367380125,9867,772,317,549,5,6,3,7794,43.90002296576572,126.37300634844584,51,49,98.54853325905091,5,6,2,4,0,9,2.9985794873639904,100.0,CRITICAL
7583,481.0378303601953,2024,29,5,10,4,6,6,1457,10.941842226234115,150.2110928480583,39,61,157.94278621128436,5,6,3,7,9,8,39.166000684516995,12.952803262568416,LOW
44361,1023.5084337841696,11402,498,45,136,9,9,6,4855,107.23417620977997,155.78287720019316,42,58,273.3214610416086,5,5,6,7,5,6,60.60649821899046,51.024142351286805,MEDIUM
18271,243.29194934176925,3773,140,6,11,5,4,7,2196,70.39304288400984,182.0209057698612,34,66,356.71668459326315,8,6,9,6,7,7,62.03777049936955,25.816007744006615,LOW
30475,423.66006599337607,2097,35,2,9,5,9,11,6056,19.609162374138563,87.79944095886766,56,44,126.21898945796607,4,4,3,5,0,4,60.210988872072946,14.363002185612572,LOW
46148,1021.8954066084606,3604,0,0,0,14,14,11,0,107.59080875181621,191.083826038206,88,12,86.19424877719388,0,0,3,3,10,0,15.854373707609973,0.12890821291615162,LOW
48785,1286.5311843249378,3040,105,15,67,9,9,10,1876,9.520361821228576,174.43158696571035,48,52,237.4783915263423,5,3,6,7,10,3,30.969616291392683,13.141028669624603,LOW
19563,457.3660842286026,2237,12,3,7,14,13,11,346,131.17852012137513,66.33529849454843,100,0,26.878839241085252,0,0,1,0,5,1,44.38854864547528,0.0,LOW
2606,86.56011402265136,218,5,0,1,10,12,9,153,25.10461672142904,40.26377709639711,63,37,285.81668058000207,3,4,8,4,8,2,48.230289182864375,1.3473739740521276,LOW
25057,1022.4580385525755,2881,51,8,10,11,14,13,2282,23.460222418275126,92.72398526432255,53,47,281.2554173149923,5,4,7,5,5,2,24.42271464627226,4.577688451734849,LOW
49354,969.840669565217,7218,401,16,37,2,4,4,15553,30.472483205444757,86.36075451163366,57,43,141.98641239446204,5,4,4,4,1,8,50.02392614815797,45.56959989911769,MEDIUM
21107,691.7899385313829,6031,50,9,34,1,7,0,7999,144.23862198134964,119.38666801292882,12,88,357.07106133796066,8,8,9,10,0,9,42.74913603393432,24.670657153453654,LOW
38099,1179.2122087740902,7718,185,80,129,13,8,11,4909,105.50955723680767,120.84338414227211,77,23,200.872456615651,2,3,6,2,3,3,41.02445359148984,27.09295872331737,LOW
29029,430.7495687539584,7511,29,5,6,11,12,14,1336,121.19887264222733,152.4975270321953,77,23,258.30598027717474,2,3,4,2,5,1,47.906274897072315,0.0,LOW
36454,375.77163952851987,8296,121,55,60,10,12,10,856,62.65707293124919,106.87909015906594,91,9,83.83139277533513,2,1,1,0,9,2,43.64080691393151,21.00229661277288,LOW
28356,454.82006739777984,2215,94,7,19,9,12,14,1299,53.76534548821856,29.916301778745453,82,18,166.93613406400002,3,3,4,0,9,2,12.431536378094327,8.747676380437733,LOW
3073,249.57262066980178,719,12,1,2,7,4,10,355,39.000180983559645,173.07535375509016,41,59,344.9670161079072,6,7,9,5,8,6,63.020767406617516,4.449737314069857,LOW
13308,1092.571071068479,1580,10,0,0,5,9,6,1778,74.6939641052993,68.85527080518554,82,18,85.17581905293711,3,3,2,0,4,7,17.700737373284948,5.15291322474056,LOW
35867,376.02267176942337,7524,656,92,302,6,6,4,11697,85.01516636245444,194.54651745825248,19,81,156.22975103698752,9,6,2,9,6,10,53.730947858116195,85.18979866137185,CRITICAL
37301,1122.083466968529,5044,288,20,34,8,7,8,3746,96.60735232964953,32.393420649156326,49,51,127.23061777125197,4,5,3,6,5,5,13.116652116529519,30.021249216864913,LOW
41696,3033.238533273438,12484,37,0,0,11,12,6,3854,42.28218307981071,192.0677227241756,66,34,60.444073945912045,3,3,2,4,5,3,47.75909851957774,7.042967403142493,LOW
34572,558.4304113081491,4006,247,16,20,7,10,8,3304,142.55484173093365,27.292243307678227,49,51,115.88716725101422,5,4,2,6,8,5,64.54138875413969,26.81171810099484,LOW
24252,377.4828113728769,2904,33,7,8,4,4,5,3772,29.6149822400347,53.8968662099413,64,36,93.10891343008669,5,3,2,3,4,10,1.1943018489996204,9.776173651310092,LOW
18185,273.01542593789156,5140,0,0,0,13,11,14,0,145.01971034112978,18.850188996442903,47,53,369.43745218453097,6,5,10,5,1,0,70.54695315763068,0.0,LOW
41901,1378.1776304624343,2353,414,25,67,3,3,5,15155,7.154137763588049,143.97149786140903,34,66,296.4315218171184,7,7,7,6,7,9,2.6218244661831887,50.51037690152665,MEDIUM
11872,1844.7630064272987,2661,23,8,16,5,7,9,2497,74.76322531344262,171.55675994864043,52,48,126.44063271312973,5,3,3,6,10,7,1.3127848939677798,13.273806812608507,LOW
9496,98.22453149770713,2196,0,0,0,14,13,12,0,53.33833652690161,92.47350554503628,79,21,305.3356212970839,3,4,7,0,2,0,61.81554703111683,0.008954283276212394,LOW
16958,588.1080105790853,4393,121,29,32,5,9,9,2824,70.12289501988637,186.41919425806165,72,28,8.855981213548558,2,2,0,4,8,4,51.17233622194095,18.99630556555987,LOW
32389,467.89701661905275,9509,43,6,7,12,14,12,786,87.74636395221441,122.15682363356392,82,18,210.60988430845597,2,4,5,0,4,1,8.06546204187892,0.5270576086484402,LOW
27165,376.6125211060911,7983,30,4,6,7,10,7,1646,68.16042791184282,129.7013557348394,74,26,100.13382549386924,4,2,2,2,0,5,67.52516582160968,13.141923462764076,LOW
38743,615.4498227192346,2569,222,5,13,5,10,4,10443,65.15279329373126,170.62964832314628,72,28,45.72882872340567,5,3,0,1,3,8,48.543155243143325,23.29706923638983,LOW
32153,925.9002635263791,8213,103,19,24,12,7,12,4672,111.24489523492944,66.3920389598494,37,63,353.5034113353954,7,6,8,6,8,4,8.439613362973608,12.410637838528205,LOW
27157,883.0354668625316,5745,82,20,56,9,12,11,1890,104.45205988753737,77.3104870522489,88,12,79.73621370502903,2,2,0,0,0,3,62.02958210859865,6.908755581382025,LOW
40452,654.7910455268088,8569,17,8,9,12,12,13,465,125.82433589519795,182.13086464698242,57,43,328.95643717851294,3,6,8,4,7,1,34.88469693657572,9.386804868041931,LOW
22680,259.8560691810531,1861,54,7,37,10,10,9,1263,41.24405227972686,181.1830642473651,73,27,165.2890709967085,2,3,4,3,7,2,20.386558839782264,1.7137565532391763,LOW
32396,341.2271004707403,6885,150,7,12,10,10,6,2055,93.38163391433922,195.53172747816546,87,13,5.716308016280136,3,0,0,1,8,5,59.49043509163647,15.00543153383467,LOW
13375,888.052210199485,3953,177,17,64,7,8,7,4400,89.8532438819638,181.3492801239175,26,74,293.0131317204101,7,7,6,8,8,7,53.29892143889771,20.57156363759124,LOW
2122,107.66808773724952,589,27,2,4,6,8,8,467,58.61198257653987,34.20068684633857,23,77,238.54390328774718,7,8,5,8,5,7,45.047631853300494,8.251153835333337,LOW
49256,519.8525467856956,7870,231,94,133,9,14,9,2875,75.47834357588873,166.50761436602758,88,12,137.66875326712773,2,2,5,0,4,4,64.74369037749257,23.45656554968442,LOW
41309,551.0008466332993,2478,218,127,169,10,10,10,1782,50.49841077933067,87.86931084082288,54,46,112.61837357050536,2,4,4,7,6,4,62.08150641987408,31.758679985960427,LOW
17225,193.79100732163553,2421,56,29,36,4,0,5,5555,25.567437654462854,198.2522576297282,79,21,29.47650094817389,3,4,0,0,8,9,16.715603578809677,13.957208270771073,LOW
41260,1701.4362656975961,10587,43,0,1,9,13,9,2920,36.00117554609626,99.7333832224722,40,60,376.5702379341089,5,7,8,6,4,2,63.32606003827085,7.933665938272932,LOW
16146,265.46901325756016,3638,175,17,44,7,9,7,2892,20.299478728174158,115.22885567542191,39,61,197.59395387683426,5,6,4,7,2,6,27.243848529519965,19.208820890080755,LOW
17529,244.79019096737792,2889,125,1,2,6,9,9,2692,104.045088402568,110.65723389879172,77,23,34.20980703044321,3,2,2,2,8,5,31.371865009789623,9.975053131966863,LOW
29902,429.56083545147607,1907,0,0,0,14,13,14,0,100.80547200082697,71.13003567307278,74,26,347.4718870977882,2,4,6,2,9,0,70.02176567969269,2.0840618042138956,LOW
4763,108.80786128692168,746,16,0,1,10,9,13,257,142.83792387908156,24.25419688965445,68,32,111.53326912712669,1,3,2,5,0,3,54.83101449102611,0.0,LOW
31487,4872.251965321192,5266,295,55,65,8,10,7,7379,110.80336997884999,180.17373377636451,69,31,81.44108629386193,2,3,2,4,0,5,23.486245736920573,31.370898134784923,LOW
47328,783.8619908877896,13353,357,84,86,4,3,3,11341,12.54664661963906,162.5084043799945,34,66,112.3749753368875,8,6,3,6,9,10,46.82670111115741,61.00188334764034,HIGH
48424,1667.2263669445651,10182,109,24,34,8,9,7,246,133.21555021969834,36.51008830633717,71,29,225.82858344284455,4,3,5,2,10,5,39.06169004295548,17.76094058473649,LOW
9146,191.44242968718987,1169,172,23,55,0,3,4,1593,130.08789862713024,157.58597155651384,78,22,29.6225937988146,3,3,0,1,3,10,8.837131448759038,23.29614797150532,LOW
28029,292.0594209638707,5082,54,22,33,8,11,14,365,69.28144651204131,128.9108665496159,78,22,192.70276364907056,3,3,5,1,1,2,63.97429216628382,9.543791727742603,LOW
12164,283.4879116222762,809,54,2,6,6,10,8,1105,89.95014232654863,87.73731970434824,37,63,358.297378049725,6,7,8,6,6,5,59.26452607983024,14.571166391455638,LOW
36237,427.4181097396838,10622,198,17,24,4,6,2,9918,146.53135820851523,58.264018328156915,79,21,75.26863833844955,4,3,0,0,1,9,56.106290517415985,29.519199792877046,LOW
36296,1584.192465542201,5081,325,103,162,10,8,8,205,82.1841327579841,173.34846886542417,67,33,132.47550886089755,3,4,3,3,6,5,40.47946721175641,51.082016940817745,MEDIUM
24527,356.0636718669447,4156,334,143,152,1,6,2,8537,136.27166511453302,143.03576926587007,39,61,158.4487860206611,5,6,4,7,7,8,16.2898769801214,58.735398097877415,MEDIUM
29873,305.40099402143034,4146,206,17,25,7,4,5,7292,17.04061988247703,114.070582799136,48,52,234.4882846108981,6,6,3,4,10,8,63.698566096350994,26.388919434555632,LOW
36897,2513.446228368593,8140,5,1,3,9,13,9,544,32.70252096275901,125.81802144070818,37,63,367.7016986105246,6,7,9,6,7,1,25.73704351875711,0.1833018221257312,LOW
21109,3645.5201727227845,4550,60,11,15,10,8,6,985,68.90946679899108,27.302574595614388,53,47,157.8156832969702,4,5,4,5,2,3,1.9384454337928483,15.765663254305327,LOW
36335,786.6359091107388,8314,128,16,37,8,9,7,6768,89.78973720890919,100.04475457312647,63,37,27.66113627110545,4,3,0,4,8,8,70.69685370885021,27.03641343584556,LOW
39209,2841.351119941186,4588,43,5,14,13,10,12,1459,123.35303852010603,46.80305562928338,64,36,139.18034457239696,4,4,3,3,9,3,62.0727328946671,11.647160871531645,LOW
19750,259.53882989484936,2546,117,15,30,4,9,7,30,148.2980066957621,49.59289901167682,58,42,76.03416503993792,4,2,1,6,9,7,45.02164541381137,13.525046255019635,LOW
21672,235.86742749211407,1762,56,5,24,6,2,8,258,61.38346698874688,135.64775283450467,27,73,260.70979152764136,7,8,6,7,9,9,1.3871104690658644,14.381821282038384,LOW
12055,260.75017260316383,2578,46,13,14,14,12,11,431,11.875267240312315,183.13866884851473,91,9,11.704843666932874,1,2,0,0,5,2,16.781698087998496,7.063635949009792,LOW
22374,756.4506740807245,1341,8,0,1,12,12,11,277,121.1698679778221,86.71375599088584,91,9,116.77198842922935,2,1,4,0,3,2,32.82156699027146,4.366837584711456,LOW
13581,293.527004609741,2708,93,54,67,6,7,5,121,92.63520426700717,49.47236187231617,32,68,218.06940289304796,5,7,5,8,7,8,45.408072012119064,37.30551912537785,MEDIUM
24563,333.15907599638325,6568,100,9,24,3,2,6,10553,33.78871453588924,133.26191807496429,42,58,110.93368241982171,7,3,0,7,3,10,51.133047947099705,26.85067051692255,LOW
7319,1248.94513065808,1995,92,40,51,4,3,1,902,76.75012621010592,175.52553880656038,56,44,220.39811333810167,6,6,6,2,3,9,56.861497892808686,90.0,CRITICAL
26212,429.7180983952871,4253,45,7,12,8,7,10,4615,112.63498560239003,152.18057221327325,74,26,45.884928874873275,4,2,2,2,10,7,40.22975618662161,8.829459786563486,LOW
25262,399.31896648631374,4163,0,0,0,13,12,14,0,116.70970912495335,175.06387380195156,61,39,377.122195195849,5,4,9,3,7,0,47.417115091373724,4.099082380979452,LOW
11546,176.05874488218868,799,163,29,30,1,4,3,242,77.44466973982048,111.94538749205188,59,41,116.36272293195469,2,5,4,5,3,9,58.50385292239851,21.661754968311065,LOW
31963,1141.8579793060728,6958,60,21,36,14,12,12,1190,49.256106868684576,152.85648643014628,62,38,369.20033575595335,5,5,9,2,0,1,51.968653688652516,10.53266456424916,LOW
29269,401.85345638041235,7472,83,34,48,11,10,13,365,146.19267439558155,36.61226627819793,55,45,130.33417580165815,4,3,4,6,5,2,68.76908175277951,16.74473635937735,LOW
23650,1728.5243022605025,2629,68,0,1,6,0,3,304,101.18757858869147,76.17217691900638,39,61,312.7360764691951,8,7,8,4,7,10,63.03718187846332,16.779325929580057,LOW
3211,134.17920996919415,498,0,0,0,13,12,12,94,64.1944403052133,84.01434125148926,94,6,98.47494298450118,0,2,3,0,2,1,12.609331362372806,0.0,LOW
5353,60.58194811195106,1390,15,10,11,9,11,9,7,45.6671675096746,107.14619178674657,72,28,267.9075609558405,4,4,7,1,1,2,68.24046756027127,13.265367035487824,LOW
29577,393.42260863664086,7964,105,59,74,11,5,9,4516,111.00993253551651,186.5245084487965,56,44,129.48648552910686,5,3,1,5,5,7,15.098583468369753,23.123709928002963,LOW
24363,3863.568975455146,2699,231,58,93,0,5,3,3518,40.11659961109632,176.1163464422131,53,47,203.66365168386352,7,6,4,2,0,10,71.37536067765272,42.77444502531091,MEDIUM
22292,779.5565461393066,4182,435,157,171,6,4,1,3560,29.897948401184784,35.55984353494506,27,73,269.5256583054723,7,8,5,7,10,10,50.64506225300047,100.0,CRITICAL
40983,1615.5000409494771,4021,339,129,220,13,9,10,39,81.8259138995002,42.830033857668006,57,43,235.55300208118425,4,5,3,4,4,5,45.36850602100437,46.64859775686376,MEDIUM
9442,307.2907396999152,712,96,6,10,7,7,8,2731,47.04817193340057,77.95170442189315,58,42,230.51223731347773,4,6,5,3,5,6,23.689078502927025,17.189026096662808,LOW
48775,1710.3126187787047,13548,761,200,397,5,4,5,11346,96.19124601392419,65.24133451922805,62,38,26.272334263046915,2,4,2,5,7,9,10.017188031522457,86.68281229785715,CRITICAL
49094,4487.569336952479,12525,564,148,214,6,1,8,12648,22.101107856763853,126.80648109968983,21,79,99.63073286863673,5,8,1,10,6,9,9.521370676129976,90.36715007381041,CRITICAL
2262,46.54383326060981,542,17,4,10,7,6,8,376,99.96646016226163,181.52744907526352,54,46,228.73571594261665,5,5,6,4,5,5,62.460126270198614,9.491889361506853,LOW
32487,435.4260727886398,2020,0,0,0,14,14,13,0,46.07799655966682,192.8353929177915,100,0,7.32688288629002,0,0,0,0,1,0,31.419592003274094,5.290090521141705,LOW
16350,261.01735143784475,4266,326,149,154,2,3,1,4969,5.035225493004346,134.18456098169304,48,52,100.25770204639186,6,6,2,4,7,10,40.529407765712996,90.0,CRITICAL
12612,182.9873197480424,2011,15,1,6,10,10,12,961,23.405728362755575,169.25024826620648,88,12,91.6740957724787,2,2,3,0,7,2,67.12628169607176,4.08437692732238,LOW
24558,1932.3052733467287,3330,0,0,0,14,13,13,0,140.37422978608865,109.78841804385145,91,9,99.94244406433377,2,1,2,0,10,0,18.757861393911366,4.991806087930008,LOW
45920,481.3840169549957,8569,262,33,141,2,6,2,7672,130.7664226717269,49.582119903407545,52,48,214.24379982666147,7,5,6,3,4,9,55.121530208041335,31.05134756505823,LOW
39390,465.29085982493035,2869,98,31,69,4,3,7,12969,38.873309645254345,109.69079829776071,29,71,232.784141607677,7,6,5,8,2,8,34.13823047143288,26.025116552697913,LOW
981,12.039235351525518,234,9,3,6,2,5,8,339,117.86392615909622,115.4656942731537,23,77,363.5991977491245,8,7,9,8,10,8,15.711958127018331,15.184841482780415,LOW
47804,574.68154306234,9350,147,13,48,9,12,9,1317,93.24288101022627,151.06693720057575,75,25,154.4124196104877,4,3,3,1,7,4,61.48747516149915,25.53604734399051,LOW
33421,357.0333639583904,3230,121,8,13,12,9,11,2720,145.78118316023108,51.777768044396325,45,55,370.63156685725033,6,7,8,4,4,3,49.116365901657154,10.26806455542824,LOW
40885,721.0233596938614,3968,379,127,191,3,5,6,11180,59.17282063243857,79.97897259647903,38,62,260.7817379936681,7,7,5,5,2,8,7.286900304247646,56.01246967921512,MEDIUM
2024,84.23929526208701,194,18,9,12,5,7,6,67,103.81178881498984,79.1652191507676,23,77,365.0641583602223,10,9,9,5,8,8,39.23563946316222,12.198527409268205,LOW
35388,556.4637171418667,2273,23,0,1,8,13,13,3289,14.212679751468194,192.29352319082133,36,64,333.38884067201934,6,6,9,7,8,2,61.401115431818084,7.777468232915162,LOW
15548,205.73283271974682,3062,58,17,25,8,11,8,1617,62.45586528837886,94.3495424620766,64,36,275.032977363075,3,5,7,3,6,4,5.285838787840243,7.743417618282393,LOW
35611,474.16750222026246,9261,117,2,10,12,9,12,2298,144.75356087228616,153.46785378664782,61,39,142.44235980758378,2,3,4,6,7,2,30.263648001626517,14.480271371154306,LOW
38404,704.173994707319,2088,241,1,5,6,3,0,3080,83.15222679526748,152.65416246114341,76,24,96.4441790740874,5,3,0,0,4,9,58.07283464194878,26.58752723300903,LOW
34508,2999.762247016563,2148,32,13,17,13,11,14,456,46.74252798355246,60.453395112615866,76,24,88.95657420481288,2,2,2,3,4,1,61.8725455278799,4.1175263615308255,LOW
560,13.911063389296643,108,0,0,0,12,13,9,0,22.439289653647993,118.6552409806291,42,58,380.8695349825125,4,6,7,7,4,0,55.938438507925085,0.0,LOW
9630,104.13869921236984,2454,150,23,72,8,6,4,1144,107.01160932632192,179.91754973054313,9,91,383.4295372517432,9,8,8,10,1,9,22.358234614398757,31.93342875436788,LOW
18523,306.05072800898307,2439,24,6,16,13,14,12,456,98.50412629731039,100.28756669682039,60,40,289.93254940972355,3,5,8,4,2,1,36.745463584976854,6.7638597031133285,LOW
45580,811.8766313960967,6262,92,4,5,10,4,9,13298,59.22111347254732,189.57232639508376,19,81,353.51839363059094,8,7,8,9,7,7,53.50137533154609,23.572679784864853,LOW
13850,453.4875075366506,2757,241,13,20,6,3,5,3696,142.88649602054596,50.7470635715907,20,80,367.59846523162423,8,8,9,8,5,10,11.410024335600088,33.734767837328214,LOW
24854,621.3088787949538,2946,292,134,201,8,7,4,2126,8.219407883238297,24.090230097065838,48,52,204.62247860772487,5,7,5,4,8,7,43.04234007290525,55.53302684441873,MEDIUM
45686,507.2959831653886,2588,139,20,55,12,11,14,203,49.03995848661474,179.37623589750237,71,29,251.6238762500689,3,4,7,2,6,2,52.00672135244148,20.929581340318183,LOW
28645,419.3138214199828,6697,169,25,36,7,6,11,5344,138.5550755134393,171.05942761282117,61,39,167.50179916808582,4,5,3,3,5,6,61.274418659315785,27.241087208305807,LOW
34520,432.5718723217571,7125,318,152,187,6,6,11,4351,51.53563855631886,198.5920764274305,62,38,167.39630571410524,4,2,4,5,10,6,8.484528255760749,46.71752718779863,MEDIUM
21087,437.82739684521994,4115,21,13,15,10,13,10,1037,41.576660908999706,139.08476274136095,89,11,15.371567457845847,1,0,0,2,3,1,24.071740663367272,7.392595984786995,LOW
41631,641.7259602378599,9800,499,217,275,2,6,4,12984,82.46195944003085,187.9707060667584,39,61,173.5285841939222,5,6,2,7,6,8,39.228257366760765,86.99633485463455,CRITICAL
10150,354.939251015416,2220,35,14,22,9,13,14,820,124.451253738478,167.12031476598105,57,43,269.3959246052733,5,4,6,4,3,2,50.62556834388964,6.6708408780591935,LOW
20433,283.71766806705784,2073,36,5,8,13,12,13,12,19.956280327362354,170.4410032928165,88,12,168.79286644262845,2,2,4,0,6,1,52.69759513003182,1.3625091138912007,LOW
21081,462.078415102915,2911,40,5,9,11,12,11,1639,141.73800289863175,118.13689838631097,46,54,348.9638707507826,4,6,8,6,4,2,18.608030939009417,13.702560421253793,LOW
23893,507.90972830968497,1947,41,10,28,14,13,10,232,120.28556777126879,82.64927360417506,86,14,133.02518096280727,1,1,2,2,1,1,1.4921777592288892,1.5605806563277982,LOW
23551,353.16459088446464,1942,48,20,23,6,8,9,4828,31.28128705497503,187.56603378322356,60,40,53.07281862433979,4,4,2,4,6,7,50.10791392741381,13.977740307583682,LOW
26712,284.33155870668315,5851,31,3,5,10,12,9,2390,108.2411543737336,92.10226336701994,33,67,324.6234762916238,7,6,8,7,7,4,65.50252954479369,3.3188576105085232,LOW
49582,4474.6662544435485,13121,113,31,47,14,10,12,2834,60.819014782445784,112.37567977743711,75,25,269.5791673314368,3,4,7,1,9,2,57.522468724895894,18.977334127220594,LOW
4590,55.06858480135967,1334,24,12,13,7,8,10,122,63.33272832106621,94.76171835378567,74,26,96.72779292823273,4,2,0,2,10,4,45.00632636897727,7.988054017670641,LOW
7460,227.6028186951671,1544,29,4,5,0,4,5,1704,118.57706340363562,117.31547965243745,38,62,214.58050241689318,7,7,5,5,1,10,70.39628649943943,22.72638412818842,LOW
36272,768.9250461530962,3483,361,126,189,5,4,3,670,144.60379715720617,99.39596500854216,47,53,160.74093543751698,6,5,2,5,5,10,31.467849633746408,61.671274581745706,HIGH
22020,3109.3937971920036,1682,43,0,1,5,9,8,315,23.36510156284312,19.113836130100417,16,84,375.5439105742631,8,8,9,9,3,7,38.041057195648875,14.885624187071745,LOW
49981,1487.557326241973,12655,373,46,90,9,5,7,9862,65.9913843474288,177.58915534146274,40,60,242.9328363682516,7,5,5,6,4,6,1.3785036230243302,45.66980940289565,MEDIUM
36908,699.6781489064101,7185,318,162,171,9,6,5,8781,74.73653317222401,94.43482559399627,85,15,63.35570447479664,3,2,2,0,0,5,68.13552244261041,44.99793025534011,MEDIUM
28970,2802.627855477533,5926,0,0,0,14,14,11,0,59.56521345847465,121.89929321639626,68,32,200.85938105479406,1,3,6,5,5,0,42.20928582766922,0.0,LOW
20991,406.37630545957626,5150,154,26,27,6,4,2,4431,57.66242293885263,36.445682524017535,17,83,345.0227330095403,9,8,8,8,10,9,28.44219884925182,35.50410662793325,MEDIUM
1841,19.779639188783776,415,0,0,0,13,14,13,0,12.578956796431498,10.643691116701437,61,39,268.59866801298466,5,4,6,3,7,0,3.686350015949453,4.70977088207554,LOW
45123,3005.724140892801,11669,0,0,0,14,13,11,0,104.40309998158037,56.60511779229216,74,26,336.9808304394625,1,5,9,2,1,0,26.41296309933792,0.0,LOW
25291,325.82312525264234,1619,375,91,149,6,6,8,1796,68.25109048240658,143.87134610533656,51,49,100.15972554625611,6,5,3,4,0,9,0.757264269809237,39.908746217735896,MEDIUM
838,19.08068874115559,198,8,0,1,0,8,10,286,33.24510138336938,28.846960721446933,30,70,355.34055081901676,7,7,8,7,8,7,23.689962366866897,4.948575374534373,LOW
6395,95.10495343077716,1680,88,23,24,10,7,9,892,123.32485783379991,182.6886136734289,52,48,302.24453272966883,6,6,7,3,1,7,68.52902707089952,20.01573316293524,LOW
12754,429.1028665656522,1550,127,40,58,8,8,9,3227,121.37130848198605,50.85428817767507,30,70,291.5655021752315,7,7,9,7,7,6,11.530116542473346,19.377095727461978,LOW
11844,587.7400830361263,2488,64,2,7,8,9,6,2087,75.5267860728896,48.8727867154374,66,34,138.61642790540975,2,4,2,4,4,5,39.496894299894414,10.875989591473207,LOW
2250,111.14432621831328,289,5,0,1,11,8,14,204,48.275345866425276,44.48651270808415,46,54,355.06322550421123,5,5,8,6,1,3,13.843138387501934,5.085585718660509,LOW
2921,249.72781215704234,845,0,0,0,14,14,14,0,97.5234452404856,12.656525464559301,67,33,255.19175095728662,4,3,7,3,4,0,56.51160781703424,0.0,LOW
40387,1784.1588789500217,2356,394,65,150,4,7,6,3722,46.78205968772345,156.64303901086458,6,94,340.735790745121,9,9,10,10,8,8,40.71144321756362,67.4175510479498,HIGH
5819,85.4468148338672,1134,0,0,0,13,12,13,0,39.22114989693824,176.25656093659913,73,27,144.38858239450872,2,3,3,3,5,0,14.959875312187988,3.596550117558991,LOW
16396,184.72158253901534,1502,36,0,3,12,10,9,2126,110.92462483381736,126.69091349707779,86,14,58.2608364257426,2,0,0,2,2,3,62.436252824078004,2.6657240252702668,LOW
12418,150.81014584086415,2831,22,6,16,10,13,12,685,10.847159759537853,45.75799651917384,84,16,132.93487208812894,2,2,3,1,7,2,56.5577004725943,8.21916149426828,LOW
25564,364.7427197695816,2402,177,43,138,9,3,8,1890,18.741428300016125,64.20281941876715,65,35,182.105738950073,4,5,4,2,0,6,68.51804505392704,22.786656714489155,LOW
47117,3041.567219967782,5128,319,30,108,11,4,8,1968,5.984285233420517,100.42607249934302,60,40,213.36295005819696,3,5,5,4,8,4,0.5449157918233662,27.30129459495204,LOW
28435,875.6557340850795,4936,176,48,111,8,10,11,4281,27.176762038936793,191.32573080842715,49,51,204.32368628461498,5,4,3,6,8,4,33.18386172459117,25.482428161562087,LOW
38141,1107.730721716986,10630,37,18,19,13,12,10,73,15.003551263016622,56.99676064537113,64,36,218.42183697462576,4,4,3,3,3,3,71.9886529856014,14.11918603587382,LOW
30211,1050.9669061416548,3109,0,0,0,10,14,12,0,149.3913433280882,149.01272174477873,38,62,336.682306089179,5,5,8,8,7,0,58.49993606348443,3.4031167042728026,LOW
5306,98.39493918877268,456,3,0,0,6,12,10,19,46.87744564334299,93.49516242565487,73,27,68.04049847526797,2,3,3,3,10,4,59.93695842780606,7.350483272447832,LOW
41860,749.1372338921739,10035,14,1,3,9,10,9,3961,26.643861837040856,66.59099618840415,76,24,126.42051806754834,2,2,1,3,10,3,44.91097108493172,11.535214405792962,LOW
12682,325.98049949156405,2221,60,19,28,6,3,6,3451,39.9444574094081,96.62402803420161,25,75,355.4433961741806,9,8,8,6,2,9,51.47232512395149,23.34285197722435,LOW
22797,590.4433479950208,6336,258,94,119,9,5,3,4615,140.7382078733195,23.52927633283418,49,51,224.18328182333212,4,5,4,6,5,7,58.08082750302797,43.348837173801826,MEDIUM
20041,239.40191173699583,1736,36,20,26,14,12,13,475,80.42323233853737,161.75060047676888,83,17,233.35594814782885,0,3,6,2,9,1,7.098066302820859,8.21831341487158,LOW
29421,367.8414912457121,6222,173,22,109,3,6,7,8777,57.89862396463925,56.22736631676376,31,69,191.2250178455809,6,5,5,9,9,7,50.019511728167174,26.63906172029634,LOW
17274,504.4887641328165,1869,0,0,0,14,14,14,0,131.64176139683678,147.8283034066644,73,27,219.58985399445564,2,3,4,3,7,0,58.80167915234083,1.3301867838338737,LOW
45313,493.5524265901418,4041,195,97,139,10,13,13,5314,62.273589229609705,22.986190575156996,76,24,79.23189222404048,2,2,3,3,10,3,3.4219038194840836,28.522947753737572,LOW
37698,394.6714367824684,8325,144,56,92,11,14,13,435,53.57624264386589,191.46872567148034,68,32,218.74675976725132,4,4,3,2,8,2,21.73930240767436,21.339825178647153,LOW
9320,258.5976684575611,1849,68,9,18,13,9,12,93,35.055965769711655,46.672847227082734,23,77,398.8692511644467,8,7,10,8,7,4,23.666830535623227,11.452474691270858,LOW
24570,635.3701791322106,5865,20,2,3,11,8,12,140,59.78053946686467,177.72099447934528,59,41,226.4190291696737,4,3,7,5,8,4,61.60264126259525,6.595998754515012,LOW
4732,89.22368583217416,602,10,1,4,12,7,9,139,50.91923162245427,163.79990982693255,91,9,17.760986242412137,1,2,0,0,3,4,56.295124356176004,12.79201807634876,LOW
11622,123.10595994937741,1882,6,1,3,9,9,9,1162,103.20907409823045,193.89338557546904,61,39,318.5742577402639,4,5,8,3,9,3,47.434135170458724,0.0,LOW
15523,175.89732706402987,2349,138,18,42,5,7,6,2684,46.98949217725543,100.79922557969243,38,62,158.59017148935504,6,4,3,8,0,7,58.03770743026511,26.258827617014784,LOW
8507,576.9821710664673,2518,24,8,16,12,8,14,639,88.69396323127141,148.2054858307308,94,6,61.47045940062475,2,0,0,0,6,2,32.920223597026194,4.659770704334925,LOW
18405,435.0095022409412,2264,37,10,28,12,12,13,529,14.554363929636041,80.43502483717897,29,71,345.00792249067655,7,6,8,8,10,3,63.053962206600936,9.238458580712386,LOW
42286,734.5111482421923,5230,0,0,0,13,14,11,0,32.736927720994586,45.029965223741826,94,6,79.18930221398703,0,2,0,0,9,0,17.246432781869743,2.0185379134051384,LOW
29898,566.2759018415971,4144,172,56,62,5,6,10,7969,64.07376438364557,94.18442725735528,28,72,368.3069559434133,9,7,9,6,3,6,50.87724702723945,29.69975368824945,LOW
34768,1484.733855255942,6645,0,0,0,14,11,14,0,140.85764181676083,41.49231292380642,84,16,176.7185961770422,1,3,3,1,0,0,17.78520971132346,0.0,LOW
7237,83.58010342414424,818,0,0,0,8,9,14,333,59.701537928775835,196.58847832941294,56,44,297.11633389988,4,4,8,5,2,1,3.3501310988737876,5.752721731375405,LOW
36562,527.5188287959973,10194,112,9,11,4,2,1,14959,101.29074757397595,28.28683331673611,32,68,218.7983401354082,7,5,5,8,6,10,20.816813647114394,24.67066591828968,LOW
26010,307.4421001732546,3028,105,56,71,8,6,9,5370,41.98764725110273,121.95022745599788,71,29,102.65072156609114,3,4,3,2,10,6,35.742838237079944,20.270662259008308,LOW
19926,230.13860169719814,5458,0,0,0,10,12,12,0,23.4198685161186,129.02813249827062,69,31,268.4360697983675,2,3,7,4,2,0,60.805675077588816,0.0,LOW
37765,496.29532200349297,2865,599,135,199,4,4,5,13485,13.487807011607268,112.2351131460703,10,90,383.1650203560592,10,8,10,9,0,10,36.88323898726353,88.59537712027938,CRITICAL
18350,392.7233216546046,3929,7,3,4,12,13,14,1750,49.28495728869895,135.8153182852484,44,56,307.854786716565,6,6,8,5,6,2,13.309268083976086,4.3013914276572685,LOW
1114,17.681994704808282,308,8,0,2,10,8,8,6,27.860848885551654,32.07434725225928,46,54,241.60719863007128,5,5,7,6,7,5,71.48276692648018,13.0454588523035,LOW
22276,1100.8804206896823,2053,22,5,11,10,12,12,5132,30.231514962338007,115.4535195990053,15,85,396.25124330634264,8,7,9,10,4,5,19.810224360614633,6.139971158878142,LOW
24577,356.2074310935174,7178,71,10,36,10,9,10,3414,115.31009971610776,64.5703885141987,63,37,106.1306669370739,4,3,2,4,5,5,70.94857284453461,19.83461653603019,LOW
9874,448.2261302068985,1611,167,23,24,7,5,0,551,7.296520287006762,188.63345202720075,68,32,24.936595163778954,5,3,0,2,2,10,67.44792972783802,90.0,CRITICAL
35935,506.6604588615426,10292,68,4,15,14,11,6,386,85.88246823163799,154.79361415354788,90,10,12.852346446372431,0,2,0,1,4,1,39.28456786780599,11.067522410318647,LOW
31407,1171.3861209305921,6884,27,6,19,13,12,12,1338,60.02190018605239,194.77775161035112,63,37,284.2751518235193,3,4,7,4,2,1,7.075360408882482,8.1989258121952,LOW
13909,860.3129004054098,1744,135,11,19,11,6,10,1759,78.44974998673935,17.135653250636015,44,56,332.09294589366823,5,7,8,5,1,5,50.222159018994965,23.976286824486685,LOW
17014,821.8519065148462,1651,197,24,27,3,3,4,7524,86.61038439611742,64.17530328433466,20,80,254.04021499381065,9,7,5,8,6,9,60.96881280074022,35.22786393331704,MEDIUM
30366,5851.709466134196,3824,108,19,41,10,11,12,713,50.43831569630534,47.13029146128631,48,52,362.0106389772793,7,5,9,4,9,4,32.3390286270849,13.699651450557054,LOW
3483,47.52985079918676,255,33,1,2,11,6,8,431,47.79078472672136,12.119371589247795,36,64,279.1904189359682,7,5,7,7,10,6,17.59139284323121,12.275190529779588,LOW
32205,431.82918506352587,2768,127,66,90,4,11,4,3206,111.34326815356133,56.04188874680107,52,48,148.3818585636082,5,3,3,6,6,6,57.901927776954956,25.328139691368143,LOW
21162,392.48002018733416,1611,51,2,4,10,8,9,2184,131.3351632775678,138.9674368688815,87,13,72.50331665195264,2,1,0,1,7,4,39.473064535828904,8.884629262667376,LOW
24010,1181.0442970605714,3739,226,97,111,5,8,9,5323,32.92433670648654,53.90689520556803,26,74,369.85899142366253,8,6,9,8,0,7,14.630545344306668,46.58584216929472,MEDIUM
13151,1016.4896822499401,3273,99,5,26,1,6,4,3915,19.154720277596596,106.71065464169746,49,51,41.438859998991795,6,3,1,6,1,9,68.39201282917462,24.4116885838604,LOW
41498,6087.203633836713,3541,74,44,47,9,6,12,13,135.18039192684375,178.68544184334974,54,46,217.1953614985622,5,5,4,4,1,5,68.28902320799027,22.1737298368098,LOW
29035,1399.5417188290273,2397,26,10,12,9,9,13,516,55.73484222887281,141.8140048663243,80,20,125.60317010940464,2,2,2,2,2,4,26.74405165128781,1.5024871702754234,LOW
7140,79.65969394509106,1505,34,9,10,8,11,9,37,84.94102164610806,84.97952328214608,72,28,108.566003007869,1,3,1,4,6,3,5.0762223036344185,0.0,LOW
45047,1611.9301532169818,4472,374,245,294,8,5,9,11684,57.1337559554005,80.76909839330058,28,72,258.33394076675853,6,6,7,9,6,6,45.60138022030421,85.36953818205657,CRITICAL
15817,409.17559034282607,1176,41,1,2,8,8,7,743,23.24133877017744,96.58980466161209,84,16,92.49477495641449,2,2,3,1,6,3,23.18171152271772,16.43186221317751,LOW
8064,537.3198405135935,739,58,9,26,10,11,12,591,90.45308851742057,43.63787380138221,35,65,366.5460426969583,6,9,9,5,0,4,5.244401161503516,5.723911999817365,LOW
27845,1065.864902462019,7822,98,35,77,9,11,7,2508,81.1454235065963,130.46014580903773,66,34,162.41756363964964,3,3,4,4,1,4,64.26415863450248,17.031748559458997,LOW
48788,898.0543358351499,12458,0,0,0,13,12,10,0,34.4340660827236,79.18903562987505,63,37,270.9501386918716,3,4,6,4,7,0,71.86531649392009,5.190989765894717,LOW
29187,465.2315274699168,4042,0,0,0,14,13,13,0,70.52101147458029,171.9494163597883,70,30,291.1022869314338,2,4,8,3,8,0,25.553994230285152,0.0,LOW
14237,502.9236860047836,3046,48,0,1,13,14,12,168,120.55738808226864,153.7450054109851,54,46,273.17667785013214,4,6,5,4,9,2,53.749357831969974,9.764039424551635,LOW
9823,936.90193638057,1810,105,0,1,5,0,5,3365,90.61178495064425,125.99750117751042,0,100,361.3600963572094,10,10,9,10,6,10,5.202611648030974,26.881916920823897,LOW
15729,373.18388203313896,3449,43,0,1,14,12,13,1516,19.053012424714254,79.19842230340805,91,9,92.45234544239923,2,1,3,0,0,2,26.93393892851359,10.319862973742737,LOW
44981,1650.7200769459841,9925,39,24,30,13,14,14,1445,84.46311709822459,49.88704801796204,100,0,34.42181787444048,0,0,2,0,3,1,8.275751272549314,7.379191341838654,LOW
9002,348.13718577546615,1865,11,7,8,13,12,11,117,106.89705339699009,157.46885418006835,97,3,22.18627890601974,1,0,1,0,9,1,4.4575205071914334,0.9349683966331293,LOW
1045,10.864257816380555,121,3,0,0,8,7,7,135,119.94199383820894,102.41772880830644,29,71,351.1376601900099,6,7,7,8,7,5,42.59855939642895,11.859316621604702,LOW
37614,591.8939499190833,2247,0,0,0,14,11,14,0,96.22204890196868,52.702507253697924,52,48,389.31481997567283,6,6,8,3,4,0,57.84521560791109,2.978061663766089,LOW
29930,516.894915826662,4905,74,5,8,6,8,8,3951,27.13543385841364,47.08317685760118,75,25,121.01061648188507,4,3,2,1,0,5,32.887372956633016,9.438851422134261,LOW
10496,235.87240460265878,2862,7,0,1,7,4,10,784,107.9751236555733,41.42617185525822,48,52,277.4055694299877,5,7,7,4,6,4,37.97880639652877,5.248106029884973,LOW
28288,618.320836651829,5441,172,29,50,6,3,11,2711,103.21456768181987,157.66062727906305,58,42,3.56511366869956,4,2,1,6,5,5,19.857196217302487,19.387905689986873,LOW
30469,540.3648656066232,7863,212,124,126,10,9,12,5892,8.541898026391817,53.50756520705922,73,27,75.45260404639511,2,3,0,3,8,4,53.151690582477755,39.049221225561695,MEDIUM
49043,689.1853123430744,14610,43,8,29,9,8,9,10577,64.70341180058526,110.06203006978753,52,48,275.7097529846458,6,6,7,3,3,6,26.31673860064229,15.708114835755365,LOW
14419,201.09093362153368,1310,0,0,0,14,14,14,0,53.27778580954413,95.79380858488072,100,0,26.354855726093128,0,0,0,0,3,0,5.3261799533324234,1.3054744439897819,LOW
4310,202.24372062924334,960,8,2,4,9,12,9,100,102.06474931677829,120.12607085337395,63,37,187.4040199679298,5,2,3,4,7,2,12.333801338335133,1.8276667966261164,LOW
31086,591.9935027201099,6794,212,85,129,11,6,7,4348,36.3396927850835,176.65943107052692,28,72,265.03330574957954,7,5,7,9,3,5,9.685505275054487,40.598625049319594,MEDIUM
40474,917.028787170483,11939,0,0,0,14,13,10,0,90.67642883126749,174.87200411552882,79,21,306.38326852220695,4,3,6,0,2,0,31.665261942072764,0.0,LOW
42273,482.0179043719326,12529,87,28,33,3,2,2,5077,137.41486446305498,95.70445364672334,55,45,181.52636548974817,6,5,3,3,6,10,5.1627062327093505,23.293031984883225,LOW
16871,259.61456594386055,3739,183,43,49,4,2,7,7554,120.68134397024812,12.919587639597427,44,56,252.1136157985372,7,5,5,5,4,10,58.163629056393056,27.396978867999092,LOW
45584,820.0347778324266,5055,452,34,102,5,6,10,5239,138.61137175139692,91.02432308571761,44,56,215.83025182482453,6,6,5,5,8,6,65.42237108653734,46.49583923934718,MEDIUM
30129,1887.487359384758,7521,15,2,8,12,8,13,1278,146.88336520524004,125.17677211058667,97,3,20.92230883332844,0,1,0,0,4,3,18.26018381296565,6.959740588696756,LOW
8936,142.89460840684754,685,13,1,9,11,10,12,832,6.547168415893601,115.97530422863174,54,46,297.1218749039386,5,5,7,4,8,2,35.21394760990964,2.4695434354345025,LOW
13484,835.731369192298,3305,165,23,76,8,4,6,1197,95.29748507473424,133.75386010203903,38,62,68.94476635414999,6,4,1,8,5,9,37.61300910435469,32.052685631648544,LOW
33539,905.6119858357164,9308,93,27,67,3,2,4,10001,64.86171267504143,39.274389169885865,88,12,12.722212493536533,2,2,1,0,5,8,70.92758697674317,21.109845075359292,LOW
20395,1098.277579640317,2971,0,0,0,14,14,11,0,129.67890109859263,132.8416687683392,77,23,180.4671665153489,2,3,4,2,10,0,5.1917998546402595,2.2007631386378743,LOW
18655,263.686105863428,3873,145,53,92,2,6,9,6010,41.5131317913241,44.70380756131672,30,70,346.2550349126041,8,6,8,7,5,7,48.25358929361702,29.30433943596779,LOW
11116,451.9810616794387,1751,0,0,0,14,14,14,0,147.24927592168603,152.5995563323823,100,0,60.33177506441145,0,0,1,0,6,0,25.222196299718703,0.0,LOW
37629,891.1199090537451,5999,97,28,48,10,8,6,5307,93.98765558384336,74.4266465199092,82,18,5.143013646789996,1,1,0,3,10,4,36.37914416605482,18.724889370672578,LOW
40337,447.74560147154614,5146,372,178,277,5,8,4,5709,120.06292332318048,144.88013234247617,67,33,43.99169430616685,3,4,1,3,3,9,16.017971804718997,53.768051896033484,MEDIUM
25074,1027.1995920695576,6031,150,20,70,9,6,8,4349,17.411935159301407,19.094463792160347,65,35,145.46364573264268,5,4,4,2,3,7,11.957323032599849,17.26715191075539,LOW
3930,73.81462574987137,1116,35,4,6,7,8,5,927,31.601393290035432,87.49340486227355,58,42,232.0687479965215,3,3,5,6,8,5,17.914918856504112,10.817989092539614,LOW
13176,293.9050319060731,3757,18,2,3,8,5,5,91,114.96853258995947,143.9565592300332,63,37,77.20485359435702,3,4,2,4,6,6,5.595230444454812,18.404978069899723,LOW
11316,1683.4816723435304,1060,133,26,59,4,4,5,4494,8.188045695701923,53.105398102983884,28,72,320.78560200902825,8,8,7,6,10,10,20.38345624848834,31.223899498395284,LOW
33233,413.7985780128588,8929,397,132,287,4,1,5,2928,123.4473079545985,161.1045385114723,26,74,301.3188482196328,6,8,8,8,9,7,49.86009092170425,67.28295996255022,HIGH
20644,1785.9118528792958,4838,204,4,11,12,10,6,954,7.0226077103271605,129.84814928993706,43,57,278.3454466394797,4,7,7,6,5,5,47.0809583699772,23.5049744711882,LOW
2550,50.944748389906465,288,36,14,17,4,6,2,296,100.28223166388463,121.63673670846168,59,41,194.98792332621758,6,5,4,2,0,10,40.14647869985203,16.152564579302446,LOW
44960,771.6542290373427,3004,184,90,113,9,7,6,671,57.93861843361185,77.17428229882405,69,31,146.08678205359413,5,4,3,1,6,5,0.5277000273867842,30.93353774715439,LOW
34433,532.1905221775703,4028,303,18,27,3,4,5,17078,93.66675364428387,101.66577937241235,40,60,150.23464838592432,6,6,4,6,5,10,9.493412985986799,41.277719744309685,MEDIUM
25451,361.41718646535764,7076,97,3,9,10,5,8,5534,105.92455401342148,123.4963671857921,63,37,201.2282139822933,6,5,6,1,3,5,60.76516414837948,11.86482290315861,LOW
32913,1132.5535922498207,6855,164,16,48,10,13,6,3429,54.65890678201411,99.76780164382919,82,18,30.925874753061812,1,1,1,3,7,4,19.929293438166937,16.358788304903264,LOW
35301,5934.9522948514,8128,371,19,81,3,6,7,8835,20.654554976071154,142.67953154870642,52,48,272.92218514682446,6,6,7,3,6,7,65.7222205334073,42.49451431602872,MEDIUM
33413,453.1980544611799,3818,55,1,8,12,11,14,929,15.098650823498518,92.40241729032232,72,28,140.60301760372082,1,3,5,4,7,1,63.03004720664962,2.107930334523994,LOW
47537,850.5856349765587,10926,254,13,40,9,9,7,11574,90.39572327156944,48.43190453098577,65,35,89.90351117547544,1,4,1,5,8,6,11.577282940593541,23.17691483672049,LOW
41100,486.7869798989078,2343,180,5,18,9,13,14,5207,80.49502629144617,50.64741873219898,63,37,111.33082819945557,3,4,3,4,0,3,64.71787102109835,15.485297530903143,LOW
25780,310.48310005243053,3707,0,0,0,13,11,13,0,112.61914632256422,11.102716080158807,100,0,72.11771411448713,0,0,0,0,2,0,45.39019038522026,1.695923954354184,LOW
25057,294.38653295642575,5178,185,49,101,8,11,13,2303,78.91164895057088,67.18196595614776,29,71,360.6272342111154,6,7,8,8,1,4,45.565506581432984,20.909519097671847,LOW
47554,930.8982616350851,4114,136,42,76,12,9,9,3018,66.25463955447748,152.29435169091872,97,3,67.61500654502042,0,1,1,0,2,2,61.46661038851208,12.27139421221784,LOW
35900,978.3429853253584,9181,141,40,60,12,12,14,5268,62.722640844253476,160.89091467914582,47,53,353.17044755794507,5,6,8,5,10,3,29.46148716514552,11.860693902012837,LOW
4994,62.27085686445175,543,33,18,25,11,8,6,1022,8.834800876661783,48.468832998192504,51,49,228.89735838738054,5,6,4,4,10,6,53.07132569401422,9.787542629828714,LOW
15652,326.9487889982102,3334,28,13,19,7,8,11,2809,53.65579424601528,192.21835940556747,28,72,346.9803821555441,6,6,8,9,1,4,48.24515147928341,12.411317764523877,LOW
24395,1087.7509511703463,3690,24,7,18,9,10,13,3096,146.52292284105167,105.45653076122407,77,23,189.62568676220485,3,2,4,2,10,3,55.663298756274735,8.454235207603672,LOW
9655,111.97769065588045,1921,0,0,0,13,14,13,0,131.66555855292788,184.2259623135155,54,46,371.05348779242945,4,6,8,4,5,0,47.70350987069838,0.834449440244232,LOW
32383,364.49614902457887,2489,65,42,45,7,7,8,7234,52.75981971996156,144.28540355370993,55,45,84.59629744334008,4,3,1,6,8,5,6.223918246954876,8.384656948310495,LOW
43694,886.2983366466228,2369,522,143,318,1,8,3,8245,90.23033373462397,147.2623503742585,16,84,221.87670113890982,8,8,6,9,1,10,21.42883666519212,86.0823047372208,CRITICAL
43501,3568.1493200133423,12066,519,30,141,8,7,4,7424,127.85802810264663,26.158288048153516,65,35,50.33547620546766,4,5,0,2,3,9,67.70434242112458,43.26455295835301,MEDIUM
2328,55.63590985049814,273,12,0,1,8,5,7,454,68.98477882875996,51.798314110416825,63,37,178.88811408094574,3,4,4,4,4,5,16.47490098891286,5.480374801356527,LOW
45528,559.7516048966893,11605,46,23,25,11,8,12,1837,7.60389024377189,11.6748183259498,53,47,227.96147865873695,4,5,6,5,4,6,34.266618671686615,13.90020769523101,LOW
42398,467.61537582971437,12712,0,0,0,14,12,13,0,15.80401696370281,146.06425169058014,79,21,242.27008886926882,3,4,6,0,0,0,26.020350266463872,0.0,LOW
32623,1340.8598420460282,3355,30,1,7,10,9,13,2978,79.00694459556246,75.44327480141689,66,34,146.21151876291165,4,2,3,4,5,3,6.670358717913527,3.255791737614776,LOW
38073,3350.761098189364,4427,119,40,47,6,6,8,6397,145.56870947300237,159.4639780545059,84,16,30.53425686658113,2,2,0,1,4,8,13.4549912626271,9.246969704946084,LOW
1306,14.782402182870323,281,23,5,12,1,4,7,552,105.51538362173582,74.397881788035,21,79,262.13042855306105,6,7,6,10,5,9,20.996699169944968,12.576794998723077,LOW
41470,987.5345092242143,12082,156,107,115,9,11,12,9937,15.282847758592583,165.6734129367836,55,45,195.37274418131113,4,3,3,6,3,5,33.62727172652414,32.189983914956954,LOW
30257,535.8323223899158,8440,19,3,9,14,12,13,760,32.4573269898201,34.83266821217947,93,7,54.75154665490276,0,1,1,1,10,1,63.02846497334108,0.0,LOW
35136,362.35287249757056,6174,21,9,11,10,11,14,2841,116.84185576644326,42.940899783926554,37,63,374.3503877624398,6,7,9,6,5,3,37.36656417557524,2.262106803279818,LOW
15061,1330.0482731344473,3746,98,6,24,11,4,8,2728,127.00876519365549,74.76654252094794,50,50,382.2674648733773,7,7,9,2,8,5,47.11120469597529,22.506409164673833,LOW
48780,732.5401058413679,4094,195,43,107,12,12,7,3345,94.56571499734568,87.61260388763193,29,71,342.64251193254756,6,7,7,8,0,3,30.95579334633124,30.72441111295678,LOW
24762,2056.6419313085685,7288,96,32,33,3,3,1,2118,98.44135959632341,76.25353406016589,17,83,337.547320207039,8,9,6,8,5,9,62.709458164554626,90.0,CRITICAL
15399,378.63710515390534,4482,170,44,116,6,8,10,3450,9.108930305590773,155.09293617941177,81,19,39.46851034722245,3,2,2,1,0,6,47.877433967441696,19.69554460386467,LOW
49488,608.2417808966861,4500,160,15,50,11,10,14,3651,125.13688763931873,28.420764599075795,47,53,397.3680438330271,4,7,10,5,6,2,6.980063099466115,11.05369932383061,LOW
16434,355.8694038587435,2051,44,14,16,7,11,7,1006,119.2999051847703,76.73123373131273,55,45,160.15227194549263,2,5,4,6,3,5,34.64133631951416,13.065722037134462,LOW
38697,388.00860739132594,2903,118,11,40,6,11,10,4834,42.56009589498534,169.0755999079373,72,28,65.24844634684541,2,2,2,4,5,3,59.64724562248306,13.28242701744807,LOW
42344,728.6790470467695,4993,82,14,53,12,10,12,2598,107.7581243949985,22.691444679812676,42,58,324.84069128688844,5,5,8,7,6,2,52.9563577155848,16.077291132262523,LOW
36832,1037.2171344758676,9354,56,19,42,13,11,14,870,36.153917931624726,189.04526645755791,91,9,90.29230738522314,2,1,1,0,10,2,65.22974706626295,12.745305953937265,LOW
34657,1337.5619303959018,5010,57,9,14,11,12,12,1129,10.847873352469383,197.40020003168246,62,38,210.4701282678366,4,2,4,5,4,1,16.778250486318427,12.153683395277394,LOW
12093,315.7486533336573,871,37,10,14,2,5,2,1412,34.1647986756047,26.827953026765215,68,32,51.20642608137453,5,3,2,2,8,10,70.36780974007833,21.348358880644355,LOW
40542,1003.7468808152423,5495,72,36,40,10,12,13,1075,30.90118712937343,65.34177922859001,56,44,189.8582893103554,4,4,6,5,7,2,20.883053252695394,12.298651396318396,LOW
17820,1545.8284280240919,5263,146,65,104,2,5,4,6800,53.97345952655285,80.75612654671767,33,67,223.25659736117692,7,6,5,7,2,9,4.087861247810404,29.717853892961177,LOW
27876,694.9965963927223,5782,0,0,0,12,12,13,0,65.67517709044142,157.51436004401796,67,33,178.36958398053707,4,3,4,3,0,0,35.94059284454887,0.737550292642009,LOW
44013,896.3465637098622,6779,152,6,13,10,9,13,1130,78.73813926716765,123.22609430217942,90,10,27.7947299010612,0,2,1,1,10,2,8.389219801066519,9.876813807204298,LOW
14699,199.55176142029086,1346,60,14,17,4,9,6,5456,74.12931194870758,132.4294830935878,49,51,193.97561223310532,7,6,4,3,9,8,49.213732282191586,18.85035935353405,LOW
16376,243.00593336324098,4856,14,4,6,10,11,13,586,44.247817864966954,153.92686633551614,57,43,187.57713737632633,4,5,4,4,7,3,64.8897733585624,4.772903266106265,LOW
8745,120.8996138244519,2231,22,6,7,14,13,10,102,9.229746943240798,32.41600989303488,81,19,104.64811091626953,3,2,2,1,3,2,66.37604393502414,1.2276357688248813,LOW
7714,1331.2509677432145,928,23,2,3,10,8,9,157,92.73973522438685,168.30979681294986,12,88,368.6406398629746,8,8,8,10,6,7,43.903162852081984,13.440148799721651,LOW
1226,47.74440224738938,82,0,0,0,14,13,14,0,62.383000327866384,144.06776279422738,80,20,167.11693307930244,2,2,3,2,3,0,38.77143826611716,11.294351554815657,LOW
47100,694.0759632365972,3021,171,58,94,8,9,8,3629,48.307462821194704,119.69492778731035,48,52,345.64631847855406,6,6,8,4,6,4,71.57038675917725,35.61709006760516,MEDIUM
11862,232.68409211979397,950,0,0,0,14,14,14,0,130.7064512104243,179.04971360878076,97,3,43.86553185337676,1,0,0,0,0,0,41.92893890749116,6.198824095461507,LOW
18797,3414.6685891823713,3669,88,21,64,7,10,9,1365,113.27777963073316,143.05820723792334,58,42,127.55091368247258,5,5,3,3,0,6,66.81327015257422,15.83122040684318,LOW
30948,380.07053445225586,8733,73,9,39,6,9,9,2262,129.37600451400414,48.32299289989483,82,18,70.53234150721602,4,2,4,0,1,4,66.0365461139007,8.20133230362245,LOW
26672,340.13072158533606,4645,7,3,4,10,14,9,979,76.77250523330684,91.65162240437668,83,17,163.364315139277,2,1,3,2,4,1,21.200236403347002,6.0078450753096355,LOW
43374,759.6170991791262,11309,0,0,0,14,14,11,0,23.985031558382733,103.86814471778932,100,0,44.65467486835144,0,0,1,0,10,0,1.48320190379325,5.291350644851776,LOW
8157,720.9641595833349,1317,12,3,5,2,2,2,2791,105.9521082375845,20.491349082577074,36,64,176.4139223382482,7,5,3,7,9,10,31.900541157570014,16.05847875936073,LOW
19350,248.6541523149302,4395,224,6,10,7,7,6,2508,34.880698090890405,191.3811275384106,52,48,141.54829737929452,4,4,2,6,5,6,62.08796473196587,23.512319859023687,LOW
25925,428.8470332326417,6039,0,0,0,14,10,12,0,68.97830201829893,34.429679551406906,81,19,89.32601890960208,0,1,1,4,1,0,60.28359652153288,0.6587651597224862,LOW
27185,342.8717827822455,2541,77,18,59,12,12,11,1995,14.425114397588832,142.5176407730781,60,40,256.871764780126,3,5,7,4,0,2,43.66234690862052,12.309927285281722,LOW
47819,625.7723821462562,6709,784,372,539,4,0,2,646,124.66971835133245,106.18389685726723,13,87,380.3645952591328,8,9,9,9,8,10,11.701076316593344,100.0,CRITICAL
25078,308.51865993015616,5249,79,18,33,11,9,8,1832,23.261392951887583,14.870127478040292,80,20,82.84538941983475,1,3,1,2,6,5,8.192521545986658,11.183811211141052,LOW
29331,541.054886276969,1984,223,128,140,8,6,9,2611,135.9491385221499,185.7020204142287,60,40,284.71633595938016,7,5,7,1,7,5,68.75976184017082,46.92424910862951,MEDIUM
8406,458.5717260943075,1180,84,38,63,3,9,7,1155,130.31343732792578,171.8489936755973,39,61,296.95235570269716,6,5,7,7,5,6,30.629934261945888,24.80160619046094,LOW
7787,113.24904789467949,1430,43,6,7,1,5,3,2647,72.36450084369068,109.60900630172875,43,57,199.24820657034496,5,6,5,6,8,10,46.8435126964626,18.060748722256285,LOW
34160,534.2090059005593,10215,678,207,430,8,0,3,7846,112.93338962407864,53.499043866494596,3,97,359.0673384402268,9,10,10,10,7,10,65.26930566930858,100.0,CRITICAL
10722,141.9868170853108,1808,0,0,0,13,14,13,0,94.81953570363223,33.10834922921791,61,39,386.55602642593607,5,4,10,3,3,0,62.6973621069223,7.0446558594931385,LOW
37943,1794.9546539284677,9638,116,72,81,7,8,9,6781,121.445968138973,79.04457109210405,78,22,144.89858082153978,4,2,5,1,4,6,41.0335775223429,24.733082469753768,LOW
35201,1496.4729311116291,5562,55,2,4,14,14,13,656,67.61173961395724,58.5313733987572,67,33,260.41331920127504,2,5,5,3,1,1,35.38522041095306,12.33720470571419,LOW
18264,203.8645318432271,4549,42,2,5,11,6,11,4264,118.94223021543075,106.27132819119676,46,54,264.8850471600449,4,6,7,6,0,5,53.07103373762165,13.304821816516435,LOW
45141,592.02949084926,8976,450,129,259,5,9,6,15101,72.05623847444646,193.6177662634515,60,40,161.45421050100182,7,5,5,1,5,7,25.499667008037928,57.78903960389749,MEDIUM
18174,199.09794318566549,4936,125,13,17,9,7,9,2114,141.4400392372051,119.24116371363186,73,27,126.71642979784568,2,3,1,3,2,4,45.21543005396832,12.582180442716975,LOW
18524,240.32811816679725,2829,320,26,40,5,4,2,597,75.5239546196464,179.0869006191186,12,88,373.4976792911254,7,9,9,10,10,9,2.1553990030893577,41.28058444487397,MEDIUM
46507,753.3968132767278,9351,93,21,41,10,11,11,2284,72.07979443039078,133.66697912419767,57,43,315.9926197250701,4,5,7,4,3,2,59.43834809366632,18.46751272375574,LOW
24374,363.0183573976861,5057,474,223,316,0,4,4,2247,118.83541992670935,100.29684005156808,63,37,45.78582638981765,6,5,1,1,0,10,71.85930767820072,81.08057229849109,CRITICAL
44142,493.3877812268952,6813,272,45,58,6,4,7,7465,124.12876530532151,172.37543691934053,57,43,47.95362863395481,5,4,2,4,5,7,68.76151420365963,40.83065232100651,MEDIUM
32784,546.5216768698821,2821,118,17,79,6,7,5,2162,85.40092157656976,99.55994093286952,23,77,369.01710754113066,7,8,7,8,7,7,26.232481098453736,19.580338590325756,LOW
18102,278.1620402907139,1328,58,10,37,11,12,12,1911,31.070682956785934,175.03935239696858,90,10,32.56390601076977,1,1,1,1,9,3,38.473741666157686,8.8040240175189,LOW
38284,1927.1807164737395,2073,357,45,165,7,5,6,1077,72.82494348884903,65.3995862193954,40,60,275.36853849726634,5,7,6,6,3,7,17.389512863346827,40.473563610449204,MEDIUM
23765,475.08606009079034,6378,92,18,47,8,10,8,4531,145.37051292190336,34.47448401496774,58,42,90.70329877776469,4,2,3,6,9,4,22.16359948209162,13.678106832133833,LOW
26431,361.7824093194713,2884,311,5,10,4,0,0,2581,114.18299799068184,172.50974822895827,50,50,14.074137096647465,5,5,0,5,7,10,33.200246268163035,32.238212331042334,LOW
29341,954.5030408187008,3018,104,25,30,9,8,7,3876,122.61857756247417,121.60888112060668,87,13,23.85501843203608,2,1,0,1,10,4,53.916284840029995,11.629527983978589,LOW
29692,1226.2253060689545,6948,65,6,13,8,11,13,2722,9.75969732878982,178.9275556673024,81,19,149.40884147182481,3,2,3,1,9,2,1.7785909449771569,5.538353234772033,LOW
47042,1351.2555987326798,6115,539,13,64,6,5,9,3498,72.83962208195318,188.1871693285528,76,24,31.03538067574587,3,1,3,3,2,6,28.654850324681732,39.56401144647184,MEDIUM
43020,1539.5869428036567,7593,451,82,140,6,6,2,20096,98.76006438034553,20.189394170575344,18,82,238.6556799733816,7,7,6,10,10,10,40.289529660122994,74.34260290908686,HIGH
16085,632.8516161379434,1457,93,25,26,6,2,4,3125,125.35473912607083,105.18416735318499,28,72,258.90180454963024,9,7,5,6,6,10,15.885587516355308,32.289416875605745,LOW
26059,574.4824324944728,7555,321,89,187,3,5,8,10012,12.144679769501863,81.24326432416056,57,43,149.38742879321958,4,5,2,4,2,8,6.111226913866854,42.087614021786415,MEDIUM
40559,444.5082103982059,10662,240,110,114,6,6,0,15759,128.6036384180716,128.91309544332228,57,43,297.1512302873403,7,6,7,1,5,8,39.07953094126047,90.0,CRITICAL
34242,644.0017079440845,9106,0,0,0,13,14,13,0,84.5181358275772,160.78232746844148,78,22,196.01700806783091,2,4,4,1,3,0,46.10341389073324,3.3463449665024525,LOW
4633,202.73549673319,702,0,0,0,14,11,11,0,33.61052573352869,63.312141035130104,71,29,172.09140136083283,1,2,3,5,5,0,46.33166376191582,3.7214388154987272,LOW
15163,1231.531835618413,3648,99,3,4,3,8,5,1319,51.0020063852065,115.79169303090261,44,56,162.79523551605,7,5,5,5,6,9,25.995783530044882,14.412797088411846,LOW
22254,312.84251069300905,1913,62,15,26,0,3,4,2519,45.87978500397631,144.65843018193092,30,70,172.44259493821494,7,7,5,7,7,10,17.471368409643308,17.212611126844635,LOW
4472,108.10841487231642,233,4,0,0,9,12,9,75,81.974559971829,35.54190573878947,28,72,387.15505997376744,7,9,9,6,5,4,16.25763038963688,14.526583721408317,LOW
5795,69.75713448994107,318,0,0,0,12,14,14,0,12.494423587114113,164.6727121307407,70,30,272.56282401537504,3,3,7,3,3,0,3.3974617140974246,1.3540695692275135,LOW
47181,697.3916197304792,9278,117,18,47,8,11,12,4474,27.98774298248891,125.16082397206489,84,16,126.08393886444,2,2,2,1,8,3,13.704859665495482,14.339828881895503,LOW
42373,525.4396870354173,6942,0,0,0,10,10,9,0,122.84049128948845,190.41211305159385,63,37,293.5439480822261,4,3,9,4,6,0,59.03033808828829,6.319515507255321,LOW
29625,960.7628117835727,5317,32,6,9,14,14,12,1171,24.227578658287605,74.51049463483172,80,20,132.1069553291664,1,3,3,2,8,1,0.7181655019169702,5.0794135753007765,LOW
41496,586.3162002390859,2152,27,7,8,12,12,14,688,38.84245907142841,30.547729044067744,78,22,50.28596311387048,0,2,1,4,2,1,3.6380350828490524,8.469686656045004,LOW
10403,345.77672466371445,1619,45,8,15,8,13,10,1511,70.7387378126028,106.23522819701581,60,40,190.14414298225964,4,4,4,4,4,3,9.581854229953299,16.105654242423906,LOW
3520,37.362740140214555,807,31,0,0,3,5,9,61,79.98252877643291,26.304046624793383,55,45,300.4095436553656,5,6,6,3,0,7,30.54720166131643,11.745599226622563,LOW
42255,645.5525260320221,6789,68,2,4,13,14,14,132,115.723519544053,194.21003943156128,81,19,151.0639643549285,2,3,1,1,10,1,24.362255157078998,5.90804621981666,LOW
20920,583.8907389227691,4875,221,86,89,7,9,5,5869,69.86320186659722,17.35014206886639,23,77,347.66965681893714,10,9,8,5,7,8,13.215263850895216,49.58432774725247,MEDIUM
21952,717.3006016243294,2376,73,1,8,6,9,4,7793,119.53037005015312,153.16574121038852,37,63,154.78108163510393,6,7,3,6,0,8,8.432887398643423,15.510970081656902,LOW
46148,1994.4657696414272,11688,63,15,39,13,13,14,1835,94.66021452159133,109.76945564702636,94,6,139.9356102026927,1,1,1,0,0,1,67.62867139119409,2.907587144891802,LOW
38501,542.3371844780755,7588,0,0,0,14,14,10,0,21.399462216454257,80.03792397467485,38,62,399.29756554530667,4,6,10,8,6,0,65.65439082244878,6.720014446811106,LOW
10016,388.54862728273116,1028,88,4,6,4,2,6,1215,27.668058566961594,22.510011256644383,45,55,192.98880919602618,7,6,4,4,10,9,55.690750499619035,15.786447095342634,LOW
47827,776.9949544238403,5221,796,68,149,6,1,5,289,68.36989019021676,128.21171559298546,38,62,322.0884838854024,8,6,9,5,7,9,18.519571192777995,79.01242294106996,HIGH
49969,1657.8784654544315,10343,313,34,89,2,3,2,10182,62.54896199791074,121.1918625842815,21,79,321.995222423969,8,9,7,7,2,8,23.64440928923096,42.73366335981827,MEDIUM
2896,42.65909345646434,745,3,0,0,13,10,9,68,112.81391909740772,63.367821882843955,44,56,370.54773483967176,6,6,10,5,1,1,48.10791523084373,0.0,LOW
19046,231.08672312691735,2931,105,2,11,8,2,8,2294,89.20688527061603,182.9421232679593,72,28,33.95802178012146,5,3,0,1,6,7,21.356470999486405,8.157012552946853,LOW
19629,248.74418308056602,2248,10,0,2,14,11,9,1134,61.27929674532615,67.78090139513901,84,16,108.48811057073692,1,3,2,1,9,2,38.43953114575595,4.313600645626897,LOW
2091,27.05714655896875,557,0,0,0,11,13,13,0,29.760241100305915,95.44782801250017,60,40,307.09923661857357,3,5,7,4,4,0,47.066794874098406,7.300647834714859,LOW
11803,516.9130249679146,2564,145,44,92,6,0,0,4136,37.891379837196794,113.31486662454458,34,66,225.04059695942598,8,6,5,6,0,10,37.62253520067639,90.0,CRITICAL
31061,2318.5785678393972,5032,0,0,0,13,14,14,0,88.44764767801355,29.044056853494357,52,48,223.84597694181357,4,4,5,6,1,0,30.04986060563328,0.0,LOW
6683,93.59925794388089,1149,50,2,7,3,3,1,1760,66.3986267104699,187.11072665059015,54,46,66.48612074809633,5,5,0,4,2,9,25.37442196936261,16.903795341685818,LOW
27072,676.9187093646932,2736,44,1,4,14,13,14,201,79.66448878479746,81.1618689656978,97,3,112.46120564557191,1,0,2,0,5,1,56.10911902563828,4.288363278608056,LOW
34580,750.5498107006575,7147,32,13,16,10,5,10,1261,29.74822811882388,25.348050636125286,29,71,208.53363428669377,6,7,5,8,0,6,53.33842814090102,14.373772168283224,LOW
21195,2662.968182545062,2960,70,23,45,9,6,9,4164,101.12140658996204,83.58532299831269,64,36,110.87254586984847,5,3,0,3,7,5,50.28030658625012,18.977664907067524,LOW
7814,263.45456920906094,2335,128,65,98,0,4,7,2710,128.6181174241152,124.03848394759034,55,45,84.11311707948603,5,6,2,3,1,10,27.28941359341472,27.933381637092243,LOW
20123,2454.246359445638,3421,37,0,0,13,14,14,772,42.401228484100585,107.59400764605262,100,0,35.10242230799845,0,0,0,0,4,1,55.96516878390199,2.023671165607694,LOW
2639,29.81157983617107,452,6,0,1,12,8,11,60,76.26956274561485,141.96297506708206,91,9,62.290404769338224,2,1,2,0,7,3,68.97580968646682,4.730929927378897,LOW
47956,1705.2425883482103,9181,85,44,49,14,13,13,2193,146.45146270803076,20.54194899290302,75,25,307.5471049967892,3,4,7,1,4,1,49.76203561682916,16.178866997280092,LOW
31790,548.6044649977503,8875,0,0,0,14,13,12,0,53.32005237985551,64.06271595169066,34,66,287.5116722338862,4,6,6,9,7,0,29.664796451499175,13.34832752948612,LOW
18588,2135.8065331844527,4650,19,0,0,13,14,10,1617,91.28172001394537,165.65380959961942,91,9,18.33347373948464,0,3,1,0,5,2,57.4484102921283,11.36511736057735,LOW
40192,588.0278669739849,6542,205,100,111,12,11,11,2124,18.07837652903543,25.17980068035856,84,16,81.31363413764441,3,1,3,1,6,3,44.06509843772731,28.264824545924288,LOW
33630,942.3441763863997,7723,549,96,126,6,2,8,1595,92.87217535951926,172.54233139223194,27,73,224.1821386930865,7,8,5,7,7,9,63.25390872420487,72.61168358563906,HIGH
32588,360.8766530431046,6405,68,3,4,11,9,14,1869,17.996607129169597,27.460257494650186,67,33,129.05113769470927,4,3,4,3,2,4,51.49255101255813,9.44819697996569,LOW
26792,299.78328165490655,4637,22,5,8,10,11,11,972,144.0891381219542,168.54630082942228,38,62,329.2998410718122,6,8,8,5,4,4,55.54928384318966,6.637589473947047,LOW
46749,1302.105937004815,4585,76,2,9,6,11,9,6881,108.77108455048516,78.54979620495807,23,77,313.9957230648588,7,8,8,8,9,6,48.22170711424323,17.072255090978857,LOW
21170,233.68693775377244,3513,113,63,66,7,3,6,9047,119.28316927967744,126.319722018871,29,71,356.6322231832438,8,9,8,5,6,9,7.079462794300988,33.177602940294825,LOW
4238,42.535262648565435,472,45,24,26,8,7,3,486,107.09513231188734,39.04855197311966,55,45,225.17249260204636,5,6,7,3,8,7,35.18588122581711,19.58424004923461,LOW
2969,35.59333717583232,827,25,6,16,7,5,7,726,90.51071023108753,22.572057127784362,42,58,140.83059192363942,5,5,4,7,5,8,4.539026052618296,2.7964702539388853,LOW
23034,270.1530554173681,3083,133,33,40,8,8,9,6161,70.23735325739828,51.02825876382567,52,48,242.42587847396712,6,6,6,3,9,6,32.499764441147505,17.980095633423765,LOW
49374,1723.0001755309,14222,238,1,2,11,10,10,6221,129.46414006535406,34.29222540265215,85,15,35.654671898183125,0,1,0,3,0,4,51.724529684215454,23.106763621652526,LOW
9517,159.18248640857874,1744,136,20,28,1,4,7,1378,143.74117179374414,69.35712055913004,65,35,3.8344070965870447,2,3,0,5,10,8,30.619766225516667,15.610859578849894,LOW
3308,290.4477505117536,687,6,0,2,5,8,5,1147,77.3602450710918,107.73281683709384,65,35,6.837408048142146,3,2,0,5,7,7,0.6165630133088003,4.2068912225098885,LOW
49638,3541.2197758465127,9219,634,222,352,3,4,4,4186,140.072582127513,121.8642980773518,36,64,163.01717517368647,7,5,4,7,5,9,26.90388415670925,99.13778312601337,CRITICAL
48138,481.88695402348986,3963,716,65,218,5,5,2,10075,89.58327194833504,160.07494040215116,59,41,91.23103764122531,6,5,3,2,0,8,5.344767298110343,72.09673733973878,HIGH
13213,366.7147592733621,1902,60,15,25,2,2,5,4737,83.06570709998282,134.68557971718815,76,24,62.93508232001908,4,4,2,0,3,9,56.312641777682835,18.89223596889765,LOW
40829,536.676615525726,3053,483,79,202,9,6,3,9,70.89999627852671,125.66408177461507,55,45,246.13040624726818,5,6,7,3,5,7,56.53823720436726,55.07318223248335,MEDIUM
3219,39.43249544510463,662,22,1,2,10,11,7,564,35.346725421867376,88.23858522229717,48,52,398.03801704527245,6,6,9,4,9,5,58.15606914002828,7.684695719056462,LOW
23390,270.36645808020984,3782,8,2,3,12,9,9,935,5.5393508186185825,100.02360264242635,94,6,71.10128144621454,1,1,0,0,0,3,2.668394182793004,0.4248585241138274,LOW
12200,122.27550106735735,2982,52,16,18,6,7,9,828,40.01840289412888,88.75895758413441,48,52,218.5685696855755,6,6,4,4,9,8,2.8072555852642442,8.469805790217698,LOW
37009,1324.4857205537637,3890,370,79,239,2,7,10,4059,78.90985988251695,170.0115457116628,49,51,47.891005599957516,4,5,0,6,4,8,65.0966291438994,45.64799185372312,MEDIUM
43034,4871.776222096592,3922,408,205,225,0,5,8,18722,60.094193077664116,53.70008598419597,6,94,373.6945764288556,10,8,9,10,2,9,9.343397440121217,98.91499583556053,CRITICAL
37266,845.7398667656644,5648,369,16,32,3,5,4,14957,70.0303580603819,11.086976992973279,50,50,116.70206742823402,5,5,4,5,6,9,48.41145147675209,46.78922882309036,MEDIUM
27205,1567.319229939624,7662,117,39,45,6,3,4,2326,147.19399183678718,133.75078047298547,21,79,351.33592801735136,9,8,9,7,7,8,57.374989042027565,31.432696855700012,LOW
19287,2704.874781222329,4389,239,81,134,2,3,3,1015,55.789493747052504,48.46781489137796,44,56,113.23057570015074,6,6,5,5,2,9,32.52225481673735,42.5042454239794,MEDIUM
49345,1257.5002589823687,7635,59,3,4,9,14,11,1796,70.56652620721565,179.12187589886378,53,47,322.4209920746878,4,5,7,5,9,2,39.57275462906435,12.850712582802023,LOW
27088,340.92196044129986,4857,227,104,143,1,0,2,8022,24.359754946158837,173.21880264426466,51,49,83.75253337830908,6,5,3,4,2,10,16.757721735679596,44.2889957014842,MEDIUM
26623,452.87095743118533,1891,42,4,7,12,9,9,2308,11.953871203363208,24.57820066635912,66,34,117.11577206137775,3,3,3,4,10,2,66.53739679271706,11.232523821751126,LOW
33562,966.8170768145485,9939,462,83,185,4,3,4,16211,117.43437961591172,30.213797028674698,69,31,76.9901461614536,5,4,1,1,2,10,22.07877885301925,45.871867295160705,MEDIUM
10677,158.97266341743338,2312,14,9,10,10,13,7,2005,87.7490603854369,104.0826025268666,71,29,105.70395113986226,3,4,1,2,10,5,16.07350004038942,7.81462971116282,LOW
22227,821.9519372298665,2697,54,20,24,9,10,8,3328,115.30219687636477,125.75230592617739,55,45,333.9463021333261,6,5,7,3,5,5,38.066352046210746,11.704150932148215,LOW
30720,4825.45625956685,6035,73,12,24,10,8,7,1093,26.730105838549985,62.23258412162574,53,47,255.61299901867898,4,5,5,5,5,5,14.121731187410782,15.038674036541767,LOW
10382,133.76526516002318,803,12,0,0,10,6,9,153,87.91517182149019,146.1915661728804,69,31,162.3518675348896,6,3,5,1,2,4,49.598451500517896,11.81770597930759,LOW
1636,25.460818615733114,476,3,0,0,10,7,9,195,41.778158779499456,123.03404397458559,45,55,388.6084108328625,7,6,10,4,5,4,37.330754651565876,3.5931609128516477,LOW
35332,456.37523606194526,3310,44,19,20,14,14,14,952,38.06896345050289,71.71658085222539,63,37,185.9446108518295,3,4,5,4,8,1,11.068018461785353,2.4284295894615617,LOW
32466,3732.1052479377986,6883,290,48,114,2,11,7,8240,6.671272037682862,14.820582728039962,28,72,387.9039885035406,7,9,9,6,10,6,5.308118912402044,38.22217019923792,MEDIUM
7509,88.83618775790848,836,30,7,8,10,11,11,363,23.899404917515426,152.52855344671835,69,31,78.63476916434409,2,3,1,4,7,3,10.29217487398105,10.862356164107126,LOW
13487,211.21294060941057,3093,27,5,19,9,11,14,53,49.843876167455825,50.803196506765715,46,54,361.85537084597973,4,6,9,6,10,2,10.268662842850361,5.6944122605692,LOW
37811,646.092739055183,9233,52,12,13,4,9,6,5607,21.94742028568616,168.5500112578994,81,19,5.528881638997873,4,1,0,1,6,7,22.868812545781743,11.426258806873461,LOW
32075,498.53637359331225,7003,184,62,79,7,12,13,4662,147.94947385958594,89.85514941030848,60,40,218.121280946303,4,4,5,4,6,3,60.07885141717442,31.015002641934927,LOW
1507,17.297749786255846,306,6,0,2,5,0,4,599,49.751734035972845,119.64471410003543,21,79,169.2209577168059,6,7,4,10,7,10,4.596522451083409,14.969225202063196,LOW
5945,97.84563799628027,1623,24,4,10,12,11,11,30,23.896972271837583,175.86025877771036,49,51,210.0351381887917,4,5,4,6,6,3,9.658359121509498,14.52112827678503,LOW
11206,186.1762209164469,780,143,38,54,10,7,8,3430,33.86693536005387,174.08837017479115,36,64,221.3779327790796,5,7,5,7,2,7,22.15729156731622,21.23586910017056,LOW
48017,484.4597949740593,6373,0,0,0,14,8,11,0,90.21696810951408,80.58871929627892,75,25,155.61254162708437,1,2,3,4,7,0,40.06332229162325,2.37480676867721,LOW
44986,585.0744051547244,5041,185,125,134,8,6,2,6563,14.286310960394333,49.688889615820194,25,75,399.27913875443807,8,9,9,6,7,8,55.046123091720716,49.85800227366208,MEDIUM
29757,632.8864689938005,8837,124,35,44,8,10,8,3095,130.05294887046773,157.277754768433,32,68,390.60287612025036,6,6,10,8,0,6,66.36518885717216,21.913688576947877,LOW
22236,307.9662585961849,3276,3,0,1,13,14,11,661,144.41745348938636,92.28523868440492,43,57,384.69815068183806,4,7,10,6,9,1,29.96430691783459,8.104325485818874,LOW
42707,1017.3930252004644,9957,539,266,283,0,3,7,11330,40.77837599677022,46.487978776210774,6,94,391.63401895063515,9,9,10,10,4,10,8.067189231260695,100.0,CRITICAL
13781,515.309162987177,3048,87,2,4,7,9,11,2262,70.26381394567461,181.84081504025855,48,52,317.20495950775944,7,5,7,4,4,5,15.766361350394167,17.74215849111348,LOW
1935,31.360954416369502,199,20,10,12,5,7,7,388,8.209495399277076,47.639796905806605,12,88,395.4361916105328,7,9,10,10,0,7,21.038205565507493,8.70419199467613,LOW
33839,363.16785576158986,3713,40,13,16,3,4,6,2435,97.90298258544712,14.903361956333905,29,71,356.9440901100568,7,10,9,5,5,10,56.70598158138863,20.636732902977794,LOW
35650,382.2308054200971,4289,235,115,123,12,3,9,1834,65.01927841762539,13.853195015809794,64,36,166.37305481296843,4,4,4,3,5,4,49.59499720850247,33.33646602220236,LOW
26321,702.2491129583284,4021,197,30,121,8,7,8,5534,44.158477584725574,128.2399177263102,30,70,313.9108433533631,7,7,7,7,3,5,15.443880623398536,30.40607915393927,LOW
27160,492.65945313469064,2949,89,41,62,8,6,5,8106,34.991381039408225,135.71826153633077,0,100,364.8271380502503,10,10,9,10,5,9,60.470303612040844,35.12514731245984,MEDIUM
5584,222.42217589786014,306,29,5,9,7,7,2,876,99.83334626052026,69.09792396082695,63,37,285.042429434837,7,4,9,1,5,7,61.92964287100756,19.465361260070306,LOW
17161,172.32522654307948,4630,112,42,72,7,7,8,783,65.35146949968559,70.80208795694205,65,35,169.11293622624157,3,6,4,2,0,5,63.59437240954322,24.243584002465536,LOW
14007,142.62846767391022,4081,116,13,24,7,3,4,43,31.050596909337244,74.50384386138913,85,15,26.3160968065701,3,2,0,0,4,8,20.162799494027848,16.463621153910168,LOW
7559,113.32264706543057,1023,19,8,10,5,9,5,943,104.92081681558949,139.23012388418695,35,65,323.87877482423505,8,7,7,5,1,8,10.061712511428157,13.25039049824762,LOW
18771,230.5472016650705,2527,39,1,3,7,8,7,411,86.93548104032058,21.04542029509743,18,82,381.09714925058813,10,8,9,7,6,8,7.932954599089409,8.376020709216075,LOW
46039,631.2374847049047,2383,364,2,5,11,8,5,5550,129.50744796477693,186.53210701135188,70,30,144.98530409197053,3,3,2,3,8,5,29.10627437093806,30.14942935838469,LOW
7991,130.25258332650026,1758,25,0,1,5,7,8,2626,22.03400533709147,52.27899839371482,45,55,60.762420395575845,4,5,1,7,8,8,31.196723934996758,10.447935871948747,LOW
47795,4747.190755513606,12252,40,4,10,9,13,11,1364,118.92165728194614,199.93790899599753,81,19,130.6015357882223,2,3,5,1,10,2,62.57701485515361,9.461353472342966,LOW
15359,318.6341816319013,1330,103,1,2,7,9,8,2604,102.65993408850255,42.58931181956553,48,52,233.0489432712985,4,4,5,7,8,4,19.644557207556794,15.876367550410118,LOW
8573,124.05813440392818,770,10,1,5,13,11,11,302,21.676585840074186,156.59382688935173,87,13,126.77160131289446,2,1,2,1,10,1,45.3227881267389,0.7115400796923819,LOW
9577,138.0657465421093,2370,83,7,21,11,7,7,419,105.7490058313995,52.448383536628754,34,66,244.24749207854157,6,8,5,6,6,7,56.8572087524705,15.144519868228427,LOW
21453,530.4024106554176,4377,216,79,127,3,7,2,6913,69.02435688757541,25.360892312218255,9,91,386.74089289785223,7,10,9,10,6,10,19.744431950987224,52.896069831758204,MEDIUM
11883,125.79829630222795,727,42,0,1,8,12,13,270,142.02279390559724,176.23733162662327,57,43,268.293797323073,5,4,5,4,0,3,19.6004811695695,4.929447214080569,LOW
49646,2375.5296734282215,10209,308,15,53,11,11,5,8126,25.5336458395954,173.16273924626947,78,22,145.06374651424866,4,2,2,1,10,5,48.344601258282694,20.305605010908696,LOW
2853,54.30753408433735,362,27,7,8,5,7,9,101,98.210841668282,86.67837456542426,32,68,374.30118858861397,7,5,10,8,10,5,52.418744047157254,7.565152494446403,LOW
24321,344.3243714575011,3457,50,13,15,14,5,10,1909,60.38710659212716,143.4552670826811,67,33,226.25410748045755,4,3,6,3,5,4,69.12302884995005,15.863171999611502,LOW
38067,534.4394424996822,9228,0,0,0,13,13,14,0,143.73812723567727,115.84252720994425,88,12,51.34895941302666,0,0,0,3,4,0,61.2707579520234,4.197272848309164,LOW
25360,380.6624616681325,6409,52,19,41,2,3,3,638,52.84635981709009,172.06166159801228,31,69,199.59240207750463,7,8,3,6,7,10,59.27667537669743,24.92380788080393,LOW
21695,696.4154843529622,3256,175,37,39,5,6,11,997,144.516956876311,69.86063417054434,52,48,261.45457796401996,6,6,6,3,7,6,50.00046699435716,30.59635624888002,LOW
12439,626.9776072460813,3567,127,16,73,4,2,3,1793,135.71544840960863,109.49775599980718,21,79,335.3017463266954,8,9,7,7,10,9,8.97179429867755,27.274759982302495,LOW
25838,394.9898987857594,3917,56,5,9,7,8,8,4180,44.20556912004517,102.22075052886458,21,79,374.59071468305893,9,8,8,7,3,7,58.360747614847426,20.06323983947086,LOW
22230,358.93220700740505,5400,0,0,0,13,14,11,0,121.51355763983202,77.24210698880316,100,0,126.96645348655409,0,0,5,0,0,0,67.37550339924354,2.3343288252992456,LOW
21927,994.9261815052554,3748,86,21,26,6,3,7,1847,149.36260926150837,179.37646226571073,58,42,62.20494563161472,6,4,1,3,5,9,28.436323879211237,19.036265794339233,LOW
35696,495.85891386882287,9794,156,107,112,11,9,7,3720,41.63613531483594,41.51680568588174,82,18,29.531456877552962,3,3,0,0,9,6,22.926830024604396,40.718227755825545,MEDIUM
27583,571.7710256185524,7638,157,20,42,11,14,9,1968,68.33268955188134,38.40664150893227,61,39,295.3418410833131,4,5,8,3,0,3,37.85743742588851,14.560353257049254,LOW
22010,321.60845161499117,1581,153,0,1,8,9,7,1627,80.42620680218015,119.61281171132276,37,63,318.06330108617277,7,6,7,6,4,5,68.88657543354235,23.334769415152262,LOW
44564,527.0735323557308,12661,40,11,16,3,3,7,11154,47.765014691560324,134.923903697139,43,57,163.74925077126673,6,5,3,6,4,8,4.134507603400908,16.5996052800022,LOW
8313,393.52968248274266,2131,19,6,7,10,9,12,426,7.213401748674315,46.977658321667384,84,16,158.3701628694516,2,2,2,1,2,4,51.184965811705325,10.868433124410155,LOW
32098,4707.305788947313,7954,26,1,2,4,7,7,8676,36.91874040864137,84.23631402837859,12,88,381.6948126618528,9,7,10,10,4,7,58.74878582432664,15.549507142305002,LOW
47682,603.456982275827,4779,278,38,52,10,7,7,4817,45.88084822955498,189.84713016596132,27,73,366.67253003213096,6,9,8,7,5,4,56.89556542073281,46.150260425042774,MEDIUM
28070,446.1131588401978,7053,27,14,16,12,11,8,121,69.32195669113713,56.85731031122806,97,3,93.30636076681729,1,0,1,0,4,1,41.02436995537847,4.37382500699904,LOW
27582,385.9470653066574,7241,164,1,4,9,12,14,2594,29.809859369943272,136.98853340230488,60,40,312.3230590999229,4,4,8,4,0,3,66.32025429784882,14.015005575849909,LOW
29741,351.4457605039529,3636,44,8,17,12,13,14,846,131.62188172029255,150.62838480254226,70,30,249.08015849317601,3,3,5,3,6,1,10.118448737294422,8.29076039750523,LOW
31178,383.6487763942637,8981,202,17,85,8,10,11,3167,107.21211424604374,95.14445289838031,69,31,61.689095647855964,2,3,0,4,2,6,18.02826766718614,24.45435724140946,LOW
45069,468.0674051496208,2815,440,82,242,4,7,9,150,17.354069246150985,188.12993748432078,65,35,142.70841883462415,4,5,3,2,6,6,22.44737567056255,40.407878391282026,MEDIUM
12245,218.99768723565245,1071,35,0,1,14,10,13,245,99.26340541529005,149.9647796915702,89,11,70.98917652299299,1,0,0,2,4,2,1.1204347929494336,0.0,LOW
26529,516.0572700631743,4891,89,37,41,7,12,10,3228,99.78018907881496,97.00567017357059,57,43,118.06241552873544,5,4,2,4,2,6,27.002851890337105,18.474237069544156,LOW
13525,313.22890864173473,2623,0,0,0,14,14,10,0,143.65207017832603,118.17368833745786,80,20,246.12047030934065,1,3,5,2,10,0,11.987178404745697,3.2824411731461733,LOW
36624,1868.5095513333101,7738,0,0,0,14,10,11,0,5.438026346643381,141.59655425076912,76,24,150.10618841737588,2,2,3,3,5,0,52.31076987929504,8.126062497988737,LOW
14788,248.9659230195273,802,113,12,45,6,6,5,4213,40.95020522184204,122.51613428155146,32,68,157.62380793434286,7,5,2,8,0,8,30.169125709608934,23.006149092633272,LOW
24150,771.1666120870764,7005,53,27,38,10,5,9,5168,139.52976450942074,176.9525409269544,49,51,215.85891704687592,5,4,5,6,5,5,50.86885046706735,20.612388474694594,LOW
7040,76.08819055574232,430,14,0,1,5,12,8,910,140.15941773275105,77.80884583327622,91,9,34.889655536689105,2,1,1,0,3,4,21.496208786806076,0.0,LOW
32732,541.8924805285067,2807,103,9,13,9,10,11,5638,109.48503080874242,66.97829061060293,66,34,295.5189159397659,6,4,8,1,3,5,9.932118940644552,7.0930226284129,LOW
16922,275.9629885895263,905,10,2,5,6,8,8,2574,116.03568155189329,50.62938900410022,64,36,160.68381336533602,4,4,3,3,4,5,9.9372151841883,6.3633108505741935,LOW
3842,99.23073507740908,736,0,0,0,13,14,14,0,18.265028899798832,17.178763932273075,85,15,192.1588352809281,3,2,4,0,8,0,15.033358299300925,4.80285296325218,LOW
42346,4260.594552922434,11986,237,63,118,12,7,5,2210,79.51199604284388,18.172653232210514,48,52,389.7198915418527,6,6,9,4,0,4,8.737922022393718,32.15327943372383,LOW
36112,4505.182394826228,7817,407,209,324,9,6,8,3846,38.579533736904914,175.31048669076372,64,36,137.7467553273016,4,4,2,3,2,8,16.269115784313104,62.73457460999862,HIGH
10896,240.97217573311667,2785,38,9,30,13,9,11,206,31.276616323974505,138.8946978171224,61,39,259.2875743895702,5,4,5,3,10,3,41.90095564457997,9.703257896625766,LOW
17982,1379.6531249944167,958,50,7,14,11,14,14,873,122.49397837288322,135.50115893293236,94,6,157.00172691832427,1,1,4,0,3,2,18.8280250699013,3.983343489775109,LOW
23911,381.6572089608674,4435,0,0,0,10,13,12,0,24.580529818679377,126.78213559762835,45,55,357.71308747347126,5,4,9,7,1,0,25.02067914610829,7.417695629233792,LOW
47266,532.9203072897777,7793,39,22,28,14,13,11,638,72.95448736447585,171.35163749187993,45,55,338.7025067980158,5,4,8,7,8,1,4.27047982304437,8.221500348762389,LOW
13761,154.83211979752386,2404,40,1,2,10,14,13,664,141.0938447399748,101.25071587646922,83,17,96.64970870495372,1,2,0,2,10,2,64.29295011874055,15.758348385652795,LOW
3593,53.14356542634916,244,8,1,2,11,10,13,516,31.94564805697467,175.37805742607705,32,68,276.6982850443602,6,6,6,8,6,3,10.37851093364827,4.50248953123812,LOW
12222,487.57283692354605,2702,126,26,38,10,5,8,3533,146.809046442044,78.29455497462544,84,16,26.068798358882805,2,2,1,1,0,6,25.429607245648587,14.004880398994386,LOW
22542,259.1490258007109,3962,195,20,46,8,10,10,4191,149.17175793535355,186.0744258244272,38,62,385.274155811956,6,8,10,5,8,5,27.63276639918921,24.45665084889301,LOW
44913,503.62823390300946,10836,814,534,647,0,3,3,8741,85.56448742894842,142.7448262154356,47,53,139.59604320566302,6,5,3,5,5,10,55.707028235381166,100.0,CRITICAL
48351,2041.669414952994,8283,37,12,21,7,7,3,14640,29.670697325687897,58.86365584464118,24,76,332.7371090339068,8,8,8,7,1,7,35.07331401141347,18.58407573280825,LOW
28587,380.87826105841845,2496,152,16,47,4,5,4,10010,50.83520875142987,117.17613512083878,46,54,127.37254643092398,5,5,3,6,0,8,27.88137465048397,13.894770887110198,LOW
32847,1019.4803033790755,6965,58,30,38,8,7,7,7474,66.5514607380976,111.27580668276856,40,60,253.10829647874883,4,8,5,6,5,5,50.25504094921687,16.79384290984283,LOW
34256,421.60800249847387,3189,197,23,77,7,5,8,6577,49.85201253194233,36.20077612876345,12,88,393.4363167937327,8,8,10,10,6,6,43.18655467518302,23.045484229786496,LOW
39714,398.18483505271894,10647,124,29,86,12,8,5,1202,45.69215908209479,122.33615209261669,40,60,350.6999452526521,5,7,7,6,9,3,6.086622740771492,22.21636603197851,LOW
16835,2143.911267990097,3422,9,0,1,12,14,12,76,145.97330783637184,69.80926850622201,91,9,64.14636396196296,2,1,1,0,5,1,22.85806796134225,0.0,LOW
29102,322.46070113341307,2598,343,49,61,8,8,4,10648,27.237899975283117,19.94626569382446,34,66,218.9953732597885,7,7,5,6,6,8,70.47048119484774,49.13228297463971,MEDIUM
49401,770.0869286966623,14355,242,39,47,5,10,3,1097,111.33254676394503,190.24466996424732,51,49,139.41271284587606,6,5,3,4,5,8,35.058467016694586,28.94832477914597,LOW
34950,358.5669063050118,6276,180,33,77,8,9,11,1551,5.059491968680357,131.88317012221466,56,44,173.7355406593167,4,4,3,5,7,3,30.829804491487604,21.028857378592367,LOW
32696,664.8784715841317,2230,28,5,6,8,13,11,1592,91.44648706334465,176.61459705546093,87,13,134.07325168750742,2,1,2,1,1,2,11.219265791498959,4.769222871922134,LOW
6126,71.64756968523575,1266,43,3,5,7,2,6,60,137.8117355733376,138.45064095251809,50,50,134.38369927820526,6,4,4,5,8,9,60.493517431358555,13.394806378662071,LOW
7924,725.1472006074963,897,101,69,80,3,6,3,3593,46.75044364351676,77.82690150662145,33,67,217.02129751064456,7,6,5,7,8,10,10.03151324068224,33.4268847306272,LOW
13357,362.4546209346017,3351,83,45,59,10,8,6,958,31.90126641236928,107.41073374247416,63,37,76.78560364926103,5,2,1,4,10,5,8.013487709752866,11.109029271748742,LOW
45423,3996.1919610469236,11558,22,7,11,11,14,9,129,99.49357025737191,138.39188446596364,59,41,214.95817009334587,3,4,4,5,8,2,31.888525062520184,6.448341157722597,LOW
20482,209.73278563545225,6036,0,0,0,10,12,12,0,108.32720405826701,192.44794178827314,93,7,111.58617487932037,0,1,3,1,6,0,31.72025187489311,0.0,LOW
11925,144.34857849761968,2092,44,24,32,9,10,9,557,104.76442524803728,58.19719723312233,91,9,115.59316169671985,3,0,2,0,8,3,70.67503254766065,10.42951740960931,LOW
2480,28.83989039993069,406,0,0,0,14,14,14,0,51.30094760309924,176.24564113858236,64,36,295.4992116142491,3,5,6,3,0,0,9.618644289968405,0.0,LOW
48790,518.4540692905663,11630,85,15,35,14,12,11,1106,41.56934831310298,185.5747830059112,97,3,11.837441423974315,0,1,0,0,2,1,35.09363755497955,6.668050415509353,LOW
26931,2058.1847504707744,2238,61,33,43,11,7,12,1785,143.60822599449642,137.37894778520175,91,9,152.37830506952284,0,3,3,0,1,2,14.889039814970667,7.412103224144415,LOW
19940,478.9611247067051,3723,255,73,115,6,5,10,1682,138.87842869913976,186.9406592062542,42,58,163.01375206145804,4,6,4,7,10,7,50.676118257621944,41.29028183408356,MEDIUM
42252,3596.43080263178,7882,651,42,66,4,0,1,9561,71.31090843445894,85.59693162070002,54,46,194.0440558872691,5,5,6,4,0,9,28.50561171035691,90.61544066361427,CRITICAL
17675,706.2839792674088,1279,101,14,29,13,10,11,683,127.69811059238414,191.07307344768412,60,40,267.60440989181546,3,5,5,4,4,3,46.865454092157684,12.613371704901766,LOW
49151,1834.694320310814,7593,253,26,90,7,9,8,7012,70.58690425697293,143.52874666153522,70,30,147.87471309483462,3,3,3,3,0,3,24.696399629375385,25.279705073419137,LOW
26885,542.4170205990257,7079,401,112,300,0,5,5,737,66.53640762051401,17.981095809574263,57,43,85.25484172258201,5,4,2,4,2,9,40.86503804431561,61.46155472082097,HIGH
38658,1266.9185510275327,10207,306,131,161,5,5,11,4247,27.730627401897724,182.30583804562002,23,77,353.94913621852345,8,7,6,8,5,8,34.04329372593614,62.025247374777315,HIGH
23519,1611.6719451608394,1759,70,20,49,9,9,8,6301,66.82887819133606,102.0498337163066,12,88,392.4154506724848,7,9,10,10,5,6,27.267095889130193,22.283935093877442,LOW
19139,915.2313102836669,1391,35,4,21,14,11,14,459,82.92545609697201,97.46212710778823,93,7,8.005877269173123,1,0,2,1,2,1,38.933022675760924,0.7682196589134831,LOW
20494,1079.1326067304328,2370,60,13,14,13,13,10,1229,8.263127477159538,117.62865513613052,75,25,218.58674040027915,3,4,5,1,3,2,27.941605408918512,9.411046943857599,LOW
34875,357.90412893168815,9370,66,13,37,13,7,11,3409,69.39638575043394,38.38306388653331,83,17,136.6809516436793,1,2,4,2,6,3,58.130342611583316,11.22859136122176,LOW
22063,286.03918679847163,1814,49,5,7,12,13,8,234,118.29665166730405,99.14154922780574,70,30,110.7958301548837,3,3,1,3,5,3,35.90948841808137,15.1649226654988,LOW
39841,410.99745803369393,9163,503,154,164,4,5,4,318,103.60667817426913,167.9141711763717,69,31,134.28255634797418,5,4,2,1,10,9,65.07359955379329,59.1705092677467,MEDIUM
6276,134.17324525438067,472,44,19,28,6,7,9,2060,97.09776338527058,12.941667236127914,57,43,255.55110257048023,7,6,6,1,1,7,16.430503211636143,21.11223139146823,LOW
36944,1174.8765538278503,7602,84,34,41,1,7,3,4513,136.88553712339436,61.854260461630545,47,53,76.28640409191796,5,6,1,5,8,9,8.516857404635989,28.5941762495253,LOW
3880,47.99731587042621,539,12,6,7,8,4,8,664,7.614641424658352,10.466371424330402,17,83,365.1442846631801,8,9,9,8,5,9,27.739166204845716,16.928453551073833,LOW
9211,255.90289284622867,2277,69,12,14,10,10,9,1570,85.77189999787396,88.98514873847118,65,35,186.44580997579033,4,5,5,2,1,5,13.631658639130128,6.01201732946088,LOW
9282,277.55997982928494,1006,13,4,7,14,9,14,219,119.16558301940753,148.3799469938096,74,26,130.23073325973135,2,4,2,2,6,2,28.608036606916528,0.30024189813448343,LOW
17934,662.0626899626257,3762,190,14,30,3,5,3,6573,83.49363049168375,161.76664753177943,21,79,306.2125326190396,9,8,8,7,10,10,15.329882522978101,35.75885261805148,MEDIUM
47265,2729.0044170133615,5148,588,150,256,2,5,5,8663,51.96485512415498,189.58605461413126,78,22,6.538666094477064,3,3,0,1,10,8,62.57746609158205,54.47851112900951,MEDIUM
20517,698.7129284341241,4686,282,84,97,5,5,4,7908,24.75633193833679,125.61587646444944,40,60,172.74114629521472,7,5,3,6,9,9,41.105173879960326,42.50625013925284,MEDIUM
31207,805.2302192974533,8376,91,35,40,4,7,8,3042,133.69664541334774,58.37910466405014,57,43,142.12144040049196,5,4,3,4,9,7,36.07763244618712,23.232623262576833,LOW
39610,573.8130628271128,3236,90,7,9,4,5,3,3229,73.26054689620243,185.5881103359728,39,61,135.28396399589377,5,6,2,7,3,8,56.82377422588317,27.497962606107173,LOW
17843,1630.4417335985522,4757,87,16,25,8,8,8,2967,132.3267035629267,157.30999323727147,62,38,134.82854483623328,3,3,2,5,0,4,9.82124144182505,21.193770937051006,LOW
39327,1573.1958332634397,7802,118,36,62,10,14,11,1283,89.9485577528094,119.14141177059746,83,17,12.508551098906961,1,2,1,2,9,2,61.776552517216935,13.38152515589751,LOW
42152,514.9452510132127,3447,48,9,21,7,10,12,2604,102.75785690917512,142.17164098659782,94,6,60.84656120353591,0,2,2,0,8,3,35.056240161746175,3.2825084892978498,LOW
6155,324.67219498740945,965,19,1,8,10,11,10,977,121.61786738487525,185.62010745141154,70,30,56.75406372496576,3,3,2,3,10,4,10.25497591100675,1.5694379457561416,LOW
45359,1207.9212539699795,4092,636,210,259,4,7,6,11531,100.57755396701948,145.3548654098551,19,81,395.4442019278088,10,9,10,6,9,8,59.08791982820721,100.0,CRITICAL
15751,180.7497187144144,3545,238,75,179,2,5,8,2783,62.71795189844597,79.99115644109946,71,29,8.866302356244704,4,3,0,2,7,8,33.445427544447426,31.84899776350013,LOW
1026,52.033926675595986,245,1,0,0,14,9,10,25,79.4768406696544,145.47535843492838,91,9,66.82946254079928,2,1,0,0,4,2,43.728938785668056,0.0,LOW
3724,289.5801071897434,284,5,0,1,8,4,5,853,121.44160107800258,17.652850919723697,34,66,389.66980346347873,6,8,8,6,2,6,64.39303533836315,14.168293687028106,LOW
48337,947.2065264252209,8533,142,9,39,7,10,5,2180,59.179292974082706,83.41895674781044,51,49,251.30263752400174,6,5,5,4,3,5,64.1844517037597,17.022473257039767,LOW
12036,356.8352283089582,3053,19,7,8,12,14,11,1675,61.277611231432076,87.20137605066006,66,34,180.26684824269253,4,2,3,4,2,3,64.33655074628635,10.068849668404312,LOW
29041,496.22551281244057,8248,64,0,4,11,9,7,873,18.87506682841017,41.69926453995859,85,15,31.504373218547954,3,2,1,0,9,4,30.309598332296392,11.12016696279413,LOW
14047,172.64930111278574,2505,131,29,31,0,8,2,5088,137.61474310715343,14.386241304836334,37,63,267.86446465315066,6,7,7,6,7,9,54.09682054727377,29.501712660477757,LOW
35031,1943.0247552106373,10073,42,3,7,14,12,14,743,18.20026566708905,35.342434961171136,94,6,55.12119507250715,0,2,1,0,4,1,17.178866471710453,4.7036380070925645,LOW
9212,153.10867867426165,1694,30,1,5,4,5,6,856,98.9903307300406,134.37808420144046,51,49,268.47444886367265,6,5,6,4,10,10,59.929154679861554,13.632904240457218,LOW
39065,736.7511310938111,5803,419,158,214,7,7,5,4715,64.91319942640567,162.43487510910063,31,69,391.67059888002336,6,9,10,6,7,6,24.933144907551323,71.14647816037657,HIGH
9708,519.4920649183643,2543,37,10,11,10,12,12,322,63.814811587039145,197.7586636181251,60,40,212.7890634467811,3,5,4,4,0,3,33.66974103017551,2.55240591095344,LOW
5609,87.25906276253188,971,6,0,0,14,14,14,38,103.53501630303917,75.80906559061391,84,16,85.63386180106431,2,2,2,1,8,1,64.23450284585493,0.0,LOW
49768,1605.6348363803447,8359,983,524,697,4,6,2,5951,14.728591231332414,123.88205222960933,38,62,250.1135003518393,7,7,4,5,10,10,58.110406538984044,100.0,CRITICAL
35701,695.3260173200716,6161,230,157,160,11,8,11,7741,91.08733852795802,188.05754369487317,60,40,205.17187511651315,4,4,4,4,9,5,68.60455116745084,42.09278361818903,MEDIUM
17467,1362.919481943057,4571,325,87,224,5,6,4,925,116.94460896599145,41.737938454249,13,87,213.25610544425842,8,9,6,9,2,10,26.48831877268611,57.13743878739731,MEDIUM
30259,621.8392547734982,7806,19,4,5,11,11,14,1471,125.09084989355615,146.3526614051211,68,32,191.24277844799872,0,4,5,5,0,1,11.302596780517133,0.0,LOW
20672,605.9677008186229,3118,103,1,4,3,1,6,46,29.726906462097418,153.445959298341,38,62,269.49622969742234,7,7,6,5,2,9,65.59434525008487,25.807500107029576,LOW
37435,450.3392819197272,4991,40,1,3,10,9,14,1232,135.12576226133518,26.905351815174292,71,29,228.7781449628008,3,4,6,2,1,1,35.760538678319485,9.523286574594964,LOW
27089,2601.4649440429275,4685,173,16,38,8,11,9,6960,100.14118331787913,173.63738318478235,35,65,394.79803098174915,7,8,10,5,6,6,64.09215656297667,26.603596637954862,LOW
30515,681.6299710450733,5895,0,0,0,14,14,14,0,132.86894611899902,164.48995895106034,54,46,330.3453684169275,5,5,8,4,9,0,52.84326188042941,1.2562006369458458,LOW
29509,607.7940503622816,3233,253,35,176,10,7,12,1274,75.36570398097875,16.346571249712547,82,18,105.87935108440263,3,3,2,0,3,6,63.048407744825575,25.683970113805184,LOW
18273,247.3483210635993,4540,25,8,19,5,7,7,5741,83.59483503909429,27.306038827209782,19,81,290.30260876198946,7,8,8,9,6,9,47.31268990285139,21.455131739719516,LOW
41625,698.9065366960818,7143,235,85,153,9,8,7,893,138.2605501691573,19.33410983945194,73,27,85.7201397538938,2,3,1,3,2,4,58.584598981027234,38.852681953385854,MEDIUM
26643,389.60200300393933,3557,0,0,0,11,14,13,0,135.4868837864274,73.60127104187882,58,42,312.9385632325565,3,7,7,3,5,0,9.10402391738944,0.0,LOW
6654,84.42053836808688,510,46,14,21,12,9,10,1217,69.98332663850529,106.76490822918598,88,12,59.02305599093687,3,1,3,0,6,5,69.73307027870557,3.5916145350561397,LOW
22304,256.6354175186571,2447,134,54,82,8,6,9,2314,44.78983158717385,111.14606831137948,51,49,189.42153341889525,6,5,4,4,6,6,13.44001441888978,25.637256881440937,LOW
42188,1211.6661314510632,12121,0,0,0,14,14,12,0,62.0097130118183,60.8566843561941,39,61,316.24247932242986,6,5,5,7,4,0,2.2519479046803985,0.0,LOW
21081,375.6939872477958,2662,124,56,59,9,6,5,978,61.22582763681371,183.2034084464521,58,42,112.04508092262616,5,5,3,3,5,8,38.452727308516344,28.15522536977655,LOW
30587,360.6520875247899,2820,360,22,44,5,8,10,609,46.59569687250512,79.96993007566351,34,66,334.84765005266524,6,8,9,6,2,6,51.40172679132786,40.71126623360992,MEDIUM
33481,338.19923850093073,5529,0,0,0,14,12,14,0,43.94404262828015,18.654529633416978,38,62,257.6602836135888,4,6,6,8,3,0,51.72391804890985,2.467349065685681,LOW
4262,47.617805567385425,540,11,3,5,11,13,14,373,129.8541257895593,67.0431511928634,63,37,159.00893164288635,3,4,1,4,10,2,24.75514842865779,10.697139233116161,LOW
46667,1158.2950265245331,2743,179,37,47,7,12,11,104,15.129978499275945,110.91079028338955,79,21,169.36668372250872,4,3,4,0,5,4,54.39897630269425,20.12983258142949,LOW
10268,436.1785348580803,1342,51,7,37,11,14,9,1067,103.25362140444115,87.56214629176408,53,47,370.39661356794215,7,6,10,2,2,3,60.743043887663966,12.452367081690806,LOW
43908,852.71016498902,8168,70,14,34,14,10,11,1687,30.058907461185584,62.03007862885924,84,16,87.11640000495171,3,1,2,1,6,1,44.11583957970019,12.81129893703415,LOW
39999,530.0974462747073,7516,0,0,0,13,12,11,0,54.95335454213917,34.95141745522031,54,46,277.34504606988406,3,3,7,7,2,0,28.09842851623703,1.6344547621849395,LOW
39059,754.121200418207,5434,32,0,0,7,11,10,4281,13.923739949551345,165.64125501828366,45,55,282.9176822966142,4,5,7,7,8,3,44.3705827678843,6.421425146566839,LOW
49090,964.3987361038538,7944,489,102,195,6,8,11,9605,44.146177344041995,199.26759600359645,20,80,368.9798772734547,8,8,10,8,3,6,62.14947362511962,68.46781967959966,HIGH
9283,109.68678591126881,2704,47,15,16,4,3,6,2114,116.4210553120001,72.61300536953759,6,94,285.26570750293627,10,8,8,10,1,10,64.88373089984647,26.010597021279303,LOW
46889,1192.0924421031716,6767,20,2,11,12,9,10,2691,133.3272220593525,82.50799839355474,66,34,233.78696722335,4,2,6,4,5,3,2.753438839759146,5.847905481724025,LOW
30281,349.3404174944299,3468,124,25,37,3,10,5,11401,37.12143702584322,127.42712968862185,39,61,361.00901560651715,8,7,8,4,8,8,9.251496924239754,30.63166358522558,LOW
31311,717.3778309775985,3471,221,81,172,9,10,9,10651,72.21443669254367,146.50388019975284,23,77,331.65281185935925,7,8,7,8,9,7,0.8227544268430242,38.23870603747792,MEDIUM
49287,1362.1912118884084,8104,520,71,278,5,10,7,11234,73.19698695089492,84.48561161268233,15,85,286.7105819336905,7,8,7,10,9,7,35.7096160387272,67.84955012222699,HIGH
35988,747.7398018027438,8632,74,14,39,11,10,6,1420,131.66841933516145,181.9366082265449,81,19,13.03135295686979,0,1,0,4,1,4,31.70195131483882,15.190051385148408,LOW
9405,121.46068805688928,954,0,0,0,14,13,12,0,115.60586266699178,116.40075795349449,83,17,149.40816729614457,2,1,4,2,3,0,39.52481881810768,4.343808305134461,LOW
9627,567.2887868869768,2188,102,18,81,9,3,3,1912,79.39619666336723,95.57411451712689,49,51,252.75586888074173,7,6,5,3,4,8,49.380741335660275,22.475574678586394,LOW
22931,969.1956516078237,1267,45,4,7,9,14,14,869,102.25834406840714,132.86782310038197,56,44,208.900209742706,3,5,4,5,8,1,26.65353754856004,4.961251259927032,LOW
49653,520.541221260456,7682,308,192,199,9,11,5,8289,127.8664828168582,191.03273116734292,63,37,127.72733059913755,4,3,3,4,6,5,15.413274716579194,52.832858108136456,MEDIUM
6868,316.9109272378386,1675,87,9,11,6,4,6,1591,6.383148333704017,160.96493594012404,63,37,57.76956620391061,5,2,0,4,4,9,28.72965705457468,12.49876792735047,LOW
27924,473.8174040612953,3760,130,22,47,10,9,6,3799,63.41905450225705,17.602494801673625,56,44,221.19863307556864,2,6,5,5,5,4,1.1442865491075136,17.14336014740944,LOW
47324,788.2751571627474,9035,675,16,54,6,5,4,512,136.5502592551764,73.13888304059233,31,69,114.3670303448852,5,6,3,9,8,9,59.80543739517489,71.82648490186551,HIGH
45504,883.3271323321575,4607,622,177,310,8,9,5,12369,112.34538947237296,99.40349014073232,67,33,93.20019592359854,5,2,4,3,3,7,27.93643043190645,73.0335178851196,HIGH
18833,284.2682713834255,4435,213,40,79,4,5,2,1992,83.71199927844083,69.75833871973,37,63,159.58329082197343,8,5,3,6,1,10,45.02936648508203,38.71230917243272,MEDIUM
23616,880.092634941804,1489,42,20,21,11,12,11,1550,81.79845642009435,143.03563655778675,64,36,314.1965732857075,4,4,8,3,4,2,23.71788200921006,9.733823514660468,LOW
47719,829.8535758729389,12556,413,221,223,7,12,7,1359,55.426664152643475,166.9911384738904,67,33,195.14140094652487,3,4,2,3,6,5,44.45908580205865,60.24011908605178,HIGH
43701,1082.874979961796,4350,424,110,210,12,10,11,1250,80.4754773780196,148.9555680852016,60,40,86.59688419946798,4,4,2,4,3,5,39.141130641593,51.526140495305384,MEDIUM
16025,236.15355564971492,4304,49,3,11,2,7,5,257,100.03056392220073,197.9733244973723,67,33,46.761256912019356,5,2,1,3,0,9,15.411992086824846,7.128420484763237,LOW
23898,1297.6592608211772,3301,57,35,38,13,10,10,2175,65.662640572175,61.78405309967553,66,34,199.59490550991998,3,3,5,4,7,2,45.21066777638675,13.697207434669789,LOW
33357,563.1455490812376,7694,321,117,141,7,9,7,6049,108.55220622686522,176.2480040546401,50,50,317.7465593688938,7,7,7,2,4,6,8.338002983964156,50.290171120849784,MEDIUM
10861,480.56068190919393,1409,120,28,47,4,6,4,1965,129.87867295275595,155.65830638315236,34,66,261.1272094615762,7,7,6,6,9,10,34.89763804822734,28.44347122918982,LOW
16869,536.0157359076751,4663,44,16,34,12,12,10,1993,27.42930298680487,78.81396393604776,80,20,92.85955205729985,3,1,3,2,1,3,51.971281217734386,8.806354240241737,LOW
3541,137.36822710444827,289,19,2,4,7,8,12,443,70.47431830852655,149.48366329482405,63,37,174.68263427579691,2,5,3,4,2,4,39.75798461103518,2.107115480041461,LOW
605,27.045646553116747,57,2,0,0,7,6,3,150,64.16291323633675,29.77443171946692,35,65,342.0921453376275,7,8,6,5,9,8,53.85838132298665,12.480218534371627,LOW
9578,114.78557525076671,1659,36,6,19,6,6,13,1166,104.68239658721058,159.97336164470494,76,24,71.06236314113556,2,2,2,3,9,5,20.031125020205227,15.199734097500823,LOW
25503,793.4424209261587,1797,455,38,45,3,3,5,90,41.23078246239976,111.1428144915495,37,63,212.83222827315882,6,7,4,6,4,9,3.990524894321398,51.161081949465384,MEDIUM
6590,70.80177749183575,652,25,1,7,12,12,9,255,97.83638266808006,65.5351328147581,66,34,142.4926035043366,3,3,4,4,10,3,4.501882001001148,3.332183941159653,LOW
39350,405.0728507035348,11251,484,290,310,9,6,6,1502,132.23594005106577,134.59768733899423,70,30,49.67190193180775,4,2,3,3,3,7,19.71387220076478,71.09577792816906,HIGH
2425,40.91463552887933,713,31,3,5,3,3,6,642,65.62908197007529,131.9077997557377,70,30,19.961568364359294,4,2,1,3,8,8,29.648197088445496,11.975964371105142,LOW
18940,1019.0955776244656,2728,228,33,89,7,5,2,2118,137.0972764969869,49.80238231672394,27,73,222.3485538583181,6,9,4,7,8,9,38.93162218436882,41.66457498782451,MEDIUM
40185,990.2153095523538,11284,272,27,137,10,9,11,3617,149.00874214535438,15.775508814189966,90,10,8.29954949615157,0,2,0,1,7,4,54.672782573763094,19.483436108069785,LOW
26515,328.2186392173517,4937,17,5,9,11,14,9,468,20.38334724245305,92.38829151131803,97,3,41.37844667717396,1,0,0,0,1,1,60.53207806971665,3.610619459969521,LOW
33820,847.5740300473859,3971,221,50,128,8,9,9,1210,38.7927122578045,118.20725517544003,45,55,139.02571246469648,4,5,3,7,4,5,50.098189633665896,26.384540780333857,LOW
25791,1944.0497581944642,5818,315,153,218,4,4,4,12358,142.80506396490352,176.5550028904137,30,70,17.408074142305097,6,4,0,10,7,10,33.619440262671866,68.21531574241553,HIGH
37179,642.1846163315304,7983,333,44,104,8,5,5,12146,143.95751453980108,186.36119117304293,62,38,160.17809058075395,5,5,5,2,7,7,19.4108216348307,38.130803893420016,MEDIUM
26789,314.10605432160725,7963,45,6,25,8,10,10,453,19.167554931079984,110.47299144978561,88,12,52.1460096707564,3,1,1,0,6,4,31.08786622848576,0.0,LOW
3889,48.2428351876191,452,0,0,0,14,13,13,0,7.1747825546848185,153.22266191602353,94,6,139.94923628006157,1,1,2,0,3,0,20.047824861767523,0.6528150032139948,LOW
26183,1210.1199370614881,5708,118,18,28,6,6,5,4475,28.359503372181226,93.46762174231942,35,65,316.4638748360273,7,8,8,5,2,7,45.14907689177611,30.9371371031256,LOW
14129,205.02770368922728,890,140,60,108,8,7,8,4372,149.421853590426,151.75560974884968,29,71,250.5457377906632,6,7,7,8,7,8,59.001790525385914,34.32558923829405,LOW
25326,976.032553466106,1985,0,0,0,14,14,12,0,31.099944408549597,48.912289738441714,82,18,178.16043111500366,1,1,4,3,7,0,37.5504951659946,3.5441531580078425,LOW
35698,1387.423020985737,1819,477,73,110,6,6,10,1652,77.86940297469336,80.50229961267097,66,34,36.733323142064165,4,2,1,4,9,7,3.7775224381370798,49.56789391230395,MEDIUM
27130,308.16652025080026,8135,129,42,69,6,1,5,10874,128.0205703324241,130.50331977458683,34,66,247.65986372589325,7,7,5,6,4,9,67.69202689602929,34.97099494774032,LOW
33726,1174.362890908383,8450,22,3,12,10,14,13,1513,7.958233549789919,13.450013465344977,76,24,65.48386100362013,2,2,1,3,2,1,21.541306843869204,1.892643004585152,LOW
46663,1554.9928598767663,11510,23,2,7,9,9,13,3261,92.65090242747662,147.26764896440125,82,18,30.63453754464596,0,2,0,3,4,3,65.88748920409537,0.0,LOW
33475,6612.904595408095,5939,28,5,19,14,10,9,1456,45.16869008609553,168.7517452409517,63,37,265.5984069838431,4,3,7,4,3,1,58.63438363067966,17.692979240827817,LOW
1399,15.949643681554859,174,2,0,1,13,12,12,46,130.03856288376107,85.83691560785077,43,57,364.823959128403,5,6,8,6,7,1,30.03844560161489,5.610747243874634,LOW
12153,151.3515396308007,1067,201,65,105,7,6,6,1011,46.10186664329148,95.10905926366122,37,63,184.23737470820893,7,6,5,6,1,9,4.554319353666402,39.66404715766702,MEDIUM
28461,440.5983399022011,3448,31,2,5,11,12,11,936,104.57957944087678,171.7436203211409,91,9,16.39836424324561,2,1,1,0,10,2,68.26082916623069,9.869139304721614,LOW
16905,221.63153234680954,2434,71,19,23,3,8,2,805,102.76184670487255,157.37438071194634,22,78,352.1190869674164,5,9,10,9,7,7,47.62233720419217,29.26413232530061,LOW
9101,468.0473494774223,2175,14,1,4,13,12,12,1056,37.116564584647804,64.74840291634125,78,22,26.789506449429634,2,0,0,4,9,3,18.350259755141455,6.619664785714148,LOW
34162,703.7799373126559,6317,156,59,91,7,7,6,10097,10.045883980910766,71.5554602466924,39,61,347.0052970806349,8,7,7,4,5,6,38.647838545641804,31.824738931621503,LOW
33782,880.5228405451771,2343,495,63,244,4,5,6,8305,64.3411881988826,138.98686415421335,46,54,156.7277492891724,5,5,3,6,3,9,45.928991384673935,55.77188900616715,MEDIUM
21788,1566.4936589465792,1187,57,2,3,14,11,11,1428,46.933007035051105,117.00763756515063,91,9,146.15781544923587,1,2,2,0,10,2,16.706141890845252,7.9261825375510595,LOW
30045,587.0182385363128,2270,430,79,105,7,7,6,10087,122.30177369398776,40.82361850833442,33,67,217.11895178258072,7,6,4,7,2,9,7.188145738325621,57.926437734496425,MEDIUM
37377,404.2056036011485,5704,451,143,170,7,5,4,4191,121.05280732602506,68.88668275354162,19,81,382.8339269776875,9,10,10,6,9,10,19.623786527178403,80.55126315802575,CRITICAL
46526,5283.673324277778,13180,54,28,31,10,10,11,1563,71.2684730679307,180.99682260694428,46,54,359.4962180343913,4,6,8,6,4,2,3.903590780706248,15.056342414876724,LOW
15813,483.7438631632154,3310,8,3,4,13,14,10,326,92.94427267186674,140.75314297723006,70,30,188.13203532190687,4,2,5,3,5,1,5.504035482507436,10.59269754326689,LOW
15849,641.2344472636299,3969,9,2,3,10,11,11,2355,92.61762981810415,197.3351203602487,36,64,278.3292924095274,6,6,7,7,0,5,11.695830609767826,2.3471447666174114,LOW
7679,277.9835967121036,1279,60,2,5,4,9,5,1632,124.93793152200539,155.73238069634618,63,37,232.17170093736493,3,4,6,4,0,5,11.826055501339463,12.637958198241094,LOW
10826,118.57445713835678,1520,0,0,0,14,14,14,0,66.62535004786363,188.97514210728215,80,20,277.384631625267,2,2,7,2,10,0,18.228538322732128,0.0,LOW
45055,910.8173251044983,3473,421,81,85,5,6,7,6364,44.939768569623816,51.07582903539033,33,67,331.7309840248388,8,5,7,7,9,6,67.5261901015084,58.77502014124191,MEDIUM
2060,41.78630851754913,554,1,0,0,14,14,10,232,43.43006313037938,156.58212621521588,94,6,13.797531547437547,1,1,0,0,2,3,41.67113163551979,0.0,LOW
14112,182.66853086330505,3468,218,19,31,5,4,4,616,82.7478804959196,13.841328828081512,46,54,130.30394157115902,5,5,3,6,1,10,30.70912036571956,28.460403236990572,LOW
18150,922.4079864500716,1670,6,0,2,14,9,11,930,70.12648939617083,137.44440412519145,41,59,383.7316432935469,6,7,9,5,0,2,40.81167630339903,4.887360150778063,LOW
27245,531.1930039414055,4851,57,26,30,8,6,5,1376,68.81751179281574,99.16363284284586,23,77,379.73452340996965,7,8,9,8,10,7,0.9083760523917779,24.09023022738588,LOW
32390,706.455666934721,5566,30,10,23,14,14,12,873,18.214914168007546,75.88441366481304,100,0,4.488355990985005,0,0,0,0,7,1,64.47440404457478,0.0,LOW
20522,332.5742800385468,4233,164,42,131,7,1,6,6302,109.19754240007836,173.85682693568694,53,47,80.5760519689465,6,3,2,5,0,8,38.56038958535708,30.115684985976564,LOW
5280,52.822194930866495,1512,61,32,46,6,8,5,437,35.99181975737705,172.31086160493084,14,86,397.5080169377451,9,9,10,8,9,7,32.79302254956645,23.182510724051593,LOW
18811,240.86513767455014,3667,183,24,105,5,11,7,5592,33.5582763802646,14.237323930742281,37,63,197.13003035979435,6,7,5,6,7,7,67.82453866571514,34.79169729534133,LOW
28880,674.8098427456356,5344,22,6,13,12,10,11,966,64.84995644022206,125.80597326539188,84,16,229.14640158674104,2,2,6,1,4,2,52.72417804058554,4.013743037718433,LOW
45162,540.1019931744567,2826,71,36,43,10,12,8,1292,38.027859534581204,79.88812262098172,82,18,66.56807420898102,4,2,0,0,3,3,24.62559006302372,14.105343715847471,LOW
2856,134.60717142910048,187,1,0,0,9,9,10,66,89.65944875966223,88.97559028508535,29,71,357.73424350341185,6,7,8,8,7,1,67.43525992417156,5.438050421629026,LOW
5290,670.1249506159422,512,1,0,0,14,11,10,231,58.862184203498366,168.08774045156744,94,6,92.50571985964515,2,0,3,0,7,1,61.417830187038824,0.0,LOW
27411,1122.362286599519,1593,53,17,18,9,6,13,283,70.09219977595457,68.86955659025887,88,12,75.85905200781463,2,2,2,0,10,3,68.74916164564154,7.396759730786739,LOW
49958,1337.9541258952934,11782,370,104,123,3,11,8,4091,82.88955163258419,189.17927402114782,81,19,91.24896132813127,3,2,2,1,7,5,7.38001152490802,35.0928517766622,MEDIUM
24863,464.68404996830736,5739,55,19,20,6,7,9,3247,34.5126507598617,44.13042701070675,41,59,367.8486810564035,7,6,9,5,2,4,68.80286959118116,8.905760260548295,LOW
20549,323.92630600308587,1726,0,0,0,10,14,10,0,27.58398531550182,135.9172604399538,80,20,281.1386828707397,2,2,6,2,7,0,39.316122979316205,8.390489667686957,LOW
10681,116.72261798351695,2766,95,38,58,3,4,3,340,132.66117591667268,137.6999627326153,24,76,307.43855779611005,7,9,7,7,0,9,48.56337819085343,29.472132810691136,LOW
40325,754.6392172359929,3576,0,0,0,11,13,14,0,67.88993691055606,57.91708067130446,79,21,150.8145432737011,1,2,4,3,3,0,15.675081327394672,2.7827489756891124,LOW
16582,315.12022409655043,2077,73,15,26,9,6,9,3403,64.75357339671818,71.70261570376837,45,55,363.67080597222457,7,6,10,4,4,5,10.5387065387153,9.065410190284506,LOW
1161,118.79564018341108,130,3,0,0,12,10,14,112,10.163761789562015,168.61171359018869,50,50,315.7631809357559,5,5,8,5,5,2,6.1762060766841,2.162043214059562,LOW
37912,4558.595025108181,5424,82,44,64,12,12,12,150,77.20656387517202,154.74299844144096,60,40,300.2389450029285,3,5,8,4,4,2,30.695386088347664,17.10270894792123,LOW
48979,853.8848032138653,5567,33,4,6,9,5,8,8364,85.35460963359502,72.52821725980431,41,59,388.37611346918067,6,7,8,5,4,6,16.326487078253173,11.373889481169714,LOW
3420,73.34811006867768,589,0,0,0,13,14,14,0,86.03192628842665,111.45174391763744,70,30,146.47873231733945,2,4,1,3,4,0,6.336037972026154,0.0,LOW
26158,308.75047260061285,3972,0,0,0,14,12,14,0,107.51951955181823,21.719256288088136,77,23,244.38945871835247,1,4,3,2,8,0,68.78723300890144,6.210009331186747,LOW
49270,2431.3381918254186,14615,835,95,120,4,4,1,174,30.734866073696708,49.66171765573955,9,91,363.9718795908865,7,10,10,10,9,9,52.937481042198925,100.0,CRITICAL
14525,1970.2107121426566,929,4,0,1,14,12,14,21,41.57235446343973,102.30590618347583,44,56,316.355577274381,7,5,8,5,9,2,37.52659733632837,0.0,LOW
9446,198.2010289550743,808,103,14,24,8,9,9,2568,122.55591745840984,26.335009703050204,36,64,225.351583290246,8,4,4,7,2,7,53.649345020736945,19.028262745735837,LOW
29206,1059.7064394388372,1846,0,0,0,11,13,9,0,142.3397394422921,170.23314742946812,96,4,30.48547391207954,0,0,0,1,1,0,44.21925931927841,0.0,LOW
46000,4735.742740802023,9497,439,168,203,4,6,3,6317,24.710248368261492,146.42117992045308,55,45,261.0893758222693,5,6,6,3,9,9,13.229330462440316,64.17827603476849,HIGH
39504,535.0174990020886,2513,28,1,8,8,13,10,5676,77.15918540325664,189.29039742321402,54,46,210.62222274714085,5,5,4,4,1,3,45.7907057474742,5.364271856498455,LOW
16809,1077.4077990361645,4355,74,26,27,7,4,6,6624,36.055556647240095,141.75871213316515,56,44,73.67218459385056,5,3,1,5,7,8,49.19237722374295,25.71348518886715,LOW
46786,745.1144664214121,8327,221,29,34,11,12,12,1132,13.710609411472454,188.67626072981525,33,67,352.90124933703896,6,7,8,7,4,3,17.47916499976263,23.0200760940043,LOW
33620,1060.5769815815086,6110,542,244,332,4,8,7,8485,52.19798402828963,115.35738558128335,57,43,137.2994379594973,5,4,2,4,4,9,23.39034228044759,80.69431040751954,CRITICAL
30527,1421.0419270594912,5812,236,57,59,7,6,6,5974,25.83470565171085,124.04153610177418,60,40,154.99195740691877,4,4,3,4,5,7,27.90599717279421,25.019422896387535,LOW
7505,182.70834280743378,695,34,6,9,10,8,6,1018,107.94029564796571,195.62450037898958,43,57,268.9606195185642,6,5,8,6,8,6,43.582084737136995,12.839083719616633,LOW
47304,583.0114088506227,4703,20,0,4,10,12,13,4374,82.39018498235944,132.00453790420949,74,26,195.51949681649637,3,3,3,2,6,2,9.56677071703028,3.176707593296309,LOW
49810,1178.9658906730265,6460,417,93,144,9,8,11,11267,25.85599829359508,15.849448083541855,91,9,35.712430511659754,2,1,0,0,4,6,53.65868583060502,32.95981302486925,LOW
1456,19.0767890965328,288,5,0,1,8,10,6,333,6.340030318799583,147.5225275597994,53,47,154.9766469420939,6,3,4,5,4,6,25.24073535958053,10.92478388725861,LOW
35339,2088.4454865922135,3623,65,13,27,9,5,3,4286,122.18277210851085,182.03905150610896,70,30,37.78644717529325,3,3,1,3,9,9,49.96174230803691,21.144546658092466,LOW
9095,115.98799891229204,719,24,10,18,13,9,10,395,30.54818889381589,161.16024746092205,94,6,76.30016124935248,2,0,1,0,8,2,67.20144862692273,4.0610243014582705,LOW
48408,1759.7363767320835,14160,49,28,35,13,11,13,1179,92.90141312201106,120.9283217988303,100,0,2.869775340181535,0,0,0,0,8,1,62.69603724322956,0.3984900666906972,LOW
13303,191.8175881616361,738,13,3,6,4,6,10,1590,53.853677396128106,137.54766748776808,50,50,72.52523259386487,6,4,2,5,1,8,53.23705075795858,6.767586397271712,LOW
26463,450.43981040702,6633,0,0,0,14,12,14,0,89.89546105568016,198.13643995781763,100,0,132.17894159934437,0,0,2,0,6,0,14.322879331063557,6.746404196381407,LOW
36721,393.711728035692,9070,314,67,153,9,7,5,1392,50.769775912436984,27.22579681677428,40,60,215.28737349291785,6,6,4,6,9,6,52.84331735314886,45.931952762220696,MEDIUM
39943,955.6738635231706,4965,26,0,1,7,11,13,1082,17.606236300376857,136.7765174403155,49,51,367.7108844730929,6,7,8,3,0,3,45.958942526571164,3.9092337142766698,LOW
34223,3032.423457217336,2871,59,13,33,9,10,11,348,37.32775124087427,63.845561968412824,70,30,216.1307468968221,3,3,6,3,3,1,55.73709780961443,14.63526362275839,LOW
39563,5801.221076353461,3418,27,3,8,11,14,14,479,32.26849213946596,131.6171753513723,64,36,282.2414165457366,3,5,8,3,1,1,62.620195339945596,4.985281256390774,LOW
49189,588.7262674888517,11035,92,49,61,4,6,9,4398,67.06280610374836,125.44847941794836,49,51,143.07083652230966,4,5,3,6,9,7,22.770470653780915,22.90966670000693,LOW
15782,287.7307734325931,3325,146,52,110,8,11,4,2157,100.45114859679282,39.156798100550795,37,63,300.65231742690696,6,7,8,6,8,6,46.56774117804298,40.570062002057654,MEDIUM
5203,66.15537287995429,1278,34,2,11,6,7,4,795,43.25188086722184,49.28186269064544,42,58,248.18749842059097,5,5,6,7,5,6,20.172380245708663,15.860972213686011,LOW
7063,258.9984639670058,2008,19,3,7,8,11,9,436,6.750140618589603,128.10961982821055,53,47,183.9176053099445,5,4,3,5,3,4,25.259373155419407,5.623371116692135,LOW
26349,697.3779426603846,5875,206,68,97,6,5,5,10757,80.24591781838976,34.36368998771708,58,42,77.50751795649032,5,5,1,3,2,9,37.726084914253285,36.5735697525536,MEDIUM
32360,4117.117561781755,2878,31,3,4,6,7,4,6264,92.83512595705095,60.38436627476134,69,31,121.41636319891957,5,4,4,1,3,7,31.542682508848305,14.004280458087074,LOW
32085,333.03311452623643,3556,43,30,31,13,14,14,1263,144.6162216302624,168.69665407022046,77,23,248.37843495030202,2,3,5,2,1,1,43.44508807662873,12.110674617395254,LOW
22515,328.93847215836394,5866,17,3,5,12,14,10,1040,90.47326644852079,72.14738614031134,80,20,170.4225297458292,0,4,4,2,4,1,54.7514451320774,0.4030817899119876,LOW
12503,133.5013504371397,1279,72,4,9,11,8,5,407,73.32002110983056,102.73142969123596,56,44,355.75462269962077,6,6,10,2,8,4,43.7589317592161,19.598603859990657,LOW
44085,1458.6979186101346,3003,0,0,0,14,13,12,0,88.14323575516705,188.81666367770964,100,0,93.93610861423412,0,0,3,0,5,0,69.84073536359747,8.172673576588208,LOW
27458,435.2261290615003,6200,183,9,32,8,6,11,2973,139.54559132999393,53.158326879019796,91,9,29.229060901308923,2,1,1,0,1,5,53.2755806521019,11.689827687725925,LOW
26517,381.7730432275353,3994,127,9,14,9,13,7,1409,125.1148311122387,84.02894329802197,63,37,235.73943060219378,3,4,6,4,5,3,70.92834559203165,15.979192344625968,LOW
11671,331.8715409995869,3267,75,20,33,7,7,8,25,51.83191633775216,125.22697735327367,18,82,354.42033607603037,7,7,9,10,8,5,53.656011769867185,20.25821117218719,LOW
45850,535.8162653071413,9746,246,97,132,11,7,8,11223,39.4018827302849,153.5143966057547,69,31,145.89561177591546,4,5,3,1,3,6,36.81619936582484,36.15623315625413,MEDIUM
12701,133.72241178538067,922,21,3,9,11,9,13,141,43.081873793080675,181.31414347541397,49,51,259.08453394726604,4,5,7,6,0,2,29.886912061199652,8.507491263739118,LOW
29926,336.01599622018097,8587,97,22,50,2,4,6,14895,78.14105075870589,183.93986763896788,50,50,92.56504887085946,5,5,2,5,1,10,53.099717894765845,22.18733506950263,LOW
18278,243.0217900644323,2095,202,7,18,6,6,4,4944,112.88717042814378,157.56161413079835,51,49,223.38876866907532,4,7,5,4,4,7,49.6293939240558,27.826865000535015,LOW
45741,1458.6175937373225,6143,424,134,161,6,9,8,7959,77.9667850415295,53.38285895272898,30,70,314.71684034506126,7,7,8,7,9,6,48.31667631387596,69.78970737751739,HIGH
42729,1345.6459194876413,6433,0,0,0,14,14,14,0,14.830477395076326,14.713772708087502,66,34,346.81263951067353,3,3,8,4,6,0,52.1075448621729,4.302359204634735,LOW
21616,223.95537035394975,1357,187,99,145,11,9,8,2785,109.91920156379723,82.91704676756852,77,23,42.04765194095867,4,1,0,2,7,5,62.86030609713779,32.41764496461334,LOW
48864,8175.301712525109,8508,357,3,14,6,10,11,3827,121.86566865728831,36.89428168768643,73,27,142.54980651729818,4,5,2,0,2,6,16.784861989163794,28.119251215386452,LOW
33797,462.8157053119086,2731,341,51,81,4,3,4,4263,46.97719044235935,144.97365301327665,30,70,255.85777677434808,7,7,6,7,8,10,40.889973115958014,52.06425889459459,MEDIUM
19842,275.2263592303726,2981,7,1,5,8,9,11,2468,101.2982321960858,135.6148114968862,86,14,13.889147237460886,1,1,0,2,1,3,43.636034915352546,0.0,LOW
27990,436.2836734503924,3853,23,6,18,12,10,10,532,66.85582565288703,18.35461190807642,74,26,276.2460800603308,3,3,8,2,3,1,21.439263903060798,0.42696805074409827,LOW
20475,206.6922031745319,4979,242,46,159,6,6,3,4152,133.92230658047922,168.95281803488072,29,71,211.21355312153085,7,6,5,8,3,9,71.13839745565453,38.775849643296645,MEDIUM
27223,786.1433075320479,6827,58,1,3,7,6,8,9179,127.55770593330728,57.26122059532463,49,51,115.42651168801056,5,4,3,6,5,8,56.66596101875471,10.532876481586639,LOW
23779,637.552389787028,2100,138,28,61,11,8,8,626,81.18763975489813,92.12314434329802,22,78,325.8617802376202,7,7,8,9,9,6,23.470526329135076,20.963641107272906,LOW
13265,1061.264246396999,1878,0,0,0,12,11,11,0,105.2683041429712,136.90740973659106,82,18,116.02028491831007,1,1,2,3,5,0,26.12805643026793,5.745372216818084,LOW
47178,1002.3834073487358,6762,482,117,310,7,3,9,9547,133.08570664820508,91.58956950192812,12,88,396.5660184815214,6,10,10,10,2,7,51.85545764206906,82.3474186390568,CRITICAL
12061,404.7368406201355,1059,27,0,1,10,14,8,512,76.87896646134995,93.84468253198925,39,61,326.54807564533616,6,5,7,7,8,2,1.3217796367739993,7.478587505269924,LOW
42399,1126.9814663354084,10583,141,15,22,10,10,11,5277,50.421357370879186,22.46931911379067,57,43,283.19220055323507,4,5,6,4,10,3,33.67888414372516,11.877822615283977,LOW
1025,12.16121811383907,232,0,0,0,9,8,8,193,114.28158999688928,86.27427435940072,89,11,24.539023185058404,1,0,1,2,4,4,25.03243450530918,0.1712182656307637,LOW
23361,248.86272476546083,2279,0,0,0,12,14,14,0,36.909606943780304,155.32109971179685,50,50,361.7241487949094,4,6,8,5,1,0,61.56121221001621,0.6167902638081104,LOW
49653,2192.7041438655756,7034,462,174,256,9,11,9,5662,61.3370164608761,183.88350406545356,51,49,316.0221222950204,6,5,7,4,5,5,57.077586097097985,64.12135314355538,HIGH
33642,832.9630017433466,2571,422,227,277,5,3,6,7600,130.5304493804851,88.56445604204063,68,32,91.61003171672091,3,5,1,2,2,9,24.244930260514817,73.05212835154235,HIGH
27416,294.1002833062038,5676,39,10,21,9,6,5,4956,110.04123933905069,90.48130710702499,71,29,156.89927253075558,5,2,4,2,7,5,62.332983891161895,7.105052176529659,LOW
45465,4181.91874878904,3652,22,4,7,11,14,11,1518,63.55259576088739,143.4991502014939,89,11,107.45262064765714,1,0,3,2,2,1,65.82240043382828,6.152514846617519,LOW
5148,373.740852405534,1526,23,5,16,5,1,5,573,36.13795284921183,189.12668021000255,15,85,393.7664136724266,9,10,10,7,4,10,40.000807713099654,12.930491884305006,LOW
35633,1741.1555982327634,8736,348,8,38,3,4,3,1024,56.61541667067429,60.74157864547844,0,100,341.6785779222238,10,10,8,10,3,9,11.885445690052215,51.3975110084443,MEDIUM
31023,504.06839689673836,4577,76,14,15,8,6,7,7362,46.195101637977785,93.627399242208,48,52,372.090121078041,8,4,10,4,3,5,55.578457923651165,15.09544196361653,LOW
29552,1531.599151281234,5752,294,50,115,7,4,4,2700,30.53294675185882,161.2349162749372,27,73,315.50969455017196,9,6,8,7,1,7,23.33311316198024,40.00312963291661,MEDIUM
34914,360.05968771943714,9700,198,3,9,8,9,8,5573,112.78327246702021,125.84177818106731,50,50,182.53929642809902,4,6,4,5,7,5,38.200619387845855,18.894562101469155,LOW
33281,701.5701362954621,6274,13,0,0,8,10,10,4135,41.55013359327487,31.011405353151396,77,23,82.17369992587402,3,2,3,2,2,3,3.759589513713971,5.655527728259235,LOW
5099,96.85776203760004,477,23,5,7,8,12,12,229,70.85428317432576,129.26921975683047,67,33,83.23206276389352,2,1,2,6,3,3,36.25646521712347,0.0,LOW
35546,1250.186032194302,5142,130,65,98,5,9,3,9034,60.94961979123581,45.48179407349211,61,39,60.6731393466708,4,5,1,3,5,8,27.6889141266876,26.681504242292185,LOW
47564,956.2289825815662,12404,396,217,287,7,8,7,1283,147.40121990216647,106.94102747489679,57,43,218.6598201213588,4,5,4,4,8,5,49.553668466717134,67.03247882043387,HIGH
36423,536.5650679400358,7687,197,56,73,6,9,5,12364,61.70837540149198,110.52962085548332,17,83,367.986609145457,9,8,7,8,3,7,3.416033116861761,32.52096797521562,LOW
41589,544.6307544419755,8845,216,19,24,8,2,10,846,16.597460005529445,176.47863882274712,49,51,396.7192280183065,7,6,9,3,2,7,45.18360125772018,23.202953685043816,LOW
4314,56.305697912476596,1150,3,0,0,7,5,6,567,18.024734122952182,97.87391206236325,42,58,114.91992001470592,4,6,3,7,4,6,55.69485926054574,16.13404301362494,LOW
46393,774.5119642716184,12688,183,29,55,12,12,11,2490,90.6592895961944,63.0940602248199,58,42,278.9258161186917,5,5,7,3,8,2,1.4136374843212607,12.796633078411748,LOW
36484,401.3015412119848,10213,414,30,69,7,0,3,12977,91.90771500204852,53.883606161045996,32,68,238.83920624415111,6,6,6,8,0,9,54.12237914404872,50.89170907660982,MEDIUM
27116,328.06740744667195,1998,0,0,0,14,14,14,0,65.72005361998498,176.10785657002387,81,19,195.57444675052443,1,4,4,1,4,0,9.80958795017348,2.325709698344413,LOW
2613,33.97054832144588,486,2,0,1,13,10,6,230,67.6173353852443,42.492062339463395,43,57,266.3074575248165,7,4,6,6,10,4,50.411012256316724,7.370018683391787,LOW
43506,4231.06210421804,10229,559,180,260,7,5,6,5867,12.820224511926327,90.91502656779731,45,55,148.5452075920276,5,4,3,7,3,9,33.0522609108631,78.90096052532553,HIGH
14260,2522.373055046983,3411,81,6,18,0,5,2,2002,79.89924400644303,45.56289183611993,10,90,377.7939100373798,10,8,7,9,4,9,39.967378401291334,29.361459163740587,LOW
22427,890.5790814312054,4523,44,11,27,10,13,13,873,78.18722393015099,156.92776762173133,71,29,282.1795470825348,3,4,8,2,6,1,24.620328405803118,0.0,LOW
21439,315.1184167378545,1965,367,161,227,5,4,1,52,26.684651190756956,100.1308015951776,35,65,301.6804367969779,7,8,8,5,6,9,18.050848052410373,94.5225780043895,CRITICAL
32919,747.0764846517797,8208,49,12,19,11,14,12,1232,20.056710986084497,76.71730120579429,91,9,96.96883800242956,1,2,3,0,6,1,5.579886101100467,0.9617712268408574,LOW
13088,302.76256054545087,3010,152,9,11,9,7,4,3181,22.918011136926122,78.6089317190287,81,19,67.43280139904778,3,2,2,1,0,6,62.32533410490627,7.890021314742956,LOW
36642,411.5425342819873,2621,110,66,80,2,5,4,16513,19.649095741232486,171.92069927736608,42,58,157.7363172377292,8,6,3,4,8,10,44.14568891795126,42.82640873253552,MEDIUM
39698,440.7046406059707,6587,50,25,26,11,11,14,2488,93.40768835283018,115.21705131594324,57,43,306.66899413446157,5,4,8,4,6,2,70.7701398914456,12.454786473350763,LOW
45238,495.09886226057773,4229,184,24,36,8,9,6,5279,33.4899845984232,146.3948917149401,31,69,375.518363901143,7,8,8,6,3,7,61.307310878951526,33.80755169411765,LOW
33897,973.5364976009442,4554,64,23,31,6,7,6,5792,41.4573720671822,180.43731808763008,50,50,170.93193038960314,4,6,4,5,3,8,62.67877860616911,24.399875349409427,LOW
17153,242.78735494943598,935,233,66,75,7,2,8,5821,30.16796090195876,181.33091844772198,42,58,309.66271699886636,7,7,5,4,1,7,43.246252168811125,34.214673869584445,LOW
11331,367.8280801434138,1700,12,5,6,7,10,6,2496,143.88611914503295,72.41672032419399,61,39,188.1630477867238,4,5,4,3,5,5,6.2874033693221945,6.403265323288797,LOW
6224,269.34471778106433,1166,43,12,16,10,8,12,576,128.91953215701614,190.96573999781322,70,30,118.09129982218552,4,2,1,3,9,4,65.80783273771016,9.780102813692949,LOW
11583,513.8845216222006,2373,36,7,13,14,13,8,1092,38.421751415970526,14.726417582775035,46,54,295.70606029033905,3,7,6,6,2,2,8.928865741670425,3.9021666144668434,LOW
46417,1237.779273591239,10020,75,18,44,12,14,12,3819,52.49711261870827,81.59875659307147,66,34,319.2808535925309,4,6,7,1,0,2,37.47593966913769,15.057652946553986,LOW
20316,443.1359676987699,5263,16,6,7,9,7,10,5491,35.43446213422459,180.2017829266799,66,34,81.1363176322721,3,3,1,4,4,6,61.76518527498255,14.843464180289866,LOW
42740,509.17218017805897,4439,19,0,1,12,11,9,5838,76.32201412181944,62.18100716522676,75,25,122.06780081813227,3,4,3,1,5,4,34.277173024117445,5.3712930531446474,LOW
6776,413.43154954033605,542,16,0,0,10,7,8,1452,7.843527208766771,61.88547556105049,66,34,197.91073738946488,5,5,6,1,10,5,12.345430322267186,8.04205783531835,LOW
48903,653.6265214886307,12855,253,19,61,13,9,9,10902,102.34836129003538,67.49823416555886,84,16,74.60873190675068,3,1,1,1,4,5,27.183574682544094,23.76061720145112,LOW
39163,705.7894851314342,3491,303,46,104,7,3,7,1441,80.85793172355804,126.33954312091522,18,82,371.533719501517,6,8,9,10,4,8,71.16969625500657,49.82017494399563,MEDIUM
14494,447.97052109524554,4256,0,0,0,13,14,11,0,135.30264460365999,93.28322736672722,81,19,236.53356502429938,3,2,6,1,9,0,71.98278183412387,0.8309007960767785,LOW
23999,463.1414681009336,6254,263,119,137,6,6,5,2802,28.83693922762005,148.07961890713509,77,23,48.48131094867707,4,1,0,2,10,7,51.32470178841359,29.846285383691658,LOW
23540,702.8020232955896,4124,173,24,27,3,4,5,4659,121.59584067886409,180.0330220872865,53,47,73.61194587298483,5,4,1,5,7,9,63.99145011884357,28.905255183078207,LOW
43820,711.0429081362659,12942,70,16,39,8,11,9,6940,119.83434709767378,138.09788123914353,38,62,381.74213812993776,6,8,9,5,9,4,3.6607810637675207,15.98991462388258,LOW
17459,377.77636630711436,1297,141,65,87,6,10,10,2902,23.441272436448603,48.848676837539344,53,47,295.26743427864733,2,7,8,5,0,5,20.231967611248123,21.588328504036916,LOW
6599,320.0519880053709,829,24,0,2,11,11,7,1473,62.7910875008985,187.2095614484954,55,45,293.76203380199445,6,5,5,3,7,5,26.880607780228996,8.402936905933116,LOW
42767,2660.4016735481273,8962,0,0,0,14,14,9,0,29.67213296595495,60.25364593602092,96,4,28.999437602021814,0,0,0,1,10,0,1.3578317939750046,2.4051234412356672,LOW
20076,352.6058791819222,2760,62,27,47,11,12,9,749,41.93447256634459,38.47991611235004,33,67,358.1195350835788,6,7,10,7,6,2,27.452751225181828,15.741893496756642,LOW
36446,401.70071675078157,10281,341,42,52,7,7,10,288,43.17069535042893,27.09378298358257,50,50,177.49414502344183,5,5,1,5,0,5,7.151758331747117,35.675116791949044,MEDIUM
6616,175.60259775178005,439,121,80,88,5,4,5,1530,85.65427713373705,117.04291072657146,30,70,263.8869290559705,6,8,6,7,8,10,37.49476509411589,33.77566957350055,LOW
16063,215.22071156601757,3009,58,13,28,3,4,3,5815,64.6545851052675,31.614867871323842,3,97,383.8756876456056,10,9,10,10,3,10,0.8159805862734988,28.774769176907753,LOW
27288,403.8309556843372,5395,230,67,108,2,8,9,3287,142.42125658091427,36.36741798139984,63,37,40.00495214262276,3,4,2,4,6,8,19.83716703255134,31.838892752030404,LOW
27428,293.3547569000586,5847,37,0,1,11,13,7,3172,23.323670582315746,67.00579131314436,56,44,192.9105837946315,4,4,5,5,2,5,62.43926328834612,8.308336290768564,LOW
36836,443.84360995596387,4196,354,97,211,8,8,7,2020,146.18535955327883,63.514071840048125,73,27,19.84509466477271,2,3,1,3,7,5,15.733650855298915,32.834089510844,LOW
10347,175.88712882674025,1460,0,0,0,11,14,14,0,38.44260283106827,124.80550696310704,85,15,199.81816932948618,3,2,4,0,3,0,5.1363052198997945,1.9660157357593946,LOW
26655,395.36979132769847,6954,101,52,58,6,9,6,645,117.0667207753687,165.18160309980948,65,35,100.90376419502843,5,4,1,2,1,8,18.355751088136028,32.17892552980344,LOW
14635,161.98707511682062,1444,78,21,50,10,12,11,1548,54.1506392950591,154.65643467854954,62,38,364.4262117095482,6,4,10,2,1,3,59.670447479249304,12.233638375195547,LOW
18274,425.4290392099807,4691,35,8,14,11,12,9,346,25.746802335510516,59.87204639613058,91,9,159.39699770923474,0,3,3,0,7,1,42.483896489858985,3.612131184065027,LOW
2242,62.19917002355219,427,0,0,0,14,13,14,0,129.39393186070478,56.60899461733619,94,6,253.54897842083167,0,2,4,0,7,0,42.40431740763417,1.5134033019685618,LOW
18809,3120.7623643876163,4524,12,0,1,14,11,14,1605,49.784830389287166,193.50039072032385,61,39,344.1149059258196,6,3,9,3,0,2,0.5410418342264037,1.9510187569643733,LOW
1119,13.397611208965728,255,2,0,0,12,13,13,54,100.53403361289212,11.564885902472424,44,56,393.4767433668706,6,6,9,5,5,2,34.258811792106194,1.6902619637724892,LOW
18158,223.91529120298492,1849,119,22,82,12,8,8,2176,87.13433433756086,177.146901281441,63,37,201.52774813141838,3,4,5,4,8,4,19.491689838638372,23.88946115170421,LOW
35207,2359.2157865370514,6766,0,0,0,14,14,14,0,73.40466486167678,47.94841863325694,65,35,182.30308114458236,2,3,2,5,8,0,24.53894437347224,1.2781376113502196,LOW
20837,348.43636030942355,5562,43,8,13,7,9,5,4094,76.89382353403816,189.9840213870559,62,38,30.295858118583485,3,3,0,5,1,6,43.30609459327068,7.634329162256243,LOW
16501,336.21810459913985,2607,0,0,0,13,14,14,0,111.17449754338169,75.03838411722874,97,3,5.0955773348860145,1,0,0,0,7,0,63.01529392146286,0.0,LOW
1468,90.18659245952892,428,7,0,4,9,10,14,167,17.727072547898885,93.66683703971793,51,49,243.52083699939845,4,7,5,4,7,3,13.488468767408252,7.856651438600506,LOW
48114,490.1889788883393,7845,264,86,100,8,7,7,7086,101.88619598389624,144.3529166494324,69,31,26.185740859058406,3,2,0,4,3,5,55.42787469230112,36.8524736585652,MEDIUM
26392,1039.2143016421642,2261,0,0,0,14,12,14,0,134.89275470279392,121.65711977991946,97,3,152.1515748153893,1,0,4,0,3,0,3.9965056868482733,0.0,LOW
26119,2293.7062620048473,3848,126,22,74,9,7,7,1905,13.379288567880302,70.40847264429632,63,37,1.4425744425845988,3,4,0,4,4,6,23.86113536275158,16.462117594898682,LOW
781,12.697018990807814,224,7,1,4,3,3,6,317,25.394734188881678,115.22787401488647,23,77,246.0909995862683,7,8,5,8,10,9,16.152257312109377,13.849510651461522,LOW
27920,371.3144464745999,3627,327,22,25,7,3,5,8124,108.91163082179456,148.83430802894839,65,35,170.1660641761985,4,5,3,2,9,6,65.9642548326163,30.146525034656058,LOW
15860,1962.3546208976948,4235,23,2,4,12,11,11,567,68.40583899546955,18.043639721473497,97,3,50.80830791451514,0,1,2,0,6,2,13.226850305158235,2.5161863258264656,LOW
39530,584.9521624811299,10685,163,8,17,10,10,6,665,63.51455001798481,12.127867998583781,66,34,118.54704273632883,3,3,1,4,0,3,41.87218214636733,20.019706857931865,LOW
1558,28.037856684746536,214,3,0,1,10,7,7,86,24.860162008914198,97.03271842384935,54,46,227.8642795887698,7,3,5,4,10,5,12.281996351499652,2.716606061927667,LOW
21177,1429.8952439395887,1499,70,10,40,8,2,4,7101,78.48165590407928,35.048957382667695,21,79,262.68534720399083,6,7,7,10,8,10,34.35408564228262,28.42888709704069,LOW
11224,524.7368665888166,2594,107,8,14,5,10,9,582,23.3490701234747,136.22541537829574,41,59,184.93435186537872,6,7,3,5,2,6,30.05809294760328,9.860477178130823,LOW
28904,490.25096799082075,3696,147,10,15,9,10,13,3382,74.10996616502835,50.66996668321249,55,45,321.58364643637833,6,5,8,3,10,3,3.457039244720119,14.085030348484985,LOW
38446,1159.6196833164925,9447,473,159,232,5,2,5,15969,115.72421834944022,92.24171029117748,60,40,44.97616468119428,4,4,2,4,3,9,59.549532949593186,67.13846513147499,HIGH
40248,427.5334870442099,6466,161,11,29,5,0,4,19392,42.44833189363871,47.557478006111104,74,26,33.81828904496311,4,2,1,2,6,10,56.27805913084003,14.764370641952512,LOW
30356,366.70550850212885,5200,135,33,51,6,5,2,113,74.71399438606046,114.21188129233366,79,21,17.697707607123327,5,2,2,0,4,8,20.36687360284807,18.943228354615968,LOW
9700,98.5382965030841,2371,142,3,5,9,6,6,3717,148.84231556254116,32.05015728306809,36,64,214.3311357797769,7,5,6,7,4,8,44.40065228806065,24.561343950693363,LOW
34497,1162.7393672895805,5022,178,64,96,5,5,3,10213,104.5643113863354,14.39030202962125,26,74,282.49268169378314,7,7,6,8,0,8,26.430875032975656,37.537508441397584,MEDIUM
26111,268.84259836629985,4198,389,125,168,8,6,5,987,126.9967318392538,19.715011240272467,56,44,52.208559769011885,4,4,0,5,1,9,55.499740744516764,55.915150992823605,MEDIUM
41735,907.9296540363657,6011,134,27,69,8,5,5,4332,65.15290295127913,191.3091038879089,50,50,255.578248742157,6,4,5,5,4,5,50.01263862422431,21.776558025237915,LOW
35557,935.3588915602813,5043,67,12,14,14,12,14,1244,116.33983385324902,37.0343815360778,77,23,190.77910647581388,2,3,5,2,1,1,6.968389150077274,10.199903194522541,LOW
1739,177.75360824632978,315,3,0,0,13,13,10,83,10.873830076491666,144.61086809599868,40,60,394.9378000604461,6,6,10,6,0,1,60.85945382394521,6.091341352350359,LOW
38638,3858.8993920051275,9744,70,43,44,6,1,4,3171,22.82212146862552,22.90597880233699,14,86,286.9894437065646,10,8,7,8,9,10,13.328966514295502,28.736273709216704,LOW
49438,698.8585340703142,6943,231,28,132,7,13,9,947,34.44523597340901,30.550466924684613,58,42,262.9893340766503,5,5,5,3,2,3,12.94884372627565,20.038258517280777,LOW
625,12.885733273231972,113,2,0,0,5,10,2,118,63.28302906920683,106.68648776777358,15,85,228.1798939489378,7,8,4,10,10,8,52.96290154959794,18.23550650821791,LOW
45772,1725.9716804767213,9963,46,7,23,13,11,12,4431,127.63300735723566,98.3254767293253,45,55,398.94647261988155,3,6,10,7,0,2,13.602450889439481,7.626126468396532,LOW
24357,384.62158501001284,2858,118,5,8,9,6,11,5914,55.20857736424992,190.8002587935752,26,74,392.1836683418309,7,7,10,8,9,5,9.251382178212141,20.173097709201425,LOW
15898,547.8003675943062,1897,18,4,12,9,13,14,181,99.92007305974212,189.5187360739401,71,29,215.24605019780861,4,3,4,2,7,1,24.49417214683639,6.044679381261595,LOW
7138,119.2149981386864,2022,0,0,0,14,14,14,0,107.8505727465051,158.12564208306836,80,20,182.0733389337047,3,1,4,2,7,0,60.467942377427136,0.0,LOW
7070,180.70365611602975,1632,33,13,15,12,11,14,1283,89.9964413428095,124.39934772419645,71,29,184.84596908070094,4,3,4,2,7,4,13.141826213625272,10.992494603318974,LOW
3749,45.03981658226511,728,11,2,8,9,9,7,964,56.80008538466975,96.4424603046721,57,43,171.33695612934625,4,5,4,4,6,7,24.74371900792414,8.681400246403141,LOW
9610,115.83039234497747,2036,12,0,1,6,3,3,4204,88.67273454846392,77.67392152240001,24,76,212.55932279852888,8,8,4,7,6,9,20.967157466273836,16.20763094568666,LOW
40863,811.6065464781599,2342,435,214,238,2,3,4,16423,54.6285109545132,189.94663392535554,60,40,109.4337071257483,4,4,2,4,1,9,25.958351827471848,64.13383904512538,HIGH
14105,368.00949539242407,2884,15,5,11,14,11,13,151,17.16169209004175,124.55267417069025,44,56,370.71551324577064,4,8,10,5,8,1,51.570433296575246,3.6301271765952214,LOW
12615,319.82714843782566,2237,160,21,39,5,4,6,4312,148.9565768369721,120.02378026033895,41,59,196.0920325847741,8,5,3,5,6,9,29.49078904038376,26.687952969859722,LOW
39562,485.1680493728846,7375,422,1,5,5,8,7,768,23.441455776714083,54.061213136093826,12,88,336.80312473544365,7,9,9,10,4,8,54.80973271587026,44.23504927814747,MEDIUM
23411,647.1229533568472,3274,295,93,173,7,8,6,6701,15.490515656228316,18.87258539817148,56,44,190.121469867048,6,6,3,2,3,7,46.288824384758264,48.726185800685116,MEDIUM
39025,1569.7503850162047,2746,75,0,0,10,10,10,2347,132.38695863503762,189.58583015431344,59,41,287.3161095640972,2,5,7,5,7,2,26.31859152078759,11.34821809972102,LOW
33056,2533.9214634864893,3250,0,0,0,12,14,14,0,48.76602582946979,69.60969918048424,94,6,134.752785790632,1,1,3,0,4,0,31.405215884916984,0.0,LOW
13095,265.42566781015546,3767,51,1,2,10,11,10,1885,99.2930612406586,94.09191443164715,64,36,249.9227430933042,4,4,6,3,5,3,50.80902391218297,15.481372234189578,LOW
2469,48.59992321816609,375,23,9,12,7,9,6,43,52.705830801023765,31.781589281284297,51,49,199.34857818036775,6,5,4,4,3,7,38.735012042243454,13.078369232699584,LOW
44253,521.3207039274007,7375,96,12,28,10,13,13,710,61.760869265198316,169.01562268276547,67,33,146.84570261344393,4,3,4,3,1,2,62.58632154205816,17.2922582340221,LOW
17775,683.18937821604,1122,225,21,36,6,7,3,3873,43.00638094243549,15.25004824262682,6,94,352.6225044272004,8,10,7,10,6,9,67.22261442108886,39.27395603762637,MEDIUM
4970,120.648137334314,295,3,0,2,14,12,11,218,54.741380839986476,168.45824479882833,97,3,45.08467309956359,1,0,2,0,1,1,51.8160738117415,4.552778456449335,LOW
10725,131.11480130173027,2459,24,13,14,8,10,9,2620,64.55155808504875,36.65415242971369,61,39,194.76925932764414,6,3,4,3,10,6,71.22830906729295,17.075452241512526,LOW
42824,514.4379772799226,7902,175,29,47,8,12,12,6194,109.46033001838973,178.4471813999189,83,17,77.74762930645468,1,2,2,2,6,3,43.152380300482456,21.469395416311254,LOW
42474,1022.5322982672698,7525,120,9,27,10,7,4,6563,79.1727481640448,148.65680109386992,20,80,344.4220364870366,7,9,8,8,6,5,3.3479015072155835,24.98996152742471,LOW
43259,889.7956226546321,4792,167,40,98,11,7,8,2219,141.81695648776164,41.287349876387964,66,34,101.38773788626536,3,3,4,4,0,4,36.59692201309218,26.859788735604077,LOW
23696,700.8129696187091,5596,24,4,16,12,11,12,29,11.072657106622449,117.50541864329894,60,40,253.37213604472865,3,5,6,4,9,1,16.945663476088914,10.157986044274212,LOW
40787,435.7924724755596,3754,369,46,211,5,2,6,4091,77.94490678164408,69.4046997274917,72,28,66.22540603414163,5,3,2,1,9,9,24.36049239747807,28.011168272650174,LOW
14169,870.8046607170315,1381,17,4,8,13,14,14,478,89.71259438059913,43.864288793200856,83,17,161.96546778833465,1,2,4,2,2,1,35.54000872859651,1.623128479639693,LOW
37880,404.24221605795367,6256,47,3,8,5,6,4,14034,138.42856298076973,173.2446178881106,39,61,359.7428782597457,7,8,8,4,2,8,21.596132515374446,9.151103428319908,LOW
45641,652.3188913849381,5548,903,598,616,4,3,5,7323,12.127985925107,86.66932563637359,64,36,66.42577776077619,5,3,1,3,10,10,22.637947171709655,100.0,CRITICAL
48820,879.6498704393239,5461,641,129,384,2,1,6,19238,88.15743981560632,85.72330572942268,35,65,265.2783301393359,8,7,6,5,5,9,29.24416805332803,81.6837763244503,CRITICAL
47914,5913.402646790275,10124,43,14,17,12,13,13,946,128.77633963655376,42.2784682132578,97,3,81.80414822238191,1,0,2,0,10,1,20.981700364576223,3.236283088242755,LOW
38506,767.3324619020049,8191,124,22,50,4,5,5,4154,40.0795205772893,82.78247845629795,50,50,166.29962101286634,4,6,3,5,2,7,12.619321155459197,27.129306908765436,LOW
16077,367.591327000674,4117,28,4,12,8,3,3,2863,132.06239053597093,175.60720080248154,39,61,216.24675374983974,5,6,4,7,8,7,55.23755877384882,11.652731733564075,LOW
22973,1130.795466814114,3547,0,0,0,14,13,13,0,7.761294344772314,78.99445499303083,67,33,230.92256727589913,3,4,6,3,4,0,28.757641009729863,2.1053317424117624,LOW
29125,432.38524779326787,1988,0,0,0,14,14,14,0,111.2059212243908,190.80467687495974,82,18,241.00453502126214,1,1,6,3,5,0,59.970646985032154,8.740713681218855,LOW
16004,164.54975558430877,1895,25,11,17,8,11,11,1124,140.3014170694547,189.7986908495936,57,43,256.05256615636887,5,4,5,4,5,3,63.61426475029594,8.525989997803034,LOW
24589,420.98730483281696,7253,20,6,8,8,14,10,340,100.29366093780902,37.53074526839575,87,13,108.70747906951901,2,1,4,1,7,1,54.193889259855126,12.801104376916474,LOW
36987,507.3553893720352,7362,0,0,0,14,14,11,0,68.65924037716496,43.689138169302524,94,6,160.54699428686362,0,2,3,0,9,0,28.862131085991162,0.0,LOW
802,69.7221970728551,182,8,3,5,5,8,3,320,11.507747388544114,173.90807336305895,66,34,14.927465430025766,3,3,0,4,10,8,52.07453108103543,7.677069985854676,LOW
31963,715.402192633738,1656,84,4,15,11,10,9,2071,138.41650293178117,84.62457459569664,36,64,307.50279061255003,5,7,8,7,2,2,11.598266063067964,16.701579906804007,LOW
45412,2828.6932438533736,8153,0,0,0,14,14,10,0,73.19295229027834,10.831056633771773,74,26,334.83980071556095,2,4,9,2,8,0,47.769776779622006,0.0,LOW
29759,470.75402179201393,1767,15,5,7,10,12,12,355,9.204527928712462,62.03564574402049,100,0,79.69470539421822,0,0,1,0,6,1,29.531292572701066,2.0949097795611937,LOW
43323,460.1203291293383,8331,397,210,290,7,4,5,875,105.02405534267048,123.54950870715639,85,15,80.57758585187274,2,3,2,0,10,7,47.37857567190832,62.45547102232147,HIGH
37708,555.6007031894258,10565,44,0,0,14,8,11,582,74.86640176855744,161.86053353239393,82,18,16.814560876168283,1,1,0,3,5,4,54.467527338133216,10.0018442921117,LOW
31159,2534.016442298941,9101,355,17,60,5,4,3,14254,23.030071029149557,35.343837247719314,12,88,388.153529116995,10,10,10,7,10,10,40.73208389438107,44.72415241908099,MEDIUM
36340,939.180940530023,6727,263,46,49,10,6,7,1051,36.06941234998764,31.002859239179717,25,75,322.87462724689163,7,6,7,9,0,6,46.43721940342492,42.49532318057512,MEDIUM
32390,565.1420812995642,5329,82,13,21,8,8,7,3921,14.351148666097709,185.197604178743,85,15,144.28128116241282,3,2,3,0,3,5,15.76724709547595,8.2656910226969,LOW
14098,325.5533004271202,4035,0,0,0,13,14,14,0,88.27256325774316,152.7181898862907,74,26,192.7633085879301,3,3,3,2,4,0,42.87801816171723,0.0,LOW
47555,564.8118410827233,10386,397,42,187,6,9,12,10109,95.19427449154134,122.0581241478349,43,57,116.78678426034743,4,3,4,9,1,5,33.42391164886031,41.24471483641866,MEDIUM
47233,573.2595325469865,3127,180,123,127,0,3,5,4044,78.33263326153943,156.14549009922632,31,69,238.89758732883374,9,6,5,6,0,10,31.10577945834033,49.30100709272442,MEDIUM
20008,316.96370362563374,3329,111,36,56,4,11,5,2627,123.47980928537916,91.4823286482613,48,52,286.9233649334033,6,6,8,4,1,6,29.837576437547558,24.704568628105235,LOW
42787,1057.0301503107835,4709,240,29,46,13,12,11,1614,129.84627908966198,154.10659198873404,71,29,178.94739119674884,4,3,4,2,7,3,22.731068000989605,17.658956242022445,LOW
13880,474.4171004545563,2324,102,66,70,5,6,6,1242,94.26553751905337,80.6425683421618,29,71,349.4376773166494,10,7,9,5,9,7,22.331428360629637,31.780855765216014,LOW
27484,1825.2018905325267,4503,284,134,143,5,8,8,2922,6.849689557577429,56.377968773594446,47,53,206.810344887524,5,6,6,5,5,7,50.5290095984634,54.83764321931487,MEDIUM
45133,1165.7671100448813,8825,452,29,79,9,10,5,7949,105.80830008342167,148.51255004566406,77,23,57.70130763112431,3,2,1,2,9,6,40.38268254224858,36.272709040435196,MEDIUM
8625,194.90913547909733,1200,42,11,12,3,5,4,71,65.60988645345097,89.73773550988098,26,74,248.91655033505663,7,7,6,8,1,10,2.6415756765019953,18.514006349746182,LOW
36559,528.284988021973,3329,18,8,11,12,12,13,747,87.00583506782611,196.46164982197703,76,24,184.89238636312103,2,2,5,3,8,1,3.969553950639189,3.491555704271169,LOW
4533,67.13051009881325,797,34,4,20,9,8,6,211,99.11668729273823,76.40218463853918,27,73,374.2687452326903,7,8,8,7,7,5,41.263508574948204,13.009850707756224,LOW
38373,3290.917727645064,9882,293,52,135,6,6,5,9277,55.78430907742613,185.12820990090253,44,56,156.75756837436538,4,4,4,8,3,5,61.009268734568955,39.808299328535625,MEDIUM
17587,413.32904533892537,3798,22,1,2,7,6,5,3074,137.97928324991017,187.2628842277451,49,51,161.14629566004163,3,6,4,6,10,6,3.6444135014403893,9.119230958332452,LOW
41401,1859.1321638189472,5572,147,62,94,9,7,9,8985,24.426355678718274,55.952059942301766,42,58,260.3093559126441,5,5,8,7,9,5,36.76529578887312,28.259595773480523,LOW
6204,311.80255592711507,1761,5,0,1,14,14,14,60,102.36921205575042,161.66202450172253,69,31,210.7944873305712,2,3,4,4,6,1,61.35617934865772,4.211570197835679,LOW
8348,99.86397991799446,2321,97,21,59,4,5,8,2366,5.632139093704162,92.28415597746738,45,55,149.77995101537394,3,6,4,7,2,7,0.8180304340662907,15.767007456629536,LOW
22092,2459.6007383306624,2260,59,26,30,10,12,13,1374,139.0744102837512,184.32969817376613,22,78,395.9097662720358,7,7,9,9,5,3,20.219264393529137,13.344768724787812,LOW
46243,1031.6945910610393,2767,687,127,145,5,8,7,3286,21.313099319523268,95.52361180069538,49,51,120.87420399976673,4,5,3,6,2,8,66.27429561174192,83.07275648554976,CRITICAL
7424,353.8718290235709,1747,103,12,17,8,5,8,1978,18.75821337139832,151.41770629409956,53,47,111.01151679401143,5,4,2,5,9,7,6.325078072497345,23.500919738399855,LOW
27708,312.9561314386624,7118,87,8,9,10,11,14,2111,53.28610679257542,98.72380774112159,48,52,345.77105140884134,2,6,8,7,2,2,43.90024814121328,21.215665791672258,LOW
20114,347.27900209058214,5872,54,8,10,14,10,14,2003,59.16711147566669,53.282143585442675,94,6,1.3491774202222029,1,1,1,0,10,2,36.77778916185188,6.517374482383789,LOW
988,36.6181433010823,269,5,0,0,11,8,9,270,36.0735104868174,47.876524499490394,75,25,80.50126436196305,4,3,2,1,8,7,11.34507446514479,0.6532805791394747,LOW
40382,765.8173036432834,8081,9,3,4,14,13,13,293,89.84264083443308,90.83192690870565,85,15,236.17867530479043,1,4,5,0,5,1,3.537821214009373,0.6437998084984503,LOW
26423,354.7130200642444,4822,251,115,120,5,9,5,3409,69.22254421608471,153.54398483270083,56,44,64.98021113786594,4,4,0,5,7,8,36.434977774731784,45.50822399655285,MEDIUM
49008,510.387231816026,2791,115,16,53,10,7,10,3320,9.955460410957675,124.9635821843457,39,61,394.3215690894353,5,6,10,7,3,3,53.061808512717754,22.136907956407903,LOW
36441,1404.6904516999623,4069,139,69,71,8,11,10,1153,51.34954902701859,140.83956508110322,55,45,185.6782489686524,5,6,5,3,3,5,13.172858578707292,22.334421747333863,LOW
29665,332.61473916684935,4891,83,11,54,12,13,12,2337,122.51277246810972,63.642006639069066,61,39,238.94562998422035,4,5,6,3,7,2,49.92936776065786,10.220273501293114,LOW
2167,23.112474779179767,448,4,1,2,11,14,11,114,105.00672255497095,101.47271573194504,92,8,64.14938604207725,0,0,3,2,6,2,39.56640679027497,0.0,LOW
26713,290.1696068469303,5057,81,11,14,6,11,11,2522,110.10627376908266,18.435100344172128,76,24,115.75124034877113,2,2,2,3,4,2,26.086019429737423,15.753295264469976,LOW
4614,70.58892222872518,1087,39,14,18,3,5,2,1359,106.22695399211092,165.33115903204293,33,67,245.84991307176622,6,7,5,7,1,10,48.00678048009842,23.68883442678813,LOW
36821,567.9364133126305,4416,128,6,8,5,2,6,8664,50.09108810053983,198.0795108255762,40,60,219.82134931455906,6,6,5,6,5,9,14.226339597243419,20.360738725461452,LOW
8261,190.76314659471612,1579,8,0,0,13,12,9,29,19.451268701132502,87.30702189868747,57,43,313.74557817646644,4,5,6,4,0,1,33.17058944802949,3.955563816143081,LOW
31616,413.4010194891137,2277,422,158,220,7,9,5,1652,44.50774168479892,12.083094094993236,76,24,107.69327142972647,4,4,2,0,6,7,39.77530618189034,48.12119786101285,MEDIUM
34268,617.742724659853,5257,444,130,172,5,4,4,11644,125.6088685268481,42.26060151468,13,87,261.4168586826136,8,9,6,9,8,8,33.29673112898731,80.63841496794542,CRITICAL
48906,705.1382013704218,11617,168,60,101,8,5,9,16957,147.1682656785453,133.98010677257957,51,49,116.39020229954617,5,2,4,7,4,7,28.921348445287553,31.062618584413862,LOW
25926,567.2650783628206,5790,196,44,66,3,6,7,4843,76.6078171375264,126.29507045873325,27,73,234.70104789844814,8,7,5,7,4,9,53.47532522912892,30.088218614538114,LOW
18272,245.28754432978693,5438,68,5,6,11,14,13,1480,6.406551463841122,159.69429672125335,75,25,242.01238707408345,4,3,6,1,6,2,47.411219106348014,4.78948907178097,LOW
38718,464.66361404838335,4625,77,23,53,9,7,6,7289,25.30649775946321,58.23796208260295,74,26,48.73564454179551,3,3,1,2,4,6,46.221539103341314,14.43542187414569,LOW
4212,222.72227948189024,735,24,0,1,1,2,6,2019,51.70168342085854,155.09006395395548,29,71,219.45324427450643,6,7,6,8,9,10,64.26374611131969,15.406583273618152,LOW
1867,22.192288326653028,247,10,0,1,8,7,4,200,88.89487554597771,140.71696408949725,52,48,4.7753199816729985,4,4,0,6,3,9,71.53529700086803,10.950934276615367,LOW
41457,735.9905286684556,6639,49,7,10,8,11,10,1129,15.888578641770525,71.33475456563022,65,35,200.4843005498766,3,2,4,5,0,1,41.05512412524485,8.07012000718229,LOW
42281,496.0040163135848,11172,111,31,88,7,12,12,2592,141.78680831293283,113.64274813082278,49,51,279.00875544323,4,5,6,6,5,3,25.401153255171756,22.400408074982074,LOW
26700,580.7673084761341,5902,33,6,11,5,6,10,3615,57.9371326262381,37.98202361468208,88,12,29.133091595995488,3,1,0,0,8,5,56.18958746649975,10.354994150084229,LOW
4226,103.05093658381239,1143,54,7,21,4,7,5,568,137.32471159909934,95.9872556527607,10,90,375.48432656681086,9,9,9,9,3,10,10.660082988972546,23.564880110324474,LOW
24116,262.32783765197473,2432,27,3,16,9,11,10,2400,118.17566139976816,177.42749451557177,85,15,183.5022127957817,2,3,5,0,9,4,37.17300572965881,7.583168750013499,LOW
28223,977.89131910945,7573,282,83,143,7,6,4,7053,114.53840451475926,90.02636216682426,26,74,375.36651024962475,7,7,10,8,10,8,38.002356459756726,50.2873747287431,MEDIUM
38074,446.8770378842538,2472,364,132,245,4,6,2,1391,92.97433906842365,169.5176742303302,46,54,42.959369476453006,6,4,0,6,3,9,70.81795252837016,63.14632150263642,HIGH
35458,695.5009949181629,9649,110,22,42,10,11,9,3951,95.88365347251747,122.14813939934194,55,45,379.9610377678139,5,6,9,3,4,3,71.35698727155008,20.614337217835104,LOW
9608,178.45777291123568,1270,8,2,6,10,10,13,1357,97.51046910635598,46.456575489447786,84,16,43.67883977013869,1,3,0,1,5,4,57.64381088708339,7.4765786211093666,LOW
12678,369.57264790271216,1630,49,29,31,11,11,11,1674,96.16460111870941,120.41018649260032,68,32,184.5983193805344,4,4,5,2,2,3,34.32062167666896,16.301223446471276,LOW
36143,608.0686837198382,6434,232,15,74,6,7,8,5387,85.29059355276237,106.13683253984206,19,81,375.19682669074626,6,9,9,9,8,7,39.62664398319702,32.83594502332072,LOW
31824,886.5843034473486,9075,196,53,59,1,9,6,686,148.03003268001888,85.74185368731295,74,26,93.08328015554861,3,3,1,2,0,7,23.361526653567342,20.712619191729168,LOW
38860,4451.014264205103,2407,95,55,70,9,12,10,1793,111.18213227672594,32.72978350805336,100,0,13.91399234349362,0,0,1,0,10,2,59.83396781296371,13.152971060789671,LOW
18324,594.1659767317972,2529,0,0,0,13,14,14,0,117.65722631691557,89.17464613097367,56,44,317.24427001128834,3,5,7,5,5,0,53.878052859252975,0.0,LOW
45860,8180.507556922516,12113,29,8,14,9,11,5,7422,131.50710818713276,23.82485148552915,53,47,238.35345506760396,4,5,4,5,5,5,55.656908079424795,12.12128808691575,LOW
9427,96.24916703016979,1404,3,0,1,11,10,14,22,36.26776559524813,28.76611976576274,66,34,205.56847716057626,2,4,4,4,7,1,10.41535817808979,0.0,LOW
28644,296.07430241031386,2858,15,4,6,14,12,11,535,17.151603068783814,89.02414125721604,97,3,13.73735374128735,1,0,0,0,4,1,29.002328948689385,2.571016395778134,LOW
31510,740.7189178439783,4921,87,3,11,12,10,7,261,75.01969330679681,68.02248157400811,61,39,261.29250752273805,4,5,5,3,8,2,38.92064586516902,11.4824273834219,LOW
22943,309.22472564069824,3358,192,27,49,10,8,5,27,79.5417008647946,185.85342191382244,66,34,68.64934075382591,3,3,1,4,8,7,9.413044758960407,22.686247206722747,LOW
14937,394.6202577779207,4165,45,11,20,11,14,10,1434,125.23135809273806,81.38410302225141,56,44,372.47867208187813,6,6,8,2,1,2,26.856546386426892,6.735246827912905,LOW
44798,651.5707854914548,10773,405,4,5,7,4,8,13387,69.34861899593868,153.99304319369904,46,54,274.29078043027283,8,6,5,3,4,6,6.751425352616051,34.23288731433954,LOW
40278,494.112469898704,7100,623,202,217,6,4,3,10068,87.77368870392534,110.74703000958611,38,62,282.8135552135346,8,6,6,5,6,9,69.05714775015754,100.0,CRITICAL
11707,123.30706461739638,3478,85,13,51,4,4,6,1258,81.42528608445146,143.77627704204374,49,51,93.03210904451218,4,5,2,6,1,9,54.21532806468573,21.159616773673523,LOW
26037,605.2277872543133,4330,157,9,20,5,5,3,9488,10.539403644821704,59.42203677292584,27,73,352.30153522268733,7,8,9,7,6,8,44.88349065041047,22.847744571959403,LOW
36257,456.5607546046371,2340,426,9,22,8,6,8,11713,94.20616000655252,188.96194483928252,36,64,215.0930283132804,6,6,6,7,8,7,15.147234997176746,41.893778554669595,MEDIUM
12540,414.36460240867507,1449,0,0,0,12,14,14,0,125.06627643726658,110.71681441374055,55,45,342.8336711256922,4,7,7,3,7,0,24.39011175818942,7.374417722849727,LOW
42486,428.79821634497625,6756,248,78,122,8,10,9,6938,27.837579470991553,167.95157354419743,78,22,108.3789899329104,3,3,4,1,9,6,10.830670486805229,27.31384964266261,LOW
23112,3103.0683164080733,2062,65,8,9,10,10,8,517,91.17810141935638,79.35868176046156,25,75,302.1846852392984,7,6,10,9,8,6,38.832553327711814,14.1522580205457,LOW
28941,464.27994133619217,8302,372,129,239,10,5,7,895,91.07352894473009,29.04015631959966,40,60,229.826761464019,6,6,5,6,3,7,59.16689326985161,62.96960136247861,HIGH
6971,103.04041161195207,1684,54,21,28,2,7,9,2812,28.806819788172017,138.00521306696126,65,35,19.367722324232652,6,3,0,2,7,9,1.8611113008215312,9.887734767958197,LOW
36131,513.484617376437,4229,72,8,19,9,13,9,6328,22.902218190956724,11.474333184110652,82,18,162.13692950931477,3,3,2,0,8,4,7.886569883360166,3.582560932224154,LOW
43961,2674.5441052597703,8691,559,156,168,4,6,5,8593,147.10753173159029,100.30566554744658,59,41,73.56418604938595,6,5,1,2,9,9,16.89850883678961,63.71952550136518,HIGH
27023,286.9892253308687,6225,122,8,15,6,6,8,3547,62.08927959969044,46.632361506627255,45,55,143.66943515150243,7,6,2,4,1,8,51.555772135874776,23.338308791172693,LOW
31848,1433.792993885839,9086,482,271,322,3,6,7,8205,37.97615066491175,129.2013458427188,62,38,153.34065370608897,5,5,3,2,9,8,64.41955847200833,85.28705819901306,CRITICAL
1677,26.13713962335966,453,9,1,3,6,7,6,473,29.842058945884368,196.08977589619192,44,56,189.97134121135392,6,6,5,5,2,7,54.340382079376155,8.351568822767323,LOW
5260,201.11471450046758,940,35,11,15,5,8,12,962,101.80224846956908,98.23655220092273,46,54,240.11617709138525,5,5,4,6,0,5,38.03374983721897,5.878075168225769,LOW
33279,973.4812117403699,8108,125,46,88,8,6,9,5121,93.36956811245543,165.32466873987667,54,46,228.3910609992797,5,5,5,4,0,5,8.01553403417034,24.73058304498669,LOW
22136,388.9406923503643,4217,0,0,0,14,13,11,0,98.31505783317553,106.478995520713,100,0,15.596561881998028,0,0,0,0,9,0,54.476377766488824,1.5728395590385607,LOW
16853,377.5874015632592,3171,152,4,8,6,6,9,1105,17.76087398916058,104.20960590976458,50,50,300.2756873954887,5,5,9,5,5,5,8.05324143673242,8.53087111867347,LOW
12056,596.1991190679148,948,57,4,7,10,9,8,1309,134.56251460727336,186.7804637039678,44,56,379.6735537891073,4,8,8,5,0,3,25.35982463889158,11.418515472746886,LOW
28098,1322.9462432077905,2290,144,0,3,12,12,8,3382,61.443627537312004,179.09351506186948,88,12,139.47251559398666,2,2,2,0,4,3,22.5213930721528,11.81349124989972,LOW
12063,269.7224334940039,2200,3,0,1,13,14,12,70,50.4385639324019,159.30208838571514,80,20,71.89876053530342,2,2,1,2,5,1,26.18447763249987,7.416351678017453,LOW
47319,614.9966467450979,5546,878,254,445,4,5,4,4431,72.04240985092218,66.28859313018899,33,67,216.0006252461541,7,6,4,7,8,10,24.06132660314959,100.0,CRITICAL
44290,490.44011922708046,2447,170,13,28,13,11,10,4520,61.559579533406094,113.5515989875487,42,58,281.96517129765766,5,5,8,7,5,3,55.49634974524478,23.860732134114098,LOW
8734,672.2532334489481,2015,61,3,7,8,10,9,679,130.21866545517616,52.54047432808015,39,61,271.56195781106527,6,5,5,7,3,4,12.778246978262887,6.394928461643476,LOW
26019,614.4545785949135,1512,145,9,16,10,8,6,2931,139.74284140369434,94.34417262884256,71,29,244.8438310003433,3,4,5,2,0,4,60.977992582676144,11.66889583738083,LOW
27466,1891.1642670958668,5460,53,12,40,11,10,8,3377,49.0007163851929,102.00048249436021,81,19,58.49290085128342,3,2,2,1,5,4,61.86560769465822,12.449843878986268,LOW
16673,2535.3217396208097,3081,62,11,34,2,10,8,1941,130.27069208169343,168.01160763217288,44,56,334.72995776119933,7,5,7,5,6,3,35.60119633182383,12.607001639654358,LOW
27487,405.03497746430565,8031,0,0,0,14,14,14,0,118.32085378229473,180.24538941174868,80,20,170.24862496752613,2,2,5,2,4,0,8.089635516981902,2.908039968639404,LOW
13678,219.78799991418532,2339,175,14,45,5,4,6,1724,139.96711248999046,88.7778118553308,62,38,88.587433212748,3,3,1,5,5,9,41.64161758961842,23.91224820211674,LOW
39838,1944.5676851284898,2625,244,61,84,11,7,6,7547,40.63379526695373,13.36384456391507,74,26,34.506456425238596,3,3,0,2,9,7,59.196593083640984,37.06538742248411,MEDIUM
25096,922.2327612218994,4716,19,0,1,9,13,9,309,88.65907676754196,173.73702955997737,78,22,166.68764598921962,3,3,3,1,7,2,21.197356624541147,2.2830659097259165,LOW
33674,4643.257228743555,8764,66,50,52,13,14,14,1417,44.808964787364474,43.112948915258535,55,45,247.18921873892293,3,4,5,6,0,1,60.39894083004894,16.079316331686705,LOW
42474,503.72400126998673,12708,615,93,371,4,2,0,14363,124.49370112023426,128.15757313917476,29,71,266.1510836606031,7,6,7,8,7,8,48.89969796909949,100.0,CRITICAL
4931,50.524815312295665,777,53,22,26,9,10,8,443,5.772007632804318,14.744471082484926,19,81,385.0947645589027,8,7,9,9,10,6,71.08812051311274,15.850127350058042,LOW
28264,1581.7641800885785,3676,361,100,169,9,4,3,1815,86.89877861852743,85.90623029950721,76,24,61.25923346550297,3,5,2,0,1,8,59.46686248943959,50.23708286804694,MEDIUM
22127,819.8177426515996,6121,31,2,12,14,13,13,77,54.18449753442811,197.33245740191646,50,50,394.3094660790208,4,6,10,5,1,1,14.907283182648408,3.479242675114106,LOW
39810,454.9771234553007,3893,428,36,88,3,8,7,9155,51.78913752628394,29.13178420972259,37,63,261.8703522288912,6,7,7,6,7,8,32.60379026193687,58.36038510980716,MEDIUM
9406,101.12449578601432,1917,25,2,4,3,5,1,386,98.51141696041296,90.50169887993204,30,70,181.6916230828806,7,7,3,7,1,9,7.900855233386488,11.740627404610173,LOW
37414,833.9314038308637,5665,542,107,238,9,10,6,10185,128.4652451505291,68.35849053609091,35,65,355.27769033926376,7,8,7,5,7,8,5.481445527145534,69.15648442663634,HIGH
45314,4619.571513802773,2731,803,22,45,8,0,5,15364,93.33333175203231,181.9667434437702,13,87,277.79189678135714,10,7,7,9,4,10,50.9828782222888,89.35654460471005,CRITICAL
45879,5247.977968319318,6277,558,30,33,6,6,5,11267,128.71008190377478,175.1746205023975,60,40,139.48688594280608,3,5,3,4,8,8,65.77462404134175,56.380898242739654,MEDIUM
13576,228.0713294249548,1578,227,49,101,2,2,3,5355,43.366581222749346,55.162764458183474,19,81,353.6342786305847,7,8,9,9,8,9,70.1106494422805,42.83424657085205,MEDIUM
49792,1176.4195728204206,11030,515,202,378,6,2,4,8475,80.32776894092227,25.42567953958192,35,65,266.64618272781394,8,7,6,5,7,9,19.838344327363952,85.9259041120272,CRITICAL
38150,4940.442339598463,10956,108,63,78,8,12,10,5163,70.32779816472602,129.15629487161232,50,50,279.5349423176878,5,5,6,5,8,3,14.926650942941777,15.959384033666138,LOW
47381,784.3370661362113,5544,826,5,7,4,4,4,787,6.688510427948952,73.91005525790484,16,84,358.5559552344105,8,8,9,9,6,9,40.55572192487795,90.69418407402155,CRITICAL
46913,7723.9052810623325,11862,92,1,7,8,11,9,528,85.73776075540732,137.696034215152,88,12,179.3664831876221,3,1,2,0,7,2,14.861495225231295,0.5631440667037673,LOW
6512,81.6036664059503,415,42,14,19,10,5,8,671,100.92102700119536,16.10275365288475,46,54,262.76164238390265,6,4,6,6,5,5,21.65735693987763,12.26218415540895,LOW
7651,224.29637060930622,1411,12,4,8,12,12,13,454,90.82758864076516,35.34585468372299,54,46,297.87560865511216,4,6,7,4,8,2,60.36168260060882,15.853646153301767,LOW
28711,3253.5516498801917,1941,375,87,286,5,4,2,464,111.76058532359612,140.41072422680224,37,63,181.5760232523126,7,6,4,6,1,10,58.44809423808449,64.84121445729564,HIGH
27617,453.5298133734506,7829,324,91,223,4,8,10,6268,87.84423162569618,50.35042450747458,65,35,33.38084629511737,1,4,0,5,2,8,64.4977391627533,47.3063705836533,MEDIUM
36878,862.037945332915,8909,94,11,50,10,13,10,1133,14.678786953359753,172.9416583948563,52,48,308.5759076377443,4,4,6,6,1,2,34.98041131738518,18.80407665449381,LOW
43152,442.534510179812,9255,46,3,7,14,13,9,1914,21.884600992283158,21.132268664925732,100,0,19.126541097344727,0,0,0,0,5,1,40.83212995908267,5.512131028248336,LOW
7394,130.40823594685293,1892,34,0,1,5,4,5,1380,91.4888137438731,50.941576729259175,36,64,287.1657606890953,9,7,7,4,2,7,55.59714983363304,15.382447574436211,LOW
13967,448.41160168898443,2959,92,1,3,11,5,12,2052,44.87198283617783,199.72644721216304,30,70,364.3500834098212,6,8,10,7,10,5,17.607485618051328,13.086101952288297,LOW
31510,435.2408800524645,9208,402,130,196,8,5,4,10428,16.548543710041045,92.2844594914906,49,51,138.7875993480074,5,4,2,6,0,7,59.351191776708575,60.796337509485646,HIGH
49757,1615.920360774097,11368,33,0,0,6,7,9,11406,67.29239780003928,143.56347607348226,52,48,40.82471405513073,4,4,0,6,3,6,1.7553598077702945,6.086437837564512,LOW
43141,474.5822087534173,12129,30,11,17,14,10,11,1890,85.37677672213003,44.7059792828326,91,9,93.14559591633645,2,1,3,0,4,2,57.532682050045665,11.928031349086332,LOW
12789,315.0109617747186,2292,29,11,16,7,8,4,2134,52.66816831069295,125.87505964725217,50,50,224.91262565015697,6,4,6,5,10,7,55.97741827145425,13.220761104170995,LOW
45476,794.513899154782,3604,758,42,48,3,2,6,13259,109.4628868227378,147.9601529901895,3,97,377.06389724243456,10,9,8,10,3,9,22.07726641374541,89.37273293646389,CRITICAL
44096,4497.551938412375,8027,0,0,0,13,14,13,0,98.34673817468047,69.750560814637,79,21,204.9130919544467,1,2,5,3,5,0,52.54573360851851,0.0,LOW
23671,520.4531696883686,1934,0,0,0,13,14,14,0,53.25866235829243,167.49045127541677,94,6,45.094915278678506,2,0,1,0,2,0,15.800543412658255,3.9243818929106893,LOW
35405,421.114425029094,7014,384,89,277,3,3,5,4958,114.45651669174129,124.64933990973383,46,54,251.1132694865352,8,6,6,3,9,9,41.7006335922523,60.948252094743246,HIGH
21329,261.58793044535685,3639,145,41,104,4,7,9,5810,99.06078116729014,83.93337182685573,51,49,293.13797471517654,5,6,6,4,5,7,50.59195440651774,16.699915512662976,LOW
34554,1313.3278021726937,7105,443,41,69,8,1,5,3556,97.4295799140958,115.95205473520012,72,28,157.3134679971164,5,3,3,1,9,8,51.60097009178338,47.797855078061964,MEDIUM
48978,1849.79617684025,2571,178,26,54,4,3,7,2881,85.24701661412486,119.58456101282562,45,55,288.6056257381658,5,8,6,4,0,9,70.77986215409872,33.45725895157485,LOW
44639,540.1359745756168,4406,184,5,19,7,7,9,2444,6.651501872840155,41.45170561183454,56,44,129.9291260556759,4,4,3,5,5,5,13.513404821964961,23.590998258837164,LOW
49213,526.9743338584256,8505,194,51,120,8,11,11,6682,105.99354160414892,86.51915027472357,44,56,315.63606063856537,6,6,7,5,7,4,34.87710196567488,29.541197994881387,LOW
30234,2150.464591820837,8696,20,7,8,13,11,14,928,59.52605971082769,75.2518117237037,80,20,136.4288638280276,1,3,3,2,9,1,63.42747491309994,7.764905199291022,LOW
7552,158.13861884821017,1101,60,21,44,4,2,1,2599,141.67840797300505,86.17151729003395,29,71,102.44283664025038,7,6,1,8,7,10,40.64815133400506,90.0,CRITICAL
4154,112.09408109171467,648,8,0,1,4,2,8,534,123.60779180619478,154.611011812199,43,57,351.67256235663,8,7,7,3,0,8,63.161815317822445,7.688750388958267,LOW
23986,273.4525420420154,5484,57,6,31,8,13,10,5401,90.21569808204028,101.6822974186678,28,72,219.38936847015847,7,5,8,9,6,5,31.5352025835448,11.826520900483583,LOW
19243,1487.684423566109,3866,99,60,78,4,8,6,3042,41.566387363794064,188.66006911546023,48,52,114.0625154966739,3,5,3,7,9,7,57.36762661059118,25.78751184948667,LOW
48868,1950.276136445486,6095,630,177,335,5,5,4,10041,34.53902202526166,65.79851853810288,26,74,374.03475585882694,9,9,10,5,9,8,62.708524879467525,100.0,CRITICAL
24989,326.71982677083565,3815,89,1,4,6,5,9,9483,54.355801463244624,88.98367987413651,23,77,276.3404701864197,7,8,5,8,3,8,61.02041493430879,18.70224659778009,LOW
9136,925.3598755322622,954,48,21,22,10,7,7,3131,74.10235181910268,159.52179399101786,58,42,88.28015986222688,3,3,3,6,5,7,62.80260068583849,17.70783752876129,LOW
6941,134.01978348079166,2023,13,0,1,5,8,3,2066,47.92949895564733,113.74467273094255,49,51,245.85694183711223,7,6,5,3,5,9,16.198160807417196,7.906126343745567,LOW
25111,534.2746826483022,2075,203,3,4,9,6,3,8303,79.66477683191,113.93534782064508,35,65,348.1435325156098,8,7,9,5,4,7,31.887365338994382,35.353273728904455,MEDIUM
42935,1167.7238144675346,6137,108,27,28,14,11,11,2324,28.97871169941196,20.13463097098487,56,44,278.46125701602296,4,4,7,5,9,2,12.98188878067987,14.795293617352993,LOW
12649,297.7330254234518,714,44,4,9,13,12,14,388,146.7683578596975,85.73393591650661,73,27,97.90366030405218,2,3,3,3,8,2,13.408694187147615,0.0,LOW
35066,633.596678821136,3697,58,27,36,11,13,13,552,20.64906046992411,61.43940916012917,60,40,259.53933147780594,4,4,6,4,10,1,35.37965251136177,14.428839356082754,LOW
42868,2108.618439329846,10507,0,0,0,14,12,14,0,140.13190024988396,199.87367333791192,64,36,247.66374908808032,4,4,5,3,9,0,69.14627446171171,4.308748131270952,LOW
22175,373.6964328567285,2224,23,9,13,10,11,10,2012,137.46881165339076,68.58746342013896,60,40,328.33746543147544,4,4,8,4,7,3,42.8216584005296,10.863185169207531,LOW
5995,73.5437798412835,419,2,0,0,11,14,9,131,81.1772698638272,178.05434161083406,97,3,71.25303879867992,0,1,2,0,5,1,61.549924405754,15.898207005991177,LOW
43168,559.0602707520007,7278,83,0,0,13,10,14,1907,110.11198941623223,138.48440965769072,82,18,279.853866800544,3,3,6,0,3,1,67.50865560837546,12.49168277717183,LOW
14173,722.3570520775131,743,195,2,4,5,1,1,3023,68.22700320602523,74.77411774649718,74,26,10.94827685348081,4,2,0,2,3,10,6.690138158781099,27.461588556214224,LOW
11630,606.4019056105933,827,21,0,3,4,4,2,1589,96.35501374365354,113.2715318910835,33,67,278.47012025430706,9,8,5,4,8,10,12.087575297837681,14.90421355558874,LOW
23168,760.1906595716907,5836,33,5,9,8,8,8,36,54.38351092606221,169.70181719034682,47,53,384.1749215754228,5,6,8,5,3,4,21.295187282731025,9.556669560875259,LOW
15722,400.0295251162162,3818,48,14,23,11,14,10,2288,48.668057868889576,177.83997662587325,94,6,69.75530649984698,1,1,2,0,6,3,44.599560361497495,5.919729868232788,LOW
24169,551.7623308344658,6737,0,0,0,14,14,9,0,88.84331899457949,40.47483625116759,97,3,124.51990912760355,1,0,3,0,5,0,4.913639122470532,0.0,LOW
34568,496.87201473842293,9113,449,35,127,6,9,3,8511,77.22880275667715,74.51889682955223,38,62,233.14862881142048,8,6,6,5,1,8,56.74579745495197,51.29183299416387,MEDIUM
23753,2287.3202715887737,5244,84,1,3,9,8,12,2959,89.03277352674726,73.69240424057861,45,55,292.9580183429023,7,6,9,4,4,3,5.06089325996868,13.914700553515077,LOW
9935,1197.8673160934059,626,50,4,7,9,12,9,1610,46.56578428661833,17.98851125442949,84,16,137.74855616181375,2,2,4,1,2,4,11.827874240882098,8.012181738232119,LOW
29052,687.9224656063815,7138,170,88,122,10,8,10,8121,58.20888561346431,123.66517437186035,53,47,265.70359085605503,4,5,6,5,8,6,27.792112288168433,27.469472795350267,LOW
37884,531.8504433766003,9902,22,2,12,14,12,10,731,17.16520429119185,172.41581006851573,46,54,359.71151701453323,4,6,8,6,9,1,40.37696975033397,4.9458897669896755,LOW
16893,722.6532166768086,4219,144,57,91,10,5,6,3280,12.58007397946983,82.49913368684838,22,78,290.6235148897048,7,7,7,9,0,7,63.52758418673388,32.48110849597074,LOW
11117,168.58517996781725,1969,162,13,16,2,2,7,548,41.75128380258736,150.60682954699362,27,73,284.40908704089765,8,7,6,7,9,10,69.40667916971852,32.07571099548031,LOW
39020,1314.5273451455082,4222,31,0,3,11,10,14,1883,15.765794602929134,129.2630785841406,80,20,152.78826336664636,2,2,3,2,3,1,63.75191186920384,2.493383354186103,LOW
10352,116.08220711442333,2705,109,4,9,4,2,5,5099,20.047332752037402,81.37325974367016,12,88,364.57172353528034,10,10,10,7,3,10,8.153693024471764,21.603408705623252,LOW
31901,354.0993131337251,7394,486,153,333,5,2,6,11327,122.87461878212088,36.801361903536446,57,43,110.9291767844311,5,4,3,4,8,9,45.632908195706754,61.69121097436003,HIGH
6795,204.40833478415058,2005,10,0,1,12,13,10,617,10.636686067419948,144.77153202743378,81,19,82.11214264788028,3,2,3,1,0,4,32.08259190658536,10.92087367588582,LOW
36493,1359.1734263494388,3245,41,7,21,12,13,13,906,100.5467051205377,172.3673820988357,80,20,145.68957349060153,2,2,4,2,1,1,9.494143594954817,4.050161216367051,LOW
34584,784.6824940830767,3680,26,4,10,14,12,10,752,44.52087357823307,140.31235355628345,67,33,260.0624882953976,3,4,5,3,0,1,40.19053454455628,4.707646777912973,LOW
45605,1637.4930083990325,4695,196,78,85,9,7,8,2006,131.37412370267833,13.396911966615432,44,56,344.6711944778027,6,6,8,5,0,3,26.001068849358102,34.24105465721829,LOW
40075,581.838802766952,9944,16,0,2,9,12,6,3172,75.32388126373743,51.08424993428834,94,6,52.83151293892683,0,2,1,0,0,3,25.223830509689083,6.636768309798389,LOW
36951,442.65340697988063,3574,355,112,180,4,3,3,691,49.30858660253473,23.201197127871062,29,71,325.5208709040652,7,6,8,8,2,7,7.252825987851203,57.938271145379325,MEDIUM
7727,112.07687030249082,515,11,0,0,8,8,7,1916,80.057645674968,118.37335891948308,41,59,325.12935786759806,6,7,9,5,10,5,70.4879870454561,11.37909295650168,LOW
32410,389.0135539223881,9711,65,50,51,6,6,7,6184,60.38391276156398,153.73075897967834,21,79,234.76774263603443,7,6,5,10,3,9,52.40613286600314,29.491211225376475,LOW
36541,855.4755233236091,2053,377,6,8,6,9,5,11860,86.82365437712538,31.010045543045294,49,51,304.25917583121026,6,7,7,3,9,7,20.543896110839952,40.00300447000546,MEDIUM
23884,1203.2173792515928,6181,188,4,7,6,6,11,5189,21.607265907320496,169.2841859127432,59,41,72.75227926063495,4,3,0,5,1,6,66.09947374248138,23.778987078403922,LOW
645,8.587937954560896,91,10,0,2,7,6,4,84,149.5636229078199,115.54670589514181,63,37,67.83440032828535,5,6,0,1,0,9,68.28823453760998,11.399227259803546,LOW
38278,975.3579802100968,9967,124,21,82,11,11,13,1274,66.70560226602404,141.09411230692774,54,46,345.1200136514908,5,5,8,4,4,3,58.44180129714355,16.911319940967143,LOW
16535,240.4365983242543,3119,18,1,3,12,12,9,823,55.49344275756846,194.56635123564277,88,12,199.25937489382676,2,2,5,0,5,1,47.64103423395695,3.2908082719789524,LOW
3540,115.26749005813335,974,40,6,15,5,5,5,1093,107.98042800585841,25.899387767062493,60,40,98.37488570113963,4,4,3,4,1,8,27.41092831016508,13.082760257855231,LOW
42922,3375.21611858349,12084,30,0,0,13,9,13,535,57.76541394182321,181.23256436577995,56,44,275.4921430425295,3,5,7,5,2,1,31.55577530418027,4.547642210043361,LOW
26660,268.49214314639926,1393,0,0,0,12,13,14,0,125.82477422916986,33.95951223760777,44,56,356.7500667736884,3,5,8,8,9,0,33.03330462055742,2.5891792073376245,LOW
18133,914.0011626704727,1248,68,28,33,8,8,7,4423,70.86925503226166,84.66217326096962,51,49,252.92905837769993,5,6,5,4,2,7,68.3365298361489,13.756701892073195,LOW
29844,301.7593698872253,3360,148,9,23,0,6,6,4069,109.33596992348807,171.77335230291172,51,49,138.9380171760069,5,6,3,4,1,9,54.84962423575629,21.357442857039654,LOW
17514,179.00362572495536,3806,103,37,57,7,2,6,1550,20.580716384073547,182.18830498019497,29,71,193.29510611720582,6,7,4,8,3,8,21.379022688592194,32.009110850539884,LOW
15496,192.7058309283435,4215,0,0,0,13,14,14,0,127.6872819054912,106.21061797357761,67,33,300.90778437813583,4,3,8,3,4,0,45.16180196726607,0.0,LOW
49604,733.2968731106213,8183,484,194,329,9,6,9,10108,111.67910808282593,122.87988127233078,78,22,27.000491548955008,3,3,2,1,7,6,42.96388837514446,58.652934464441344,MEDIUM
42121,703.2864530083414,8497,79,6,8,12,12,14,1013,35.698932876985026,144.54799357372588,91,9,86.8658063825769,1,2,1,0,5,1,58.56708045039242,8.2596349094526,LOW
12195,139.7232968463137,1184,121,13,44,11,8,7,2873,26.066471413139062,168.2241470060157,68,32,185.03327465977887,4,4,4,2,8,5,7.314550312752677,13.493870106279916,LOW
3352,103.14876196160756,842,30,17,22,1,1,3,1139,50.862390565215534,33.08712221215657,43,57,241.69638563883947,9,6,4,3,2,10,50.640918793525,17.53692538046535,LOW
16514,334.09053517379186,4819,35,20,21,11,9,8,2950,146.53023497462613,163.91316856355326,65,35,135.6662364169298,3,2,3,5,9,4,24.178643583254317,13.877805053688833,LOW
27542,431.40847224481837,3226,0,0,0,13,12,14,0,42.2405783122235,101.44246859720718,83,17,119.35636874795227,1,2,2,2,8,0,9.76869091093582,0.0,LOW
34255,777.407938289601,5950,60,11,24,13,12,12,508,71.13844529726182,95.61845077055212,97,3,16.553678279888516,1,0,3,0,10,1,52.82179317197585,0.0,LOW
40890,896.4900774677594,2924,40,7,29,14,13,14,213,9.352932729013766,90.54095287942967,92,8,13.040708820579017,0,0,0,2,10,1,24.212690706592014,9.354328289745084,LOW
24211,665.5571131860801,4594,231,57,81,10,4,3,3318,62.597991787103716,106.7502011967481,50,50,111.47794172113024,6,4,2,5,3,9,52.70384767245436,33.60372502874075,LOW
26622,454.2846616150792,4677,85,35,56,2,6,2,11641,87.8414022377999,189.55960514497468,44,56,212.2024400358172,5,7,4,5,7,9,12.11424192936027,28.41653784544092,LOW
9660,112.58140278555418,831,43,3,17,8,11,7,2325,143.20306881365494,114.15871683050881,43,57,222.54859857816461,6,5,5,6,9,5,70.9938394501084,11.28926413655168,LOW
27713,1147.7645533550638,4448,231,15,19,7,2,5,10536,79.92672651630934,191.10373226999644,44,56,197.61099714674754,6,6,4,5,6,10,57.94367312115102,39.16212425140637,MEDIUM
39920,425.71734289756495,5330,0,0,0,14,13,12,0,123.77056229576473,44.25512481697171,94,6,163.95227360113373,1,1,4,0,6,0,21.17435269873549,0.0,LOW
7921,112.41308529293565,1429,141,4,5,4,3,3,3092,84.33350817249058,147.5858359782003,41,59,100.91663570452832,7,6,2,5,8,10,53.447484165426296,23.743948381064293,LOW
21900,263.186499255432,4301,13,1,2,11,11,14,1818,10.913826948150124,164.32551233566195,67,33,160.27777263711286,3,4,4,3,9,3,10.209691116815215,7.123056276710699,LOW
34037,588.4873587131555,1774,596,239,426,5,5,2,53,50.67619990251723,139.03447795362376,65,35,55.5039861542054,5,4,0,2,1,9,47.220777830067114,89.71810310736264,CRITICAL
18227,230.5636656595603,4379,21,9,10,1,6,6,4570,88.45467863550998,125.31523324304267,43,57,46.10369161041472,6,5,2,6,4,10,4.764035826334879,20.539595669715368,LOW
47382,7246.020260386326,10815,359,110,212,13,13,8,5675,142.83612506001302,117.31442840637463,52,48,119.97730272551657,5,3,2,6,2,4,24.337203373337008,36.881399666690406,MEDIUM
4858,58.70968699220885,687,5,1,2,12,11,12,64,129.57390216392884,173.57679168995224,51,49,398.13951857088784,5,6,8,4,6,1,70.46007199051488,0.0,LOW
28982,3288.4795057546044,1832,41,8,12,11,11,10,294,38.11156405593291,166.112853461255,88,12,130.5987790065594,2,2,3,0,2,1,9.145806755880768,0.28901139867465186,LOW
32617,364.2657468706696,7786,89,7,15,6,8,9,2679,36.91592535277871,33.23485702431391,34,66,374.58255614204205,7,7,9,6,4,6,43.21581831953067,12.498331409795917,LOW
23664,238.4607407849818,6834,190,37,140,6,5,9,4427,34.17008023151561,171.23165483586683,65,35,156.9048583070776,4,5,2,2,4,6,5.548285096563799,20.817307405338216,LOW
32410,984.0174164620203,3566,287,25,118,8,8,7,1183,138.76233996386296,88.67303769368407,67,33,175.60399647984374,3,4,5,3,1,5,48.362186624349405,28.317882093857175,LOW
32996,1320.8828186435194,4318,0,0,0,13,13,14,0,128.6365921997495,58.20239769920405,74,26,318.8251532808918,2,4,7,2,10,0,20.424343936679044,1.7606536286837904,LOW
44811,576.6474976292312,4299,30,13,23,12,7,9,1894,117.35809767667757,175.25602792264593,91,9,37.45533097898268,1,2,0,0,0,2,22.663255504218032,8.29512410443227,LOW
29871,1028.704177151852,5801,161,42,49,9,8,7,4221,61.946591562513,92.0847119304109,69,31,72.9253294374558,5,4,1,1,5,8,24.652881273608077,20.736506909110005,LOW
38967,446.7236382403977,3456,142,51,97,4,5,3,14154,78.13520212332119,163.58929113359517,0,100,389.5361059900859,10,10,10,10,0,9,15.168712245731058,40.39463134946281,MEDIUM
18125,1227.1457845917716,2520,0,0,0,14,14,14,0,72.32810299529716,60.046686271610454,91,9,202.36693598427786,2,1,3,0,8,0,67.82850303257636,2.205962307090459,LOW
34393,2027.202620602938,7712,47,4,8,14,13,14,650,41.74272559610903,10.746571070221382,75,25,17.723872883452117,2,1,1,4,9,1,65.26697673126753,6.595619053696697,LOW
11293,115.21188928932229,2145,40,1,3,6,7,4,3470,78.2290666915712,104.13724665155944,73,27,18.952293222420202,2,3,0,3,4,7,62.7060889438482,10.543222688003928,LOW
31507,456.5259593883137,4619,258,54,201,7,8,10,3480,9.421999438649397,29.04336876214801,21,79,362.8962735109571,7,10,9,7,0,6,8.11085659239534,39.3261731623423,MEDIUM
26266,307.3690171773389,4072,365,36,124,7,8,4,9025,24.11250415713158,153.33143154973283,14,86,349.34603582348706,8,10,7,8,7,8,17.191305953232927,46.547706211122815,MEDIUM
40032,1117.8597322691887,7627,482,0,0,4,4,9,9082,133.55549144449722,62.45427585318797,44,56,183.35964277804004,5,7,3,5,0,9,44.274148940790795,51.66751546337441,MEDIUM
12823,185.12701913981243,659,12,0,4,11,12,10,400,113.99356621955637,94.29267285466095,97,3,65.28883437783949,0,1,3,0,3,3,69.88152659937268,1.3568800856351242,LOW
46299,753.4053649810984,3223,165,30,81,10,8,8,4255,66.31591931356763,26.536377367395307,46,54,332.1138425449919,5,5,7,6,6,3,43.744442834784905,24.505394451051338,LOW
47320,759.5595666424446,12791,240,123,149,5,6,8,4050,79.9868025311622,64.465257204978,59,41,129.8400429118602,4,3,3,5,3,6,23.88777595975077,40.487841814009556,MEDIUM
45908,657.3255490828236,3189,0,0,0,13,13,13,0,58.649838464196726,158.48314621912868,80,20,167.62335946523814,1,3,3,2,4,0,58.94439395295433,0.5433101371889588,LOW
8343,139.84449984525483,1891,52,10,38,4,5,1,324,112.41308073829751,38.80170326144069,20,80,272.9905516197272,8,8,7,8,6,9,10.183284317819004,15.791484546861517,LOW
14710,321.45329171290217,4118,219,157,164,7,5,3,1422,118.70714098865155,132.9603166141219,53,47,141.3593413630618,5,4,3,5,3,8,63.544544667007315,51.0293116276802,MEDIUM
16956,543.2411781422144,1995,25,0,0,14,11,14,624,115.67635257945807,184.3109120328552,77,23,251.4679706793172,2,3,6,2,4,1,70.18939049354634,4.03703480769485,LOW
31867,408.47154402396194,4544,0,0,0,13,14,14,0,109.7787001009952,139.16898435396686,57,43,354.1130841770337,4,5,9,4,6,0,69.68716475740446,1.0589063001527634,LOW
10606,400.2886358042645,2038,63,2,11,11,11,8,2741,34.653129110455396,164.0941209655231,40,60,318.94930750979097,6,6,7,6,0,6,11.060304284229371,13.856482936045316,LOW
38457,543.3801289543665,10399,135,13,20,9,7,8,2597,54.005646989869426,30.704609567744,65,35,152.64442954686416,6,3,4,2,2,5,39.79693673831636,23.647839951444045,LOW
2972,109.39896837382204,848,11,4,7,13,10,12,196,73.12758807263286,57.639046940390344,85,15,115.17462188149392,2,3,4,0,0,2,42.32171061960624,3.676977935329649,LOW
7204,111.85229708048001,1692,0,0,0,14,13,14,0,52.96498375701007,179.9623819257123,78,22,114.2041794958236,0,2,3,4,2,0,14.436679215049967,2.712951213838759,LOW
4213,55.45432338820556,301,11,3,8,10,11,11,524,114.4663290229577,145.87006658743695,57,43,139.43646015063322,5,4,2,4,10,4,39.59458032672165,10.947901204749929,LOW
5551,215.34016915597786,1206,38,0,1,4,3,7,2216,52.75626101624343,131.51522701168912,40,60,197.4067946899089,7,5,3,6,1,9,46.727436539074766,10.012756643071684,LOW
11256,1052.4924452744885,1717,41,17,26,10,8,13,69,25.04365258387389,136.115679863123,84,16,166.63899227757724,3,1,4,1,4,3,24.02076474941474,14.439822067866533,LOW
2975,170.56035817771527,498,12,0,1,8,9,8,586,62.86086554700409,88.69810531788225,90,10,53.20160839506314,1,1,0,1,9,4,23.07117480496093,0.0,LOW
36878,589.3905994707542,2297,0,0,0,11,14,14,0,147.08759275344514,18.465760007354113,97,3,65.38234333356331,1,0,0,0,4,0,4.807052734125595,0.29647707576120835,LOW
4755,55.48592516570786,464,0,0,0,14,14,14,0,37.752804875368504,159.0438929934385,94,6,137.17184375927337,0,2,4,0,9,0,68.9130275345949,5.1237631927994265,LOW
14984,1615.5782077157633,3710,44,6,13,11,10,12,2071,93.76300554676821,138.95551488091724,58,42,224.82564002354292,5,5,5,3,8,4,57.9585388526408,15.738886575869575,LOW
35003,468.3028324825914,5722,234,85,91,10,9,8,6740,67.78109222675741,99.83284818141769,53,47,237.0655800533979,5,4,8,5,7,5,54.8006128596693,37.03797329680787,MEDIUM
8758,234.01299925191174,1098,29,5,21,10,10,8,1742,15.298562309152361,180.9543269199689,58,42,194.482825958652,5,5,4,3,2,4,2.057192775842346,7.166204914410551,LOW
41247,817.4165772375029,6022,58,29,30,14,12,10,1588,75.74210786971862,73.87033634716877,82,18,295.5103524830058,1,5,6,0,0,1,45.138100978335004,16.242581131720165,LOW
35696,382.8331784141111,9409,390,32,90,5,4,6,5020,106.81382765400531,65.92113140393482,44,56,294.89951550269467,6,6,7,5,4,8,13.414940285240558,36.82483838441828,MEDIUM
45613,1248.3957161943547,10821,194,13,26,7,7,10,5600,79.41689649503373,175.83130176509414,82,18,171.05098867495542,3,3,4,0,10,4,47.81280348832873,13.264242830440303,LOW
40694,826.996012459184,4805,585,46,196,7,5,3,6855,131.45537924325424,161.42765440420723,64,36,49.77632430437771,4,4,1,3,2,10,44.91261760474292,50.57587259864322,MEDIUM
9033,1433.8483509970533,716,88,20,31,3,5,4,4381,46.895867415349485,107.84616402318551,12,88,212.06990790684927,8,8,5,10,4,10,61.41266307296965,24.77942022032277,LOW
33081,2594.2060425237105,3738,42,11,20,6,8,9,5955,17.506129839074916,34.839600496991494,75,25,152.58762559753305,3,4,7,1,8,4,18.76353781500827,4.868368240375631,LOW
5749,194.44500053678547,1610,23,2,4,7,6,2,1468,140.8020136904109,50.86357957835997,56,44,55.16919590548133,4,4,3,5,10,9,2.4635171952290538,17.60978284675948,LOW
19701,2576.6538909940377,3849,89,34,54,3,8,4,6156,59.83847068159176,134.68331817767324,15,85,392.7268839859357,7,8,10,10,0,8,65.85892787537865,36.60765816403229,MEDIUM
10186,156.75434246130254,1867,4,0,0,13,13,12,926,88.57880496077684,83.15783518967821,65,35,147.9021557120409,1,4,2,5,0,2,65.46747603630708,6.070637971358291,LOW
47377,1041.0732731726678,9432,275,97,123,11,10,11,2308,119.84045328887842,168.92990641653452,54,46,250.31913584849238,5,5,6,4,8,4,33.093957184986294,42.6542873147845,MEDIUM
32507,569.56087153399,4599,103,11,51,8,6,12,3767,52.025481261959186,190.49145177311877,65,35,196.05154453463865,4,5,5,2,2,4,6.08329621328935,15.028105331026913,LOW
1161,53.771203130145025,292,0,0,0,11,13,14,27,108.84385803575361,163.07101580223446,80,20,57.13131168670644,2,2,2,2,9,1,36.104782701665656,2.060865246342453,LOW
45343,1369.318900085255,8198,751,144,496,4,3,2,17493,24.635733223585063,81.73363036915586,47,53,22.21744934902823,7,4,1,5,4,10,37.967016785539755,94.87796972842074,CRITICAL
30637,450.12493806366547,2426,128,34,63,12,13,11,1742,47.23759334479826,159.85042155397056,56,44,250.30776603278358,4,4,5,5,8,3,59.25337123179183,21.937731463537432,LOW
48056,496.9403529264613,3953,460,197,237,6,1,3,17035,25.983042239795388,76.77391795942985,60,40,98.80874813915423,4,4,2,4,10,10,51.772753272182975,76.20753552511053,HIGH
43328,4425.924328163218,7981,247,30,98,4,2,0,8730,122.62843096819688,41.74901667547044,53,47,97.461599845486,6,3,1,5,4,10,5.562527178894202,90.0,CRITICAL
49104,548.1182349465109,13952,19,12,13,13,13,9,272,37.28413910788388,16.344708924512904,55,45,382.79047588412425,7,4,10,3,2,1,50.93163918078983,8.007651731490508,LOW
11026,184.36981985824508,1401,42,20,23,11,11,9,236,109.02351553375549,83.28617542459381,46,54,184.70932172451654,5,5,5,6,8,4,10.205371999987008,10.024225560484258,LOW
3874,66.14041292863848,1035,62,9,18,5,3,4,207,141.7782676006196,181.67626770248356,85,15,11.770426600275696,4,1,0,0,6,9,6.897249934038351,5.163000604308421,LOW
26092,496.74011118177646,6288,11,0,2,12,13,14,42,81.52697031498717,55.407451673578535,88,12,135.9370860599227,1,3,3,0,6,1,29.000409897594515,2.047292702902211,LOW
29482,2543.209598429953,3300,313,14,17,2,6,3,7070,83.30423287779972,49.23750133665896,23,77,233.79661690089065,8,7,5,8,7,9,6.031497888643551,41.74345972121655,MEDIUM
707,52.222210485811225,41,10,0,1,5,6,5,190,71.84986737418275,194.26594919579767,42,58,131.42696740684832,6,4,2,7,10,8,59.79273305562729,8.241042794830172,LOW
35933,578.7557466284741,2711,423,113,335,5,4,6,2049,52.254070792078195,14.750781441612503,56,44,10.740781613656925,5,3,1,5,4,9,33.61373672797779,54.287997468429715,MEDIUM
23697,633.7610456472903,5500,110,32,35,10,7,8,3624,73.96997948411298,159.29860857481333,57,43,177.72450618669416,4,5,4,4,1,5,42.47076852984142,22.106507384998288,LOW
33900,367.9165230233522,3387,346,230,248,8,6,4,7092,92.40709217868012,71.06029159076536,67,33,42.36253446991114,4,3,0,3,10,7,41.745813430551244,67.92114355141818,HIGH
3583,82.12973228946898,511,47,3,6,5,5,1,210,147.9687779647456,17.122711805235273,38,62,247.66400986508174,6,8,5,5,8,8,70.43484972402203,13.437433988717727,LOW
29828,1602.6444749906404,5232,255,72,86,6,7,10,4218,140.9758611011425,184.3824826398209,44,56,247.83484008907521,7,5,7,5,2,7,65.97844924666086,37.5113226241509,MEDIUM
46979,644.4458508794903,10869,330,140,253,10,9,12,7095,130.01217895250267,36.53204273982088,94,6,15.103655839360286,0,2,0,0,10,4,61.212656203153834,39.92454027845729,MEDIUM
43391,1320.1363293447416,3397,187,8,13,8,10,10,145,133.92392767720446,114.83806390788213,75,25,116.2665046397509,1,2,2,4,1,4,27.90374972428914,11.033873140920239,LOW
20603,375.1478577545384,3123,172,36,81,8,9,8,756,72.83813157734623,62.07029941161408,61,39,165.47450549560153,3,2,3,6,9,5,10.874628586106363,21.11059925354408,LOW
40391,566.5404530737321,6917,0,0,0,14,11,10,0,100.3294274407324,22.3866324150913,88,12,220.10563914367117,2,2,5,0,9,0,42.81849067925589,0.0,LOW
11254,124.31912445333732,2084,118,70,89,5,3,1,4127,134.78467482575104,19.485272276042025,69,31,118.42537188327805,4,5,3,1,4,10,31.982599370369734,90.0,CRITICAL
34947,435.432340752702,8897,305,41,206,8,7,11,5676,61.97786092374619,31.955772778904368,55,45,115.09860502055926,3,4,3,6,7,7,16.625155647502787,34.4389740618983,LOW
16401,236.82283493013628,1523,20,8,13,12,14,13,516,144.45555936009296,23.55973263898221,55,45,393.20606250010377,6,5,8,3,2,1,7.48498624116992,6.224033580595544,LOW
33504,481.62045045557716,8441,265,123,138,10,13,12,7087,65.28897900003153,154.50604194878537,75,25,16.74511828835996,2,1,0,4,5,5,31.680670758908544,40.50705507206078,MEDIUM
7946,83.76304041608162,1773,105,6,18,5,1,8,2677,92.15698648201626,102.25757843385155,16,84,395.61816563646073,8,8,8,9,8,8,47.03704200298346,33.48860575825796,LOW
37711,1139.191930485729,7126,11,2,6,13,7,10,1224,107.92168342449393,75.14949735630614,97,3,19.10077643135861,1,0,1,0,1,2,45.21537168221226,3.370389927227099,LOW
48731,9544.526168999833,10958,72,37,56,13,11,12,1197,142.83584189601106,89.49009292508136,76,24,115.33657111787434,3,1,3,3,7,1,55.835382947207954,11.786628372125351,LOW
29801,966.4452660887619,4559,426,71,179,5,7,1,8556,40.46935973757858,186.49987975879841,34,66,197.47634198774003,7,7,6,6,9,9,33.858655825091624,90.0,CRITICAL
26616,1035.6548757612256,2251,152,27,31,5,4,12,382,113.18899184460312,183.04284442024797,70,30,57.31933720573008,2,4,0,3,6,4,23.49722963112895,22.004268649955613,LOW
41823,616.1832811796316,9052,608,137,278,6,6,4,19778,80.51825999089192,145.97853122328962,46,54,53.93854500748954,5,5,1,6,2,10,39.01707981778787,81.05080714165614,CRITICAL
19252,295.26429032045274,3487,27,9,14,4,5,7,3332,43.94078538999295,178.08965171012068,53,47,102.52508530437834,5,4,2,5,0,8,70.21293327351202,13.376400522473757,LOW
32876,535.62440459007,6898,154,9,25,10,12,5,3048,117.60799177047663,70.73312524164871,22,78,389.4028734294278,7,7,10,9,5,5,3.723973470311675,24.94765144842516,LOW
17169,2623.974702730061,2309,198,26,113,4,11,8,5450,85.07223062520775,82.41077194157374,31,69,152.04674354982566,7,4,4,9,1,7,38.29960493108395,27.026325018453182,LOW
33416,450.1446531845966,9246,438,69,205,8,6,6,1383,100.84120399420298,126.60531455230333,40,60,226.39793530767673,6,6,6,6,2,7,24.042411919862705,50.621647693362256,MEDIUM
13895,388.83024129470806,2735,44,4,21,5,7,10,163,51.820654943795645,128.48892998648017,22,78,281.71656095265854,7,7,4,9,4,6,8.032542082948833,12.522578489654995,LOW
20921,306.8480805086122,1492,100,13,24,9,9,7,2866,74.78472301500273,101.52296922234478,49,51,296.8887342096842,5,4,6,6,10,4,31.578945466433947,23.8593501006426,LOW
26842,463.7930516012807,4360,43,3,5,14,10,9,516,94.51636639326972,86.12499120321112,56,44,275.21638653814193,3,5,6,5,7,1,46.34323529377496,6.132244195426243,LOW
5395,143.6389972639042,1289,74,8,36,4,5,6,1855,63.712068069127376,197.37425920565207,51,49,134.77127727668994,4,7,4,4,1,9,38.26383805793286,17.101128432304634,LOW
11523,647.9148144717882,2863,132,16,61,3,3,6,355,33.76401827791669,166.01348896236763,56,44,44.691130942424984,5,3,1,5,5,9,2.5861176239038826,13.955343895960219,LOW
11199,801.6581329463252,1944,6,0,1,8,11,9,859,144.4378713857191,92.64623759872859,63,37,112.68659013328434,3,4,3,4,0,4,41.9068987109207,2.3101921887711385,LOW
10215,121.61547982173681,2795,90,17,21,8,5,9,721,79.16279330617952,148.18557067551802,65,35,84.11809070780265,4,5,1,2,6,6,17.088184741750823,15.370862470143244,LOW
19669,213.2192544789707,2299,185,35,51,2,5,5,4364,111.41845369171658,61.2167217179673,56,44,54.51092194772671,5,3,0,5,3,6,24.91557368543016,28.483877860585615,LOW
16663,249.70828487642356,2543,245,27,96,0,4,3,1892,64.60184306562843,29.032171985092678,79,21,9.798692700647482,4,3,0,0,0,10,22.822639143027704,35.436579115398715,MEDIUM
6282,423.70821015212005,1725,9,6,7,12,12,10,143,56.49410578372887,76.96189485502072,46,54,374.29033962336564,4,6,8,6,8,1,61.88370150590074,2.0991767985350105,LOW
23141,535.7632490899507,6342,127,71,77,10,9,10,5684,64.03882327773312,86.5648320234449,41,59,368.4137546181353,6,7,8,5,8,6,3.901470760999344,27.823894831630614,LOW
19292,259.82763129489865,4271,191,59,130,11,9,11,4414,64.33351334891921,13.142053666527453,97,3,20.166802252067704,0,1,0,0,10,5,25.381767769694008,17.43419824094371,LOW
49992,632.1461012654541,13235,469,130,189,8,6,7,10837,83.90611681158327,164.81048031082025,85,15,69.23382912816072,3,2,2,0,2,6,28.72936808561881,48.15551394698272,MEDIUM
36085,2223.2464609919257,2605,432,107,181,4,3,0,7744,83.80313114729766,78.24674645394448,65,35,55.80018858511746,6,3,1,2,5,10,44.74664983908398,90.0,CRITICAL
31182,6232.762198092896,8302,409,62,66,8,10,8,6242,77.0873033030164,120.27945149822794,68,32,112.48917376860695,4,4,1,2,6,7,56.9109866662943,34.52839531386293,LOW
48364,665.6846532591746,6294,264,92,152,12,13,10,5003,24.54393881302852,24.053005581481635,94,6,81.62754819149644,0,2,0,0,3,3,52.528057343045624,29.67223621228465,LOW
19380,498.4999124341245,1833,0,0,0,14,14,14,0,76.93094438257701,43.24939746261096,54,46,378.341414959142,4,6,9,4,5,0,54.3124803853508,0.0,LOW
38567,1321.8865345157085,4236,316,67,187,11,6,4,11994,29.520065560994464,179.04180781223639,80,20,33.66817462408154,4,0,2,2,8,7,14.25567166569685,32.71915430299553,LOW
43185,6937.060069246604,6671,332,51,108,6,8,8,14071,23.289689012885948,125.65063029773215,53,47,84.66833080180129,5,4,2,5,9,7,65.68921507278762,40.54447951797064,MEDIUM
18573,329.7268448943715,2094,26,1,2,8,14,11,1505,140.23362901446933,190.55396953239224,91,9,32.28932183316577,2,1,1,0,5,2,30.111630581462205,3.8200287046328847,LOW
36535,425.5216563239281,4754,42,4,5,14,14,9,536,92.71775190641712,199.76250653435022,50,50,392.15413945777453,5,5,9,5,6,2,1.2942957129742112,0.0,LOW
37674,392.53969772708496,3154,161,81,104,10,5,12,5633,100.62605842806472,80.65342191328793,36,64,367.36540363880204,6,6,9,7,5,4,48.26887701906767,27.144737418105592,LOW
25337,431.2991363811668,3142,60,10,12,12,11,10,2063,63.26008219833775,66.77258217582218,70,30,286.6526359061644,5,5,5,0,6,2,43.686200131682824,7.675391881324135,LOW
18326,340.16518436947604,3538,41,6,8,9,12,10,3217,136.8022293276553,173.08765048022838,63,37,170.38921288796533,3,4,3,4,0,4,9.505970908876323,16.39933694167511,LOW
25481,1948.0355725286784,4088,330,173,245,8,4,5,8247,97.49992098905149,199.7361711371163,68,32,76.07125420959702,5,3,1,2,5,7,69.13053378676773,51.63338330157873,MEDIUM
10882,190.43480336376874,1487,0,0,0,14,11,13,0,116.52963108092018,129.63183450416687,94,6,88.59589000805697,0,2,3,0,8,0,40.651856803109126,0.17022231595889048,LOW
4937,120.12746357976029,1168,5,0,0,11,12,13,161,58.44155800901851,161.07673727718924,61,39,177.21600342240458,4,5,4,3,10,1,34.052375021092516,8.18502092887519,LOW
5935,94.69054603096342,1622,5,0,0,14,11,13,2,144.2017227187732,158.53171317490214,72,28,307.2890685345926,4,4,8,1,2,1,28.965738875674663,5.1083559977326685,LOW
